id,name,email,age,cohort,graduation_date,mode
1,***,***,30,Data Engineering,2024-03-31,Online
2,***,***,25,Web development,2024-03-31,Online
3,***,***,40,Data Engineering,2024-03-31,Online
4,***,***,23,Software Engineering,2026-07-09,Online
5,***,***,35,Web development,2023-06-04,Online
6,***,***,45,Data Science,2022-11-21,In-person
7,***,***,33,Machine Learning,2026-07-28,In-person
8,***,***,22,Software Engineering,2027-04-15,Online
9,***,***,37,Web development,2024-01-26,In-person
10,***,***,43,Data Science,2026-03-27,Online
11,***,***,29,Data Engineering,2025-10-17,Online
12,***,***,28,Software Engineering,2026-01-24,Online
13,***,***,35,Machine Learning,2023-06-02,Online
14,***,***,35,Web development,2027-01-30,Online
15,***,***,37,Machine Learning,2025-09-14,In-person
16,***,***,37,Data Engineering,2027-03-10,Online
17,***,***,44,Software Engineering,2024-12-15,Online
18,***,***,45,Machine Learning,2023-09-18,In-person
19,***,***,37,Software Engineering,2027-09-02,Online
20,***,***,41,Data Science,2025-02-25,In-person
21,***,***,28,Data Science,2024-03-08,In-person
22,***,***,33,Web development,2026-03-09,Online
23,***,***,29,Software Engineering,2027-01-22,Online
24,***,***,27,Machine Learning,2024-08-16,Online
25,***,***,31,Data Science,2027-08-11,In-person
26,***,***,26,Machine Learning,2026-08-10,In-person
27,***,***,35,Data Science,2023-04-10,In-person
28,***,***,36,Machine Learning,2023-01-05,Online
29,***,***,24,Data Science,2025-10-21,In-person
30,***,***,28,Web development,2025-07-05,In-person
31,***,***,37,Web development,2026-03-28,In-person
32,***,***,26,Data Engineering,2024-09-12,Online
33,***,***,41,Data Science,2025-07-29,Online
34,***,***,25,Data Science,2027-02-26,In-person
35,***,***,26,Data Engineering,2027-02-07,In-person
36,***,***,37,Data Science,2024-10-11,In-person
37,***,***,38,Machine Learning,2025-02-09,Online
38,***,***,45,Data Engineering,2024-05-22,In-person
39,***,***,40,Web development,2027-09-20,Online
40,***,***,24,Data Science,2025-11-20,In-person
41,***,***,42,Web development,2022-10-25,Online
42,***,***,44,Web development,2027-09-03,Online
43,***,***,38,Software Engineering,2026-06-29,In-person
44,***,***,22,Web development,2024-07-04,In-person
45,***,***,29,Web development,2027-06-15,In-person
46,***,***,39,Web development,2026-08-02,In-person
47,***,***,35,Software Engineering,2024-05-13,In-person
48,***,***,33,Web development,2025-05-26,Online
49,***,***,30,Data Engineering,2026-04-24,Online
50,***,***,31,Data Engineering,2025-07-25,In-person
51,***,***,22,Data Engineering,2024-09-24,In-person
52,***,***,45,Data Science,2024-11-30,Online
53,***,***,41,Data Engineering,2027-03-30,In-person
54,***,***,43,Software Engineering,2025-08-30,Online
55,***,***,33,Data Engineering,2023-05-20,In-person
56,***,***,28,Web development,2027-02-14,Online
57,***,***,38,Software Engineering,2026-01-19,In-person
58,***,***,34,Data Science,2023-12-22,Online
59,***,***,22,Machine Learning,2027-09-10,In-person
60,***,***,38,Data Science,2027-03-29,Online
61,***,***,33,Software Engineering,2025-10-28,Online
62,***,***,38,Data Engineering,2027-03-01,In-person
63,***,***,44,Web development,2024-10-14,In-person
64,***,***,44,Data Science,2024-07-07,Online
65,***,***,22,Web development,2023-09-10,In-person
66,***,***,36,Software Engineering,2023-02-24,Online
67,***,***,30,Data Science,2025-05-05,In-person
68,***,***,25,Software Engineering,2026-01-09,Online
69,***,***,37,Software Engineering,2024-10-03,Online
70,***,***,25,Machine Learning,2023-11-06,Online
71,***,***,40,Machine Learning,2026-10-30,In-person
72,***,***,38,Data Science,2027-05-08,Online
73,***,***,45,Data Engineering,2026-04-09,In-person
74,***,***,45,Data Engineering,2023-07-08,In-person
75,***,***,22,Data Science,2025-05-12,In-person
76,***,***,40,Data Science,2024-07-01,In-person
77,***,***,28,Data Engineering,2025-05-25,In-person
78,***,***,45,Machine Learning,2024-05-30,In-person
79,***,***,26,Machine Learning,2026-08-30,In-person
80,***,***,41,Web development,2023-08-25,In-person
81,***,***,34,Web development,2027-07-06,Online
82,***,***,24,Software Engineering,2027-04-11,Online
83,***,***,33,Machine Learning,2024-02-07,Online
84,***,***,38,Data Science,2023-10-21,Online
85,***,***,41,Web development,2022-11-30,In-person
86,***,***,33,Machine Learning,2027-08-01,Online
87,***,***,27,Machine Learning,2025-03-01,Online
88,***,***,23,Data Engineering,2027-08-18,Online
89,***,***,30,Machine Learning,2026-12-25,In-person
90,***,***,39,Software Engineering,2025-06-29,In-person
91,***,***,44,Software Engineering,2022-11-15,Online
92,***,***,35,Software Engineering,2024-05-31,Online
93,***,***,41,Machine Learning,2025-02-02,Online
94,***,***,33,Machine Learning,2025-07-04,In-person
95,***,***,22,Machine Learning,2023-03-09,Online
96,***,***,43,Software Engineering,2024-08-14,In-person
97,***,***,32,Data Science,2026-01-15,In-person
98,***,***,30,Data Engineering,2026-01-25,In-person
99,***,***,27,Data Science,2026-09-26,In-person
100,***,***,36,Machine Learning,2024-04-12,In-person
101,***,***,44,Machine Learning,2026-09-11,Online
102,***,***,28,Web development,2023-03-11,In-person
103,***,***,23,Web development,2026-03-03,In-person
104,***,***,32,Web development,2025-01-30,In-person
105,***,***,41,Software Engineering,2027-10-04,In-person
106,***,***,45,Data Science,2027-05-09,In-person
107,***,***,25,Machine Learning,2023-12-31,In-person
108,***,***,44,Software Engineering,2025-09-27,In-person
109,***,***,24,Machine Learning,2026-12-14,Online
110,***,***,43,Data Engineering,2023-01-26,In-person
111,***,***,37,Machine Learning,2024-03-06,Online
112,***,***,44,Data Science,2026-08-15,Online
113,***,***,26,Machine Learning,2026-12-05,In-person
114,***,***,42,Data Engineering,2025-11-12,Online
115,***,***,30,Data Engineering,2024-12-10,Online
116,***,***,37,Data Engineering,2026-11-01,Online
117,***,***,32,Machine Learning,2023-09-20,In-person
118,***,***,43,Data Engineering,2024-03-20,Online
119,***,***,23,Data Science,2025-01-29,Online
120,***,***,44,Data Engineering,2027-02-25,Online
121,***,***,23,Software Engineering,2023-12-14,In-person
122,***,***,35,Data Science,2027-07-19,In-person
123,***,***,36,Software Engineering,2026-09-06,In-person
124,***,***,24,Web development,2026-03-30,In-person
125,***,***,30,Data Science,2024-09-15,Online
126,***,***,38,Web development,2023-06-07,In-person
127,***,***,34,Machine Learning,2025-09-19,Online
128,***,***,22,Data Engineering,2025-04-30,In-person
129,***,***,31,Data Science,2024-02-24,Online
130,***,***,36,Software Engineering,2026-01-29,Online
131,***,***,28,Data Engineering,2027-05-15,In-person
132,***,***,42,Data Engineering,2025-12-29,In-person
133,***,***,38,Software Engineering,2024-03-29,Online
134,***,***,31,Data Science,2023-04-17,In-person
135,***,***,42,Data Science,2023-10-16,In-person
136,***,***,38,Machine Learning,2023-06-29,In-person
137,***,***,25,Web development,2025-04-10,Online
138,***,***,37,Data Engineering,2025-07-31,Online
139,***,***,41,Data Science,2025-04-19,In-person
140,***,***,27,Machine Learning,2027-05-19,Online
141,***,***,42,Data Engineering,2024-02-18,In-person
142,***,***,42,Machine Learning,2025-06-06,In-person
143,***,***,30,Machine Learning,2027-07-14,In-person
144,***,***,32,Data Engineering,2023-09-20,Online
145,***,***,35,Data Engineering,2025-06-16,In-person
146,***,***,22,Data Science,2024-03-08,In-person
147,***,***,29,Data Engineering,2023-05-02,In-person
148,***,***,28,Data Science,2023-02-06,In-person
149,***,***,37,Machine Learning,2027-01-14,In-person
150,***,***,25,Data Science,2023-07-16,In-person
151,***,***,39,Data Engineering,2024-02-10,In-person
152,***,***,34,Web development,2027-02-08,In-person
153,***,***,22,Software Engineering,2024-02-27,Online
154,***,***,24,Machine Learning,2023-05-17,In-person
155,***,***,36,Machine Learning,2024-05-14,Online
156,***,***,43,Web development,2027-07-29,Online
157,***,***,44,Web development,2024-08-18,In-person
158,***,***,35,Data Science,2023-01-04,Online
159,***,***,23,Web development,2024-04-12,Online
160,***,***,43,Web development,2026-09-04,In-person
161,***,***,36,Data Science,2026-06-10,Online
162,***,***,27,Machine Learning,2022-12-11,Online
163,***,***,34,Web development,2024-08-04,Online
164,***,***,43,Data Engineering,2025-07-13,In-person
165,***,***,45,Web development,2022-11-04,Online
166,***,***,26,Machine Learning,2026-10-09,Online
167,***,***,42,Data Engineering,2024-02-20,In-person
168,***,***,22,Machine Learning,2027-02-01,In-person
169,***,***,41,Machine Learning,2024-06-07,In-person
170,***,***,42,Web development,2025-06-24,Online
171,***,***,33,Data Science,2024-12-24,Online
172,***,***,25,Machine Learning,2023-10-14,In-person
173,***,***,24,Machine Learning,2026-02-11,In-person
174,***,***,38,Machine Learning,2027-06-01,In-person
175,***,***,33,Data Science,2024-09-11,Online
176,***,***,36,Machine Learning,2023-06-16,Online
177,***,***,32,Software Engineering,2024-05-16,Online
178,***,***,40,Machine Learning,2025-09-04,Online
179,***,***,25,Software Engineering,2025-02-06,Online
180,***,***,22,Web development,2023-03-20,In-person
181,***,***,27,Machine Learning,2024-01-20,In-person
182,***,***,39,Data Science,2024-04-26,In-person
183,***,***,42,Data Engineering,2027-07-07,Online
184,***,***,45,Software Engineering,2027-05-18,Online
185,***,***,44,Data Engineering,2027-04-01,Online
186,***,***,36,Data Science,2026-09-02,In-person
187,***,***,45,Web development,2023-12-07,In-person
188,***,***,24,Data Engineering,2026-02-28,Online
189,***,***,22,Web development,2026-10-13,Online
190,***,***,27,Data Science,2024-11-05,Online
191,***,***,43,Machine Learning,2024-12-29,Online
192,***,***,31,Machine Learning,2026-12-08,In-person
193,***,***,30,Data Science,2023-08-07,In-person
194,***,***,24,Data Engineering,2027-10-13,In-person
195,***,***,29,Web development,2023-06-07,In-person
196,***,***,43,Software Engineering,2022-10-23,In-person
197,***,***,23,Data Engineering,2025-02-28,In-person
198,***,***,23,Data Science,2025-06-14,Online
199,***,***,43,Data Engineering,2027-04-18,In-person
200,***,***,40,Machine Learning,2024-07-22,Online
201,***,***,32,Data Engineering,2024-04-12,In-person
202,***,***,44,Data Engineering,2024-12-13,Online
203,***,***,37,Data Science,2025-01-14,Online
204,***,***,45,Machine Learning,2025-08-22,In-person
205,***,***,31,Web development,2023-10-08,In-person
206,***,***,38,Software Engineering,2027-05-01,Online
207,***,***,41,Machine Learning,2027-02-12,Online
208,***,***,44,Web development,2025-01-11,In-person
209,***,***,25,Data Science,2026-05-12,In-person
210,***,***,43,Data Science,2022-11-09,Online
211,***,***,35,Data Science,2027-08-19,In-person
212,***,***,45,Web development,2024-12-18,Online
213,***,***,27,Data Science,2025-03-21,In-person
214,***,***,27,Data Science,2023-08-22,In-person
215,***,***,22,Software Engineering,2023-02-01,Online
216,***,***,45,Data Science,2026-08-01,In-person
217,***,***,41,Software Engineering,2027-05-30,In-person
218,***,***,40,Machine Learning,2023-10-06,Online
219,***,***,39,Software Engineering,2024-07-22,Online
220,***,***,25,Data Engineering,2023-06-22,In-person
221,***,***,30,Data Engineering,2024-10-13,Online
222,***,***,43,Software Engineering,2023-11-24,Online
223,***,***,39,Data Science,2024-03-12,Online
224,***,***,36,Machine Learning,2027-05-31,In-person
225,***,***,44,Software Engineering,2023-12-02,Online
226,***,***,36,Machine Learning,2024-09-17,Online
227,***,***,25,Data Science,2025-10-13,Online
228,***,***,26,Machine Learning,2026-10-02,In-person
229,***,***,28,Software Engineering,2024-12-06,Online
230,***,***,28,Data Engineering,2023-01-21,In-person
231,***,***,22,Web development,2026-09-02,In-person
232,***,***,35,Data Science,2026-09-30,In-person
233,***,***,24,Web development,2026-12-02,In-person
234,***,***,33,Software Engineering,2025-09-27,Online
235,***,***,45,Data Science,2024-04-24,Online
236,***,***,34,Web development,2023-01-21,Online
237,***,***,39,Software Engineering,2024-04-16,In-person
238,***,***,30,Data Engineering,2025-04-16,Online
239,***,***,42,Web development,2024-10-17,Online
240,***,***,40,Data Engineering,2027-03-03,In-person
241,***,***,31,Software Engineering,2023-02-08,In-person
242,***,***,24,Machine Learning,2026-07-31,Online
243,***,***,40,Web development,2024-12-24,In-person
244,***,***,42,Data Engineering,2026-09-10,In-person
245,***,***,32,Web development,2027-05-03,In-person
246,***,***,42,Data Engineering,2023-05-23,In-person
247,***,***,28,Data Engineering,2025-11-24,In-person
248,***,***,39,Data Engineering,2025-08-17,Online
249,***,***,32,Web development,2025-09-02,Online
250,***,***,42,Data Engineering,2023-02-02,Online
251,***,***,28,Software Engineering,2024-01-17,In-person
252,***,***,24,Data Engineering,2026-04-27,In-person
253,***,***,45,Data Science,2023-05-15,In-person
254,***,***,25,Software Engineering,2024-07-27,In-person
255,***,***,24,Web development,2024-06-05,In-person
256,***,***,26,Machine Learning,2027-09-18,In-person
257,***,***,30,Software Engineering,2023-09-10,Online
258,***,***,36,Data Science,2022-12-13,In-person
259,***,***,45,Data Engineering,2027-07-30,Online
260,***,***,44,Data Engineering,2024-09-19,Online
261,***,***,45,Data Engineering,2026-04-25,Online
262,***,***,43,Data Engineering,2027-10-07,Online
263,***,***,45,Web development,2027-10-16,Online
264,***,***,30,Web development,2026-02-24,Online
265,***,***,37,Machine Learning,2026-12-21,Online
266,***,***,23,Data Science,2024-04-14,Online
267,***,***,27,Software Engineering,2026-11-23,In-person
268,***,***,45,Web development,2025-05-09,In-person
269,***,***,25,Web development,2024-11-08,Online
270,***,***,22,Data Engineering,2027-03-18,Online
271,***,***,41,Software Engineering,2026-11-06,Online
272,***,***,24,Software Engineering,2025-11-29,In-person
273,***,***,30,Data Engineering,2024-05-26,Online
274,***,***,34,Machine Learning,2027-09-07,In-person
275,***,***,35,Software Engineering,2024-01-08,Online
276,***,***,24,Machine Learning,2024-08-17,In-person
277,***,***,23,Data Science,2024-11-12,Online
278,***,***,24,Data Engineering,2026-06-01,In-person
279,***,***,42,Web development,2023-05-24,In-person
280,***,***,27,Data Science,2027-09-16,Online
281,***,***,44,Data Engineering,2027-03-27,Online
282,***,***,40,Machine Learning,2023-06-19,In-person
283,***,***,34,Data Science,2026-03-31,Online
284,***,***,32,Software Engineering,2026-02-17,Online
285,***,***,37,Machine Learning,2026-10-22,In-person
286,***,***,26,Data Science,2022-12-27,Online
287,***,***,29,Software Engineering,2026-07-22,In-person
288,***,***,24,Data Science,2025-08-31,In-person
289,***,***,44,Data Engineering,2025-03-16,Online
290,***,***,37,Machine Learning,2027-01-26,Online
291,***,***,34,Data Science,2025-02-02,Online
292,***,***,29,Machine Learning,2024-04-28,In-person
293,***,***,38,Web development,2026-09-13,Online
294,***,***,33,Web development,2024-01-23,Online
295,***,***,42,Data Engineering,2025-12-11,In-person
296,***,***,38,Data Engineering,2025-05-09,Online
297,***,***,38,Data Engineering,2022-12-24,In-person
298,***,***,39,Data Science,2024-06-20,In-person
299,***,***,25,Web development,2025-08-05,Online
300,***,***,27,Data Science,2023-05-23,Online
301,***,***,34,Software Engineering,2023-11-23,In-person
302,***,***,36,Data Science,2023-03-02,In-person
303,***,***,34,Data Engineering,2023-09-03,In-person
304,***,***,23,Machine Learning,2026-12-24,Online
305,***,***,44,Software Engineering,2023-04-02,In-person
306,***,***,27,Data Science,2025-09-05,In-person
307,***,***,27,Web development,2026-09-06,Online
308,***,***,43,Software Engineering,2027-04-30,In-person
309,***,***,31,Web development,2026-02-19,In-person
310,***,***,31,Web development,2024-01-17,In-person
311,***,***,23,Data Engineering,2022-11-26,Online
312,***,***,38,Web development,2025-12-26,In-person
313,***,***,28,Data Engineering,2027-03-15,In-person
314,***,***,28,Data Science,2026-01-16,Online
315,***,***,45,Software Engineering,2023-08-21,Online
316,***,***,30,Web development,2027-02-28,In-person
317,***,***,33,Web development,2023-01-07,In-person
318,***,***,22,Data Science,2023-07-05,In-person
319,***,***,30,Data Engineering,2023-04-04,In-person
320,***,***,31,Software Engineering,2025-11-05,In-person
321,***,***,44,Data Engineering,2027-04-18,Online
322,***,***,29,Data Science,2024-10-11,Online
323,***,***,38,Data Science,2025-01-08,In-person
324,***,***,30,Data Science,2026-05-21,In-person
325,***,***,34,Data Engineering,2023-04-16,In-person
326,***,***,37,Web development,2025-10-02,Online
327,***,***,25,Web development,2027-03-31,Online
328,***,***,34,Data Science,2027-07-04,Online
329,***,***,34,Data Science,2023-05-16,Online
330,***,***,41,Software Engineering,2023-06-20,In-person
331,***,***,30,Data Engineering,2026-02-28,Online
332,***,***,45,Data Science,2024-11-25,Online
333,***,***,25,Data Engineering,2025-01-28,In-person
334,***,***,29,Machine Learning,2027-08-23,In-person
335,***,***,23,Data Science,2027-07-12,In-person
336,***,***,42,Software Engineering,2023-02-16,In-person
337,***,***,26,Data Engineering,2024-03-28,In-person
338,***,***,39,Web development,2024-08-15,Online
339,***,***,45,Data Science,2024-12-13,Online
340,***,***,36,Machine Learning,2026-06-26,In-person
341,***,***,44,Data Science,2025-02-25,In-person
342,***,***,34,Machine Learning,2023-06-06,Online
343,***,***,29,Software Engineering,2025-04-07,In-person
344,***,***,35,Machine Learning,2024-09-18,Online
345,***,***,42,Software Engineering,2027-09-24,In-person
346,***,***,35,Machine Learning,2024-12-18,In-person
347,***,***,38,Web development,2023-04-20,Online
348,***,***,33,Data Engineering,2023-03-18,In-person
349,***,***,25,Software Engineering,2027-09-30,In-person
350,***,***,25,Software Engineering,2024-08-27,In-person
351,***,***,44,Machine Learning,2024-09-25,In-person
352,***,***,41,Machine Learning,2024-12-14,In-person
353,***,***,34,Data Engineering,2026-05-15,In-person
354,***,***,26,Web development,2026-11-08,Online
355,***,***,29,Software Engineering,2025-12-15,Online
356,***,***,30,Machine Learning,2025-05-09,In-person
357,***,***,36,Data Science,2025-08-18,In-person
358,***,***,40,Data Science,2026-09-09,Online
359,***,***,38,Software Engineering,2027-08-16,Online
360,***,***,29,Web development,2024-01-02,In-person
361,***,***,37,Machine Learning,2027-07-06,In-person
362,***,***,24,Data Engineering,2026-01-03,Online
363,***,***,27,Data Science,2023-01-20,Online
364,***,***,35,Data Engineering,2026-06-17,Online
365,***,***,42,Machine Learning,2025-02-12,Online
366,***,***,44,Machine Learning,2024-11-11,In-person
367,***,***,29,Software Engineering,2023-11-09,Online
368,***,***,28,Machine Learning,2027-10-15,In-person
369,***,***,38,Data Science,2023-08-04,Online
370,***,***,23,Data Science,2023-05-11,In-person
371,***,***,43,Data Engineering,2025-08-09,In-person
372,***,***,28,Web development,2025-02-27,Online
373,***,***,41,Software Engineering,2023-10-31,In-person
374,***,***,25,Data Engineering,2023-09-13,In-person
375,***,***,31,Web development,2025-03-26,In-person
376,***,***,28,Software Engineering,2023-02-28,Online
377,***,***,22,Data Science,2023-04-23,Online
378,***,***,33,Data Engineering,2023-12-03,Online
379,***,***,30,Data Science,2024-01-12,In-person
380,***,***,36,Software Engineering,2024-01-17,Online
381,***,***,36,Data Engineering,2026-02-13,Online
382,***,***,44,Web development,2027-08-01,In-person
383,***,***,38,Web development,2024-06-27,In-person
384,***,***,28,Data Science,2023-10-12,Online
385,***,***,25,Data Engineering,2024-10-11,Online
386,***,***,27,Software Engineering,2023-11-16,In-person
387,***,***,26,Software Engineering,2024-02-20,In-person
388,***,***,33,Data Engineering,2024-02-14,In-person
389,***,***,32,Data Engineering,2023-07-28,In-person
390,***,***,33,Data Science,2027-06-25,Online
391,***,***,27,Web development,2025-11-25,In-person
392,***,***,26,Data Engineering,2027-06-15,In-person
393,***,***,29,Web development,2023-06-01,In-person
394,***,***,45,Data Engineering,2027-06-15,In-person
395,***,***,27,Machine Learning,2025-04-02,Online
396,***,***,45,Data Engineering,2027-03-09,Online
397,***,***,36,Web development,2023-05-31,Online
398,***,***,44,Data Engineering,2026-03-04,In-person
399,***,***,33,Machine Learning,2025-04-28,Online
400,***,***,30,Web development,2025-04-04,In-person
401,***,***,40,Data Science,2027-07-15,Online
402,***,***,25,Web development,2026-10-30,In-person
403,***,***,44,Machine Learning,2027-01-25,Online
404,***,***,34,Software Engineering,2023-09-09,In-person
405,***,***,28,Data Engineering,2023-07-24,In-person
406,***,***,34,Machine Learning,2023-07-29,Online
407,***,***,34,Web development,2024-06-23,Online
408,***,***,38,Machine Learning,2027-01-17,Online
409,***,***,35,Data Engineering,2027-01-03,In-person
410,***,***,34,Machine Learning,2026-05-12,Online
411,***,***,22,Data Science,2027-05-07,Online
412,***,***,27,Software Engineering,2024-01-23,Online
413,***,***,41,Web development,2023-02-28,Online
414,***,***,29,Machine Learning,2026-03-20,In-person
415,***,***,40,Data Science,2025-09-24,In-person
416,***,***,39,Data Engineering,2027-02-21,Online
417,***,***,44,Web development,2027-09-06,Online
418,***,***,35,Data Engineering,2026-09-15,Online
419,***,***,45,Data Science,2026-01-22,Online
420,***,***,26,Data Science,2023-04-24,In-person
421,***,***,35,Software Engineering,2024-11-30,Online
422,***,***,23,Data Science,2025-02-19,Online
423,***,***,22,Web development,2025-04-06,Online
424,***,***,36,Machine Learning,2024-09-09,Online
425,***,***,27,Software Engineering,2023-02-18,In-person
426,***,***,33,Software Engineering,2027-08-31,In-person
427,***,***,44,Web development,2027-06-14,Online
428,***,***,34,Web development,2027-08-19,In-person
429,***,***,25,Data Science,2027-02-08,Online
430,***,***,28,Machine Learning,2023-06-01,In-person
431,***,***,32,Machine Learning,2023-03-12,Online
432,***,***,30,Data Engineering,2023-10-30,Online
433,***,***,31,Machine Learning,2023-12-16,In-person
434,***,***,44,Software Engineering,2025-04-20,Online
435,***,***,25,Software Engineering,2027-05-19,Online
436,***,***,36,Data Science,2023-11-02,Online
437,***,***,27,Data Science,2024-09-28,In-person
438,***,***,23,Web development,2023-07-14,Online
439,***,***,33,Software Engineering,2026-11-28,Online
440,***,***,43,Machine Learning,2024-06-04,Online
441,***,***,44,Data Engineering,2025-01-28,Online
442,***,***,33,Web development,2023-12-19,Online
443,***,***,32,Data Engineering,2026-04-13,Online
444,***,***,27,Web development,2025-06-03,Online
445,***,***,34,Web development,2024-03-29,Online
446,***,***,26,Data Science,2026-02-01,Online
447,***,***,32,Data Science,2024-09-08,In-person
448,***,***,40,Software Engineering,2025-06-22,In-person
449,***,***,28,Machine Learning,2025-12-08,In-person
450,***,***,32,Data Engineering,2026-05-08,Online
451,***,***,26,Machine Learning,2023-08-07,Online
452,***,***,22,Data Engineering,2022-12-04,Online
453,***,***,26,Data Science,2026-08-12,Online
454,***,***,39,Software Engineering,2024-12-13,In-person
455,***,***,44,Data Science,2023-07-20,In-person
456,***,***,37,Data Science,2022-10-31,Online
457,***,***,35,Web development,2026-03-05,In-person
458,***,***,44,Data Engineering,2025-09-20,In-person
459,***,***,45,Machine Learning,2023-03-30,Online
460,***,***,33,Web development,2025-12-26,Online
461,***,***,23,Data Engineering,2027-06-19,Online
462,***,***,32,Web development,2023-06-24,In-person
463,***,***,26,Data Science,2026-06-25,Online
464,***,***,44,Web development,2024-03-30,Online
465,***,***,40,Data Engineering,2023-07-07,In-person
466,***,***,24,Data Science,2026-07-04,In-person
467,***,***,26,Data Science,2027-09-14,In-person
468,***,***,33,Data Science,2026-12-02,Online
469,***,***,24,Data Engineering,2027-05-26,Online
470,***,***,31,Web development,2027-09-25,In-person
471,***,***,34,Data Science,2022-12-07,Online
472,***,***,26,Software Engineering,2025-11-05,Online
473,***,***,31,Data Science,2024-11-11,In-person
474,***,***,42,Web development,2024-03-03,Online
475,***,***,41,Machine Learning,2024-03-07,Online
476,***,***,23,Data Engineering,2026-06-18,In-person
477,***,***,23,Data Science,2023-02-15,In-person
478,***,***,23,Data Science,2024-12-13,In-person
479,***,***,27,Data Science,2024-07-24,In-person
480,***,***,36,Data Science,2025-01-24,Online
481,***,***,37,Data Science,2025-06-07,In-person
482,***,***,45,Web development,2026-10-21,In-person
483,***,***,41,Data Science,2022-12-25,Online
484,***,***,38,Software Engineering,2026-03-21,In-person
485,***,***,34,Web development,2027-06-05,In-person
486,***,***,34,Machine Learning,2025-05-01,Online
487,***,***,37,Data Engineering,2024-02-23,In-person
488,***,***,41,Software Engineering,2025-08-22,Online
489,***,***,36,Software Engineering,2026-09-04,Online
490,***,***,39,Machine Learning,2027-01-14,Online
491,***,***,23,Software Engineering,2023-08-29,Online
492,***,***,41,Machine Learning,2023-02-16,In-person
493,***,***,45,Data Science,2023-02-28,Online
494,***,***,43,Machine Learning,2025-05-28,In-person
495,***,***,23,Web development,2024-11-12,In-person
496,***,***,42,Machine Learning,2025-06-12,Online
497,***,***,24,Data Science,2026-07-06,Online
498,***,***,27,Software Engineering,2023-02-26,Online
499,***,***,26,Software Engineering,2024-11-20,In-person
500,***,***,35,Machine Learning,2024-10-30,Online
501,***,***,27,Data Science,2027-03-29,In-person
502,***,***,30,Data Engineering,2027-01-31,Online
503,***,***,26,Data Engineering,2025-02-06,Online
504,***,***,25,Data Engineering,2026-09-17,In-person
505,***,***,32,Machine Learning,2025-05-10,In-person
506,***,***,23,Software Engineering,2023-04-01,Online
507,***,***,38,Machine Learning,2026-09-25,In-person
508,***,***,42,Machine Learning,2024-09-06,Online
509,***,***,27,Data Science,2023-10-21,In-person
510,***,***,44,Data Engineering,2024-11-12,Online
511,***,***,26,Web development,2025-06-07,In-person
512,***,***,28,Software Engineering,2022-11-10,In-person
513,***,***,39,Software Engineering,2024-08-31,Online
514,***,***,25,Machine Learning,2025-09-27,In-person
515,***,***,32,Data Engineering,2025-01-19,Online
516,***,***,39,Web development,2025-06-24,In-person
517,***,***,29,Software Engineering,2023-01-09,In-person
518,***,***,41,Machine Learning,2027-05-30,Online
519,***,***,36,Data Engineering,2027-02-18,Online
520,***,***,30,Software Engineering,2025-10-17,Online
521,***,***,25,Machine Learning,2024-09-18,Online
522,***,***,31,Software Engineering,2027-02-21,In-person
523,***,***,40,Data Science,2023-11-25,Online
524,***,***,44,Software Engineering,2027-03-12,In-person
525,***,***,22,Data Science,2025-02-26,Online
526,***,***,45,Data Engineering,2024-03-17,Online
527,***,***,41,Web development,2024-07-26,Online
528,***,***,42,Web development,2026-01-25,In-person
529,***,***,38,Web development,2024-12-03,In-person
530,***,***,39,Data Science,2026-04-28,Online
531,***,***,24,Data Engineering,2024-11-08,In-person
532,***,***,43,Machine Learning,2025-08-10,Online
533,***,***,42,Machine Learning,2022-10-19,Online
534,***,***,44,Software Engineering,2026-08-17,Online
535,***,***,31,Machine Learning,2027-06-09,Online
536,***,***,40,Machine Learning,2023-05-04,Online
537,***,***,37,Data Science,2023-02-10,In-person
538,***,***,32,Software Engineering,2025-05-12,In-person
539,***,***,40,Data Science,2024-10-05,In-person
540,***,***,24,Machine Learning,2023-02-25,Online
541,***,***,44,Data Engineering,2024-09-25,In-person
542,***,***,29,Data Science,2024-03-31,In-person
543,***,***,31,Machine Learning,2026-03-23,In-person
544,***,***,41,Software Engineering,2022-11-21,Online
545,***,***,38,Data Science,2023-11-25,Online
546,***,***,41,Data Science,2026-09-21,Online
547,***,***,23,Machine Learning,2026-07-04,In-person
548,***,***,25,Data Science,2024-10-07,Online
549,***,***,33,Data Science,2026-08-30,Online
550,***,***,42,Data Science,2025-01-09,Online
551,***,***,28,Data Science,2023-06-05,In-person
552,***,***,26,Data Science,2022-10-20,Online
553,***,***,38,Machine Learning,2022-12-28,In-person
554,***,***,22,Software Engineering,2026-12-11,Online
555,***,***,33,Software Engineering,2027-03-17,Online
556,***,***,45,Web development,2022-12-06,In-person
557,***,***,38,Web development,2024-12-18,In-person
558,***,***,23,Machine Learning,2024-01-23,In-person
559,***,***,40,Data Engineering,2023-11-04,Online
560,***,***,27,Web development,2025-02-08,In-person
561,***,***,29,Machine Learning,2025-09-24,Online
562,***,***,43,Data Science,2026-09-09,In-person
563,***,***,26,Machine Learning,2023-10-06,Online
564,***,***,42,Data Engineering,2024-04-13,Online
565,***,***,39,Data Science,2026-10-24,Online
566,***,***,38,Software Engineering,2025-12-29,In-person
567,***,***,39,Data Science,2026-04-06,Online
568,***,***,39,Machine Learning,2027-02-11,Online
569,***,***,30,Web development,2022-11-03,In-person
570,***,***,22,Web development,2026-02-26,In-person
571,***,***,30,Data Science,2022-11-18,Online
572,***,***,34,Data Science,2024-07-10,Online
573,***,***,29,Web development,2026-09-10,In-person
574,***,***,32,Machine Learning,2022-11-17,Online
575,***,***,32,Web development,2026-03-14,In-person
576,***,***,38,Machine Learning,2023-06-03,Online
577,***,***,26,Data Science,2027-07-04,Online
578,***,***,27,Data Engineering,2026-07-20,Online
579,***,***,26,Software Engineering,2023-11-30,Online
580,***,***,37,Machine Learning,2025-11-01,In-person
581,***,***,44,Software Engineering,2026-09-30,Online
582,***,***,45,Web development,2024-05-11,Online
583,***,***,37,Data Engineering,2023-04-07,In-person
584,***,***,29,Web development,2027-02-08,In-person
585,***,***,32,Data Engineering,2023-10-20,Online
586,***,***,34,Data Science,2026-06-06,Online
587,***,***,35,Data Engineering,2024-08-12,In-person
588,***,***,31,Software Engineering,2026-04-05,In-person
589,***,***,28,Data Science,2023-06-09,In-person
590,***,***,39,Data Science,2026-12-23,In-person
591,***,***,35,Data Engineering,2023-10-10,Online
592,***,***,27,Web development,2023-10-10,Online
593,***,***,29,Data Science,2026-03-13,Online
594,***,***,43,Software Engineering,2026-09-30,In-person
595,***,***,34,Data Science,2024-03-18,Online
596,***,***,40,Software Engineering,2024-01-12,In-person
597,***,***,28,Software Engineering,2026-08-18,In-person
598,***,***,29,Data Science,2026-08-29,Online
599,***,***,27,Data Science,2025-09-30,In-person
600,***,***,35,Software Engineering,2025-08-05,In-person
601,***,***,25,Data Engineering,2026-12-30,Online
602,***,***,38,Data Science,2024-06-05,Online
603,***,***,25,Data Science,2026-02-11,In-person
604,***,***,25,Web development,2023-05-01,Online
605,***,***,36,Data Science,2025-02-07,Online
606,***,***,30,Machine Learning,2025-11-25,In-person
607,***,***,38,Web development,2025-10-31,Online
608,***,***,33,Web development,2023-06-09,Online
609,***,***,26,Data Science,2023-11-16,In-person
610,***,***,35,Software Engineering,2023-10-03,Online
611,***,***,26,Software Engineering,2026-01-14,Online
612,***,***,27,Web development,2023-02-07,Online
613,***,***,33,Data Science,2024-06-21,In-person
614,***,***,45,Data Science,2025-04-25,In-person
615,***,***,40,Data Engineering,2025-08-02,Online
616,***,***,26,Data Science,2027-01-07,Online
617,***,***,43,Data Science,2027-07-26,Online
618,***,***,34,Software Engineering,2025-03-16,In-person
619,***,***,38,Web development,2026-02-14,In-person
620,***,***,32,Software Engineering,2024-07-12,In-person
621,***,***,36,Machine Learning,2024-05-28,Online
622,***,***,31,Software Engineering,2023-03-10,Online
623,***,***,35,Software Engineering,2024-06-20,Online
624,***,***,36,Data Science,2024-06-22,In-person
625,***,***,42,Web development,2026-02-07,In-person
626,***,***,30,Web development,2023-03-21,In-person
627,***,***,44,Software Engineering,2023-05-26,In-person
628,***,***,40,Machine Learning,2025-06-30,Online
629,***,***,23,Web development,2027-03-01,In-person
630,***,***,28,Software Engineering,2023-11-27,Online
631,***,***,23,Software Engineering,2026-01-27,Online
632,***,***,38,Data Science,2023-04-01,In-person
633,***,***,27,Software Engineering,2026-12-01,Online
634,***,***,40,Web development,2026-11-12,Online
635,***,***,31,Data Science,2027-04-10,Online
636,***,***,37,Data Science,2026-06-30,In-person
637,***,***,28,Data Engineering,2026-03-16,In-person
638,***,***,34,Software Engineering,2027-08-12,Online
639,***,***,22,Machine Learning,2024-04-16,In-person
640,***,***,27,Web development,2026-07-01,Online
641,***,***,36,Web development,2023-08-13,Online
642,***,***,41,Data Engineering,2023-03-15,Online
643,***,***,24,Software Engineering,2025-05-23,Online
644,***,***,43,Data Engineering,2026-06-09,In-person
645,***,***,32,Software Engineering,2027-05-08,Online
646,***,***,43,Machine Learning,2024-10-23,In-person
647,***,***,27,Data Engineering,2024-09-16,In-person
648,***,***,30,Data Engineering,2026-01-21,In-person
649,***,***,30,Data Science,2025-09-29,Online
650,***,***,28,Web development,2027-07-09,Online
651,***,***,36,Machine Learning,2023-06-18,Online
652,***,***,42,Machine Learning,2025-07-27,In-person
653,***,***,32,Data Engineering,2026-09-06,Online
654,***,***,26,Web development,2022-12-27,Online
655,***,***,43,Web development,2026-09-15,Online
656,***,***,35,Machine Learning,2025-06-22,In-person
657,***,***,43,Machine Learning,2026-11-29,Online
658,***,***,23,Machine Learning,2027-09-21,In-person
659,***,***,43,Machine Learning,2027-04-16,In-person
660,***,***,26,Web development,2022-12-17,Online
661,***,***,31,Data Science,2025-09-17,Online
662,***,***,26,Machine Learning,2023-05-03,In-person
663,***,***,30,Web development,2022-11-30,Online
664,***,***,32,Software Engineering,2022-12-08,Online
665,***,***,27,Software Engineering,2024-01-10,In-person
666,***,***,39,Data Science,2023-10-07,Online
667,***,***,36,Web development,2024-10-21,Online
668,***,***,39,Software Engineering,2026-05-08,Online
669,***,***,39,Machine Learning,2023-01-16,Online
670,***,***,42,Web development,2023-10-22,In-person
671,***,***,28,Data Science,2027-10-02,In-person
672,***,***,38,Web development,2024-02-14,In-person
673,***,***,31,Web development,2027-02-02,In-person
674,***,***,36,Web development,2023-10-23,Online
675,***,***,25,Data Science,2024-10-17,Online
676,***,***,38,Software Engineering,2025-07-13,Online
677,***,***,32,Web development,2027-03-10,In-person
678,***,***,36,Data Engineering,2025-03-04,In-person
679,***,***,28,Web development,2024-10-29,Online
680,***,***,33,Web development,2025-05-13,In-person
681,***,***,43,Web development,2023-10-11,Online
682,***,***,38,Machine Learning,2024-12-15,Online
683,***,***,23,Data Engineering,2024-02-02,Online
684,***,***,33,Data Science,2024-01-02,In-person
685,***,***,37,Machine Learning,2023-12-19,In-person
686,***,***,26,Software Engineering,2025-07-14,Online
687,***,***,24,Web development,2024-12-03,In-person
688,***,***,44,Data Science,2025-07-11,Online
689,***,***,36,Software Engineering,2024-01-03,Online
690,***,***,26,Machine Learning,2023-02-07,In-person
691,***,***,27,Software Engineering,2027-09-16,In-person
692,***,***,36,Web development,2023-08-12,In-person
693,***,***,36,Data Engineering,2026-03-12,Online
694,***,***,30,Web development,2025-06-01,In-person
695,***,***,38,Data Engineering,2023-09-17,Online
696,***,***,35,Software Engineering,2024-04-20,In-person
697,***,***,42,Software Engineering,2023-04-13,In-person
698,***,***,43,Data Science,2026-03-19,Online
699,***,***,33,Machine Learning,2023-07-11,Online
700,***,***,40,Software Engineering,2027-05-20,Online
701,***,***,44,Machine Learning,2027-02-12,Online
702,***,***,30,Data Science,2022-12-29,In-person
703,***,***,42,Data Science,2024-02-07,In-person
704,***,***,34,Data Science,2026-10-04,Online
705,***,***,45,Web development,2026-09-13,Online
706,***,***,22,Web development,2027-09-19,Online
707,***,***,40,Web development,2026-04-20,In-person
708,***,***,44,Machine Learning,2027-09-14,In-person
709,***,***,31,Software Engineering,2024-12-18,In-person
710,***,***,35,Data Engineering,2026-06-09,Online
711,***,***,27,Software Engineering,2026-09-18,Online
712,***,***,42,Machine Learning,2025-03-06,In-person
713,***,***,33,Data Engineering,2025-01-19,In-person
714,***,***,24,Software Engineering,2027-01-11,Online
715,***,***,45,Data Engineering,2027-02-16,In-person
716,***,***,41,Machine Learning,2027-08-24,In-person
717,***,***,30,Web development,2026-07-12,In-person
718,***,***,41,Software Engineering,2024-10-22,In-person
719,***,***,45,Web development,2027-02-15,Online
720,***,***,30,Software Engineering,2025-01-29,In-person
721,***,***,32,Data Science,2025-05-27,Online
722,***,***,28,Software Engineering,2025-05-15,Online
723,***,***,38,Web development,2026-12-16,Online
724,***,***,26,Web development,2023-06-23,Online
725,***,***,33,Web development,2025-07-30,In-person
726,***,***,27,Data Engineering,2026-10-05,In-person
727,***,***,22,Machine Learning,2025-05-27,In-person
728,***,***,24,Software Engineering,2027-05-23,In-person
729,***,***,29,Software Engineering,2024-12-18,Online
730,***,***,25,Machine Learning,2023-05-31,In-person
731,***,***,35,Software Engineering,2023-04-13,In-person
732,***,***,37,Web development,2027-01-16,Online
733,***,***,27,Data Science,2023-10-28,In-person
734,***,***,35,Software Engineering,2024-02-13,Online
735,***,***,33,Data Engineering,2027-07-11,Online
736,***,***,30,Data Science,2026-10-29,Online
737,***,***,24,Machine Learning,2025-06-05,In-person
738,***,***,45,Machine Learning,2023-08-09,In-person
739,***,***,44,Web development,2024-10-23,Online
740,***,***,24,Software Engineering,2026-02-27,In-person
741,***,***,34,Data Science,2025-03-08,In-person
742,***,***,32,Software Engineering,2024-09-21,In-person
743,***,***,41,Machine Learning,2022-12-07,In-person
744,***,***,39,Data Engineering,2023-09-07,Online
745,***,***,32,Machine Learning,2023-02-10,Online
746,***,***,29,Web development,2027-03-27,Online
747,***,***,31,Machine Learning,2023-10-11,Online
748,***,***,27,Web development,2027-02-06,In-person
749,***,***,31,Data Science,2024-03-07,Online
750,***,***,41,Web development,2023-01-24,Online
751,***,***,27,Software Engineering,2026-03-18,Online
752,***,***,41,Data Engineering,2025-08-21,In-person
753,***,***,24,Web development,2026-05-05,Online
754,***,***,22,Software Engineering,2025-08-17,Online
755,***,***,28,Web development,2026-02-23,Online
756,***,***,34,Data Engineering,2023-01-22,Online
757,***,***,36,Machine Learning,2026-05-15,Online
758,***,***,43,Web development,2025-02-22,Online
759,***,***,37,Software Engineering,2024-02-02,In-person
760,***,***,39,Web development,2027-03-29,Online
761,***,***,33,Data Engineering,2026-11-09,In-person
762,***,***,44,Software Engineering,2024-08-13,In-person
763,***,***,45,Machine Learning,2027-10-02,Online
764,***,***,36,Software Engineering,2024-04-06,In-person
765,***,***,31,Machine Learning,2027-09-21,Online
766,***,***,36,Web development,2023-07-11,Online
767,***,***,22,Software Engineering,2025-05-21,Online
768,***,***,29,Software Engineering,2027-04-10,In-person
769,***,***,23,Machine Learning,2024-03-06,In-person
770,***,***,35,Web development,2026-07-28,Online
771,***,***,22,Data Science,2022-10-30,In-person
772,***,***,37,Machine Learning,2022-12-27,Online
773,***,***,34,Web development,2024-05-28,In-person
774,***,***,23,Data Science,2025-11-04,In-person
775,***,***,33,Data Science,2027-01-20,In-person
776,***,***,45,Web development,2026-07-10,In-person
777,***,***,38,Software Engineering,2024-12-12,Online
778,***,***,28,Web development,2024-04-08,Online
779,***,***,36,Data Science,2027-02-03,In-person
780,***,***,35,Software Engineering,2024-11-25,In-person
781,***,***,29,Data Engineering,2023-12-17,Online
782,***,***,39,Data Science,2024-06-29,Online
783,***,***,38,Web development,2026-04-08,Online
784,***,***,34,Data Engineering,2023-01-15,In-person
785,***,***,37,Data Engineering,2027-01-18,Online
786,***,***,27,Data Science,2027-05-08,In-person
787,***,***,31,Machine Learning,2025-01-31,Online
788,***,***,31,Software Engineering,2026-07-29,Online
789,***,***,29,Data Science,2025-08-12,In-person
790,***,***,28,Software Engineering,2026-11-25,Online
791,***,***,41,Software Engineering,2027-09-16,Online
792,***,***,40,Web development,2023-02-27,In-person
793,***,***,34,Data Engineering,2023-09-19,In-person
794,***,***,30,Data Science,2027-10-17,In-person
795,***,***,25,Web development,2025-06-07,Online
796,***,***,31,Machine Learning,2027-06-09,In-person
797,***,***,27,Web development,2025-01-18,In-person
798,***,***,39,Data Science,2027-02-24,In-person
799,***,***,30,Machine Learning,2027-03-26,In-person
800,***,***,35,Web development,2026-01-01,Online
801,***,***,37,Data Science,2024-12-20,In-person
802,***,***,28,Data Science,2024-09-22,In-person
803,***,***,34,Data Science,2025-04-20,Online
804,***,***,33,Machine Learning,2026-10-01,In-person
805,***,***,44,Machine Learning,2023-02-11,Online
806,***,***,25,Machine Learning,2027-07-05,Online
807,***,***,35,Software Engineering,2026-08-09,Online
808,***,***,25,Data Science,2027-08-09,Online
809,***,***,35,Web development,2026-11-04,In-person
810,***,***,31,Software Engineering,2024-03-09,Online
811,***,***,37,Web development,2027-08-29,Online
812,***,***,37,Data Engineering,2024-03-06,Online
813,***,***,45,Data Science,2024-04-20,Online
814,***,***,40,Software Engineering,2024-09-25,In-person
815,***,***,30,Web development,2026-10-23,In-person
816,***,***,25,Machine Learning,2026-06-04,Online
817,***,***,35,Data Engineering,2023-09-23,Online
818,***,***,33,Web development,2025-08-24,In-person
819,***,***,33,Data Engineering,2026-06-30,Online
820,***,***,38,Machine Learning,2024-03-27,Online
821,***,***,41,Software Engineering,2022-11-22,Online
822,***,***,27,Software Engineering,2025-05-03,In-person
823,***,***,35,Web development,2027-04-05,Online
824,***,***,29,Data Engineering,2024-07-14,In-person
825,***,***,43,Web development,2024-05-08,In-person
826,***,***,29,Web development,2023-12-10,Online
827,***,***,34,Data Engineering,2024-07-08,In-person
828,***,***,44,Data Engineering,2025-02-13,Online
829,***,***,31,Data Science,2024-08-19,In-person
830,***,***,36,Machine Learning,2027-09-14,Online
831,***,***,41,Data Science,2025-02-21,In-person
832,***,***,28,Machine Learning,2024-02-18,In-person
833,***,***,42,Machine Learning,2025-05-31,Online
834,***,***,34,Data Science,2024-09-10,Online
835,***,***,26,Web development,2025-11-28,In-person
836,***,***,39,Machine Learning,2026-10-16,In-person
837,***,***,35,Data Science,2026-06-27,Online
838,***,***,40,Software Engineering,2027-08-07,Online
839,***,***,30,Data Engineering,2023-01-16,Online
840,***,***,24,Data Science,2026-11-30,In-person
841,***,***,30,Data Engineering,2024-10-28,In-person
842,***,***,22,Machine Learning,2024-10-09,Online
843,***,***,22,Data Science,2023-07-18,Online
844,***,***,25,Data Science,2024-06-26,Online
845,***,***,36,Software Engineering,2027-03-26,Online
846,***,***,34,Software Engineering,2024-06-09,In-person
847,***,***,32,Machine Learning,2025-10-19,Online
848,***,***,40,Software Engineering,2023-05-07,Online
849,***,***,31,Data Engineering,2023-10-29,Online
850,***,***,24,Data Science,2023-05-09,Online
851,***,***,26,Software Engineering,2023-06-11,Online
852,***,***,25,Data Engineering,2027-06-20,Online
853,***,***,24,Web development,2022-10-24,In-person
854,***,***,39,Data Science,2026-05-14,Online
855,***,***,30,Data Science,2025-07-02,Online
856,***,***,45,Machine Learning,2023-01-27,Online
857,***,***,22,Data Science,2026-04-01,Online
858,***,***,28,Software Engineering,2024-07-27,In-person
859,***,***,38,Data Science,2024-11-06,Online
860,***,***,22,Software Engineering,2026-03-27,Online
861,***,***,34,Machine Learning,2025-10-09,In-person
862,***,***,24,Data Engineering,2023-05-04,In-person
863,***,***,34,Data Science,2026-10-14,In-person
864,***,***,43,Data Engineering,2025-04-05,Online
865,***,***,41,Data Science,2027-03-14,In-person
866,***,***,43,Software Engineering,2025-09-06,Online
867,***,***,39,Data Engineering,2023-12-15,In-person
868,***,***,34,Machine Learning,2024-09-18,Online
869,***,***,23,Software Engineering,2024-09-16,Online
870,***,***,28,Data Engineering,2023-01-27,In-person
871,***,***,33,Data Science,2025-09-06,Online
872,***,***,43,Data Engineering,2027-07-04,Online
873,***,***,22,Machine Learning,2023-12-22,Online
874,***,***,38,Data Engineering,2026-06-30,Online
875,***,***,27,Data Science,2024-10-10,In-person
876,***,***,31,Machine Learning,2023-06-23,In-person
877,***,***,31,Data Engineering,2024-10-17,Online
878,***,***,41,Web development,2022-11-07,In-person
879,***,***,26,Machine Learning,2025-07-31,In-person
880,***,***,35,Data Science,2023-09-10,In-person
881,***,***,30,Data Engineering,2027-02-11,Online
882,***,***,22,Data Science,2024-04-14,In-person
883,***,***,36,Web development,2025-08-21,In-person
884,***,***,24,Software Engineering,2024-11-11,In-person
885,***,***,31,Software Engineering,2023-06-13,Online
886,***,***,22,Machine Learning,2024-12-01,Online
887,***,***,24,Data Science,2023-11-19,In-person
888,***,***,35,Web development,2023-08-10,Online
889,***,***,40,Data Science,2025-06-05,In-person
890,***,***,26,Data Science,2027-06-30,Online
891,***,***,28,Data Science,2027-02-15,In-person
892,***,***,42,Data Science,2027-10-17,In-person
893,***,***,36,Web development,2024-10-31,Online
894,***,***,24,Web development,2024-07-10,In-person
895,***,***,30,Data Science,2025-04-29,Online
896,***,***,31,Machine Learning,2024-12-24,Online
897,***,***,34,Machine Learning,2023-07-05,In-person
898,***,***,25,Machine Learning,2024-02-18,In-person
899,***,***,34,Software Engineering,2024-01-30,In-person
900,***,***,22,Data Science,2024-01-04,Online
901,***,***,40,Web development,2025-03-31,Online
902,***,***,37,Machine Learning,2025-04-06,In-person
903,***,***,27,Data Science,2025-06-28,Online
904,***,***,43,Machine Learning,2026-12-13,In-person
905,***,***,34,Data Science,2022-11-10,In-person
906,***,***,35,Software Engineering,2026-06-08,Online
907,***,***,29,Web development,2025-12-12,Online
908,***,***,42,Data Engineering,2025-08-08,In-person
909,***,***,38,Software Engineering,2025-07-20,In-person
910,***,***,34,Machine Learning,2027-03-29,In-person
911,***,***,24,Data Engineering,2027-01-23,In-person
912,***,***,39,Data Science,2025-04-28,Online
913,***,***,33,Data Engineering,2026-05-07,Online
914,***,***,37,Data Science,2026-10-29,Online
915,***,***,30,Data Engineering,2025-03-09,In-person
916,***,***,23,Web development,2026-09-03,Online
917,***,***,26,Machine Learning,2024-03-01,Online
918,***,***,32,Data Science,2026-09-09,Online
919,***,***,40,Software Engineering,2027-07-26,In-person
920,***,***,32,Machine Learning,2023-07-06,In-person
921,***,***,27,Web development,2027-06-30,Online
922,***,***,43,Data Engineering,2023-01-18,Online
923,***,***,41,Data Engineering,2026-02-08,In-person
924,***,***,36,Machine Learning,2022-10-24,Online
925,***,***,38,Data Engineering,2027-01-04,In-person
926,***,***,36,Data Science,2023-01-27,Online
927,***,***,39,Software Engineering,2027-09-07,Online
928,***,***,39,Software Engineering,2026-01-13,In-person
929,***,***,35,Software Engineering,2026-02-19,In-person
930,***,***,22,Machine Learning,2023-10-03,In-person
931,***,***,28,Software Engineering,2025-09-27,In-person
932,***,***,36,Data Science,2027-01-05,Online
933,***,***,35,Web development,2024-04-20,Online
934,***,***,31,Data Engineering,2024-08-07,Online
935,***,***,34,Data Science,2023-03-03,In-person
936,***,***,30,Software Engineering,2025-11-29,In-person
937,***,***,41,Data Engineering,2025-05-03,Online
938,***,***,28,Machine Learning,2027-10-05,In-person
939,***,***,22,Data Engineering,2026-03-15,In-person
940,***,***,30,Data Science,2027-10-06,In-person
941,***,***,44,Machine Learning,2024-06-27,In-person
942,***,***,39,Software Engineering,2024-06-21,In-person
943,***,***,37,Machine Learning,2024-10-19,In-person
944,***,***,29,Machine Learning,2027-10-02,Online
945,***,***,44,Data Science,2025-10-17,In-person
946,***,***,38,Machine Learning,2026-03-29,In-person
947,***,***,30,Machine Learning,2027-03-15,Online
948,***,***,44,Web development,2026-07-22,Online
949,***,***,37,Software Engineering,2026-05-20,In-person
950,***,***,27,Data Science,2023-08-12,Online
951,***,***,45,Machine Learning,2023-06-30,Online
952,***,***,43,Web development,2023-06-21,Online
953,***,***,37,Data Science,2023-06-24,Online
954,***,***,26,Software Engineering,2026-10-02,Online
955,***,***,40,Machine Learning,2025-07-14,In-person
956,***,***,25,Machine Learning,2026-12-05,In-person
957,***,***,24,Data Engineering,2023-04-26,In-person
958,***,***,31,Machine Learning,2025-12-27,Online
959,***,***,35,Machine Learning,2027-07-03,Online
960,***,***,45,Data Engineering,2025-12-27,In-person
961,***,***,35,Machine Learning,2023-08-27,Online
962,***,***,35,Machine Learning,2026-04-23,Online
963,***,***,25,Data Science,2022-12-24,Online
964,***,***,22,Web development,2027-08-11,In-person
965,***,***,35,Software Engineering,2022-12-24,In-person
966,***,***,41,Machine Learning,2023-11-11,Online
967,***,***,39,Data Science,2026-04-25,Online
968,***,***,41,Software Engineering,2023-02-25,Online
969,***,***,22,Data Science,2023-10-12,In-person
970,***,***,29,Web development,2027-02-20,Online
971,***,***,40,Software Engineering,2023-11-21,Online
972,***,***,29,Web development,2023-12-12,Online
973,***,***,30,Web development,2023-08-14,In-person
974,***,***,30,Machine Learning,2023-03-08,In-person
975,***,***,37,Web development,2027-04-04,In-person
976,***,***,37,Software Engineering,2025-07-29,Online
977,***,***,40,Data Engineering,2026-06-13,Online
978,***,***,35,Data Engineering,2023-03-28,Online
979,***,***,42,Machine Learning,2027-05-22,In-person
980,***,***,32,Data Science,2023-02-20,Online
981,***,***,26,Data Engineering,2026-06-16,In-person
982,***,***,29,Software Engineering,2025-07-13,Online
983,***,***,28,Data Science,2024-05-19,Online
984,***,***,25,Data Engineering,2025-12-15,Online
985,***,***,40,Web development,2022-12-17,In-person
986,***,***,34,Web development,2023-11-24,In-person
987,***,***,23,Data Science,2025-01-24,Online
988,***,***,40,Data Engineering,2027-09-19,Online
989,***,***,38,Data Science,2022-10-26,Online
990,***,***,29,Data Science,2024-05-18,Online
991,***,***,27,Software Engineering,2023-02-24,In-person
992,***,***,30,Machine Learning,2024-03-07,Online
993,***,***,27,Data Engineering,2024-09-24,In-person
994,***,***,31,Data Engineering,2025-07-09,Online
995,***,***,41,Data Science,2025-11-17,Online
996,***,***,33,Data Engineering,2023-04-13,Online
997,***,***,31,Web development,2023-02-10,Online
998,***,***,27,Web development,2026-04-08,Online
999,***,***,27,Machine Learning,2023-11-29,Online
1000,***,***,30,Machine Learning,2026-04-22,Online
1001,***,***,25,Data Science,2023-06-17,Online
1002,***,***,38,Software Engineering,2025-06-15,Online
1003,***,***,28,Software Engineering,2025-02-10,In-person
1004,***,***,40,Web development,2026-10-15,Online
1005,***,***,28,Web development,2026-07-03,Online
1006,***,***,22,Data Engineering,2023-01-04,In-person
1007,***,***,24,Data Science,2026-07-10,In-person
1008,***,***,24,Data Science,2025-10-27,In-person
1009,***,***,27,Data Science,2026-11-13,In-person
1010,***,***,38,Data Engineering,2023-02-19,In-person
1011,***,***,26,Data Science,2023-04-13,Online
1012,***,***,29,Machine Learning,2027-03-25,Online
1013,***,***,38,Data Engineering,2024-07-05,Online
1014,***,***,33,Data Engineering,2024-03-05,In-person
1015,***,***,30,Data Science,2022-11-06,In-person
1016,***,***,29,Data Engineering,2024-04-05,Online
1017,***,***,29,Software Engineering,2024-06-16,In-person
1018,***,***,37,Software Engineering,2026-09-24,Online
1019,***,***,23,Web development,2027-01-09,In-person
1020,***,***,23,Machine Learning,2025-11-25,Online
1021,***,***,30,Data Engineering,2023-09-18,Online
1022,***,***,23,Software Engineering,2026-09-23,In-person
1023,***,***,23,Data Engineering,2025-06-28,Online
1024,***,***,23,Data Engineering,2023-12-23,In-person
1025,***,***,29,Web development,2026-07-13,In-person
1026,***,***,43,Data Engineering,2026-01-12,Online
1027,***,***,25,Machine Learning,2025-10-09,In-person
1028,***,***,27,Data Engineering,2023-09-18,In-person
1029,***,***,43,Web development,2026-02-03,Online
1030,***,***,45,Data Science,2023-01-13,In-person
1031,***,***,23,Data Engineering,2024-09-11,Online
1032,***,***,38,Data Engineering,2023-01-22,In-person
1033,***,***,44,Data Engineering,2025-04-06,Online
1034,***,***,27,Data Engineering,2024-03-18,Online
1035,***,***,40,Web development,2024-02-15,Online
1036,***,***,40,Software Engineering,2026-06-24,In-person
1037,***,***,44,Web development,2026-09-08,In-person
1038,***,***,30,Data Science,2025-12-18,Online
1039,***,***,41,Data Science,2027-02-23,In-person
1040,***,***,43,Software Engineering,2025-05-06,In-person
1041,***,***,38,Software Engineering,2026-12-23,In-person
1042,***,***,31,Web development,2023-02-13,In-person
1043,***,***,33,Data Science,2025-05-01,Online
1044,***,***,26,Data Engineering,2026-12-16,Online
1045,***,***,23,Software Engineering,2027-08-04,Online
1046,***,***,32,Data Science,2023-09-28,Online
1047,***,***,32,Data Science,2023-04-16,In-person
1048,***,***,38,Data Science,2024-01-16,Online
1049,***,***,29,Data Engineering,2025-06-29,In-person
1050,***,***,33,Machine Learning,2027-08-12,Online
1051,***,***,25,Data Science,2024-06-06,In-person
1052,***,***,27,Machine Learning,2025-09-13,Online
1053,***,***,40,Data Science,2025-02-09,In-person
1054,***,***,44,Software Engineering,2025-07-30,Online
1055,***,***,43,Software Engineering,2024-12-18,Online
1056,***,***,36,Machine Learning,2025-12-28,Online
1057,***,***,44,Software Engineering,2024-10-30,In-person
1058,***,***,27,Data Science,2023-06-30,Online
1059,***,***,41,Data Science,2024-01-02,Online
1060,***,***,27,Software Engineering,2027-03-16,Online
1061,***,***,30,Data Engineering,2025-07-15,Online
1062,***,***,26,Machine Learning,2026-08-23,In-person
1063,***,***,35,Machine Learning,2027-05-24,In-person
1064,***,***,44,Web development,2024-10-11,Online
1065,***,***,42,Machine Learning,2026-04-19,Online
1066,***,***,23,Data Science,2026-08-20,Online
1067,***,***,22,Machine Learning,2027-07-14,In-person
1068,***,***,38,Data Engineering,2023-08-30,In-person
1069,***,***,35,Data Science,2026-04-23,In-person
1070,***,***,27,Software Engineering,2026-02-03,Online
1071,***,***,37,Software Engineering,2027-01-18,Online
1072,***,***,25,Data Engineering,2025-04-03,Online
1073,***,***,33,Software Engineering,2027-01-31,Online
1074,***,***,31,Data Engineering,2025-05-28,In-person
1075,***,***,41,Web development,2027-05-18,In-person
1076,***,***,36,Software Engineering,2024-12-31,In-person
1077,***,***,31,Machine Learning,2025-05-03,In-person
1078,***,***,34,Software Engineering,2025-06-08,In-person
1079,***,***,36,Data Science,2025-11-25,In-person
1080,***,***,24,Web development,2027-04-05,Online
1081,***,***,33,Web development,2023-02-17,Online
1082,***,***,30,Data Engineering,2022-12-17,In-person
1083,***,***,27,Data Engineering,2026-07-18,Online
1084,***,***,28,Web development,2027-08-08,Online
1085,***,***,37,Data Science,2026-03-20,In-person
1086,***,***,22,Web development,2023-12-28,In-person
1087,***,***,37,Data Science,2024-05-25,Online
1088,***,***,34,Software Engineering,2026-03-07,In-person
1089,***,***,42,Data Engineering,2026-06-17,Online
1090,***,***,25,Machine Learning,2023-11-28,In-person
1091,***,***,39,Data Engineering,2022-12-15,Online
1092,***,***,31,Software Engineering,2024-06-17,In-person
1093,***,***,39,Software Engineering,2026-11-28,Online
1094,***,***,34,Web development,2025-01-31,Online
1095,***,***,23,Data Science,2025-09-11,In-person
1096,***,***,40,Software Engineering,2027-07-16,Online
1097,***,***,33,Software Engineering,2023-02-15,In-person
1098,***,***,44,Software Engineering,2026-09-07,Online
1099,***,***,33,Data Engineering,2024-10-10,In-person
1100,***,***,33,Software Engineering,2025-09-14,In-person
1101,***,***,22,Data Engineering,2025-03-03,Online
1102,***,***,37,Web development,2024-01-25,In-person
1103,***,***,23,Data Engineering,2027-07-23,In-person
1104,***,***,26,Software Engineering,2023-09-03,Online
1105,***,***,33,Machine Learning,2024-07-19,In-person
1106,***,***,38,Data Science,2027-05-04,In-person
1107,***,***,30,Data Engineering,2027-09-21,In-person
1108,***,***,44,Machine Learning,2023-12-04,In-person
1109,***,***,28,Software Engineering,2022-11-26,In-person
1110,***,***,25,Software Engineering,2023-03-05,Online
1111,***,***,43,Software Engineering,2027-07-06,In-person
1112,***,***,44,Web development,2022-10-23,Online
1113,***,***,32,Web development,2024-06-04,Online
1114,***,***,22,Web development,2025-02-11,In-person
1115,***,***,44,Data Science,2025-10-11,In-person
1116,***,***,41,Software Engineering,2026-07-15,Online
1117,***,***,39,Machine Learning,2025-03-16,In-person
1118,***,***,23,Machine Learning,2027-03-07,In-person
1119,***,***,44,Machine Learning,2023-01-25,Online
1120,***,***,43,Software Engineering,2023-12-17,Online
1121,***,***,36,Software Engineering,2023-04-17,Online
1122,***,***,33,Software Engineering,2025-12-14,Online
1123,***,***,33,Machine Learning,2024-06-10,In-person
1124,***,***,31,Software Engineering,2024-07-21,Online
1125,***,***,39,Data Science,2025-07-17,Online
1126,***,***,23,Data Engineering,2025-06-15,Online
1127,***,***,40,Machine Learning,2027-10-07,Online
1128,***,***,37,Software Engineering,2024-11-18,In-person
1129,***,***,39,Data Science,2024-06-16,Online
1130,***,***,22,Web development,2026-06-25,Online
1131,***,***,36,Data Science,2024-05-20,In-person
1132,***,***,39,Web development,2024-11-16,Online
1133,***,***,36,Web development,2027-02-14,Online
1134,***,***,31,Data Science,2027-09-01,Online
1135,***,***,42,Data Science,2026-08-03,In-person
1136,***,***,30,Data Engineering,2025-02-27,Online
1137,***,***,44,Data Engineering,2026-04-19,In-person
1138,***,***,39,Web development,2022-11-01,Online
1139,***,***,30,Data Science,2022-12-11,Online
1140,***,***,34,Web development,2026-08-26,Online
1141,***,***,36,Web development,2022-11-25,Online
1142,***,***,30,Software Engineering,2027-04-30,In-person
1143,***,***,41,Web development,2026-03-29,In-person
1144,***,***,31,Web development,2026-03-23,In-person
1145,***,***,37,Web development,2023-05-31,Online
1146,***,***,22,Web development,2024-10-20,In-person
1147,***,***,27,Data Engineering,2023-05-22,In-person
1148,***,***,28,Software Engineering,2026-02-27,Online
1149,***,***,32,Data Engineering,2025-04-02,In-person
1150,***,***,39,Software Engineering,2024-01-30,Online
1151,***,***,26,Data Science,2023-03-09,In-person
1152,***,***,38,Machine Learning,2025-11-01,In-person
1153,***,***,37,Web development,2025-12-14,In-person
1154,***,***,38,Data Science,2026-07-21,In-person
1155,***,***,24,Data Engineering,2026-03-05,Online
1156,***,***,44,Machine Learning,2026-09-25,Online
1157,***,***,32,Data Engineering,2026-06-02,In-person
1158,***,***,27,Software Engineering,2024-08-20,Online
1159,***,***,26,Machine Learning,2024-07-07,In-person
1160,***,***,36,Software Engineering,2024-09-26,Online
1161,***,***,38,Software Engineering,2025-03-10,Online
1162,***,***,35,Data Science,2024-07-01,Online
1163,***,***,42,Data Engineering,2024-06-09,Online
1164,***,***,34,Machine Learning,2027-07-07,Online
1165,***,***,29,Data Engineering,2025-09-11,In-person
1166,***,***,32,Data Science,2026-06-04,In-person
1167,***,***,35,Data Science,2025-01-02,In-person
1168,***,***,33,Data Science,2027-03-17,In-person
1169,***,***,22,Web development,2024-04-28,In-person
1170,***,***,29,Machine Learning,2025-01-23,In-person
1171,***,***,37,Machine Learning,2024-09-05,Online
1172,***,***,42,Data Science,2025-01-08,Online
1173,***,***,30,Software Engineering,2027-04-26,Online
1174,***,***,24,Data Engineering,2024-06-06,Online
1175,***,***,25,Data Engineering,2023-02-25,In-person
1176,***,***,41,Data Science,2026-06-02,In-person
1177,***,***,32,Data Science,2027-05-18,Online
1178,***,***,37,Data Science,2024-06-22,Online
1179,***,***,39,Data Science,2023-09-23,In-person
1180,***,***,36,Software Engineering,2023-08-11,Online
1181,***,***,42,Data Science,2027-05-21,Online
1182,***,***,39,Data Engineering,2025-10-13,In-person
1183,***,***,44,Software Engineering,2027-04-09,Online
1184,***,***,23,Data Science,2024-06-01,Online
1185,***,***,35,Software Engineering,2025-08-25,In-person
1186,***,***,41,Machine Learning,2024-11-28,In-person
1187,***,***,41,Data Engineering,2024-04-01,Online
1188,***,***,28,Software Engineering,2026-08-04,In-person
1189,***,***,22,Web development,2024-02-21,Online
1190,***,***,45,Data Engineering,2026-02-13,Online
1191,***,***,28,Machine Learning,2025-11-19,In-person
1192,***,***,44,Machine Learning,2027-01-24,Online
1193,***,***,27,Web development,2027-03-13,In-person
1194,***,***,42,Data Science,2022-12-19,In-person
1195,***,***,31,Web development,2027-06-27,In-person
1196,***,***,26,Machine Learning,2022-10-26,In-person
1197,***,***,41,Software Engineering,2023-04-15,In-person
1198,***,***,28,Data Engineering,2025-11-23,Online
1199,***,***,44,Web development,2025-04-12,Online
1200,***,***,38,Software Engineering,2026-08-20,Online
1201,***,***,32,Software Engineering,2023-10-11,Online
1202,***,***,42,Software Engineering,2025-02-15,In-person
1203,***,***,34,Data Science,2026-05-20,Online
1204,***,***,40,Data Engineering,2023-12-30,Online
1205,***,***,27,Software Engineering,2027-07-04,In-person
1206,***,***,34,Data Science,2026-01-24,In-person
1207,***,***,22,Web development,2026-12-20,Online
1208,***,***,25,Data Science,2027-02-09,In-person
1209,***,***,25,Machine Learning,2024-06-28,Online
1210,***,***,23,Data Science,2027-03-09,In-person
1211,***,***,37,Data Science,2024-03-09,In-person
1212,***,***,37,Data Engineering,2024-09-28,In-person
1213,***,***,40,Machine Learning,2025-11-06,Online
1214,***,***,44,Data Engineering,2023-07-31,Online
1215,***,***,23,Machine Learning,2025-06-10,In-person
1216,***,***,34,Data Engineering,2024-11-21,In-person
1217,***,***,38,Data Engineering,2026-03-18,Online
1218,***,***,45,Web development,2027-02-07,In-person
1219,***,***,30,Software Engineering,2022-11-29,In-person
1220,***,***,29,Machine Learning,2023-12-07,Online
1221,***,***,44,Data Science,2024-07-12,In-person
1222,***,***,24,Web development,2023-12-20,Online
1223,***,***,33,Data Engineering,2023-08-04,Online
1224,***,***,40,Web development,2025-01-23,In-person
1225,***,***,27,Software Engineering,2025-05-24,In-person
1226,***,***,38,Web development,2023-05-21,Online
1227,***,***,36,Machine Learning,2024-07-26,In-person
1228,***,***,43,Data Science,2024-02-10,Online
1229,***,***,41,Machine Learning,2027-06-17,In-person
1230,***,***,25,Web development,2023-10-11,Online
1231,***,***,33,Data Engineering,2025-03-15,In-person
1232,***,***,28,Machine Learning,2027-03-28,Online
1233,***,***,35,Data Engineering,2024-02-27,Online
1234,***,***,41,Machine Learning,2027-10-17,In-person
1235,***,***,24,Data Science,2027-08-13,Online
1236,***,***,24,Data Engineering,2025-02-14,Online
1237,***,***,44,Software Engineering,2024-01-29,In-person
1238,***,***,35,Machine Learning,2024-04-13,Online
1239,***,***,24,Data Science,2024-01-31,In-person
1240,***,***,24,Software Engineering,2025-04-15,Online
1241,***,***,27,Web development,2026-11-07,Online
1242,***,***,32,Software Engineering,2024-04-02,Online
1243,***,***,39,Data Science,2025-09-01,Online
1244,***,***,39,Data Engineering,2024-06-19,Online
1245,***,***,32,Machine Learning,2023-07-03,In-person
1246,***,***,39,Software Engineering,2024-09-08,Online
1247,***,***,27,Data Engineering,2026-06-23,In-person
1248,***,***,32,Machine Learning,2024-10-09,Online
1249,***,***,36,Software Engineering,2027-02-09,In-person
1250,***,***,42,Data Science,2025-03-28,In-person
1251,***,***,45,Data Engineering,2026-10-26,Online
1252,***,***,38,Software Engineering,2025-12-08,In-person
1253,***,***,44,Software Engineering,2024-12-13,Online
1254,***,***,29,Web development,2026-06-17,Online
1255,***,***,44,Machine Learning,2024-12-24,In-person
1256,***,***,27,Machine Learning,2026-01-10,Online
1257,***,***,24,Data Science,2022-11-11,Online
1258,***,***,27,Web development,2027-06-26,Online
1259,***,***,33,Software Engineering,2026-09-16,Online
1260,***,***,39,Machine Learning,2024-08-12,In-person
1261,***,***,36,Data Engineering,2025-11-07,Online
1262,***,***,29,Web development,2026-08-02,Online
1263,***,***,27,Data Engineering,2022-12-14,In-person
1264,***,***,28,Data Engineering,2026-07-13,Online
1265,***,***,29,Machine Learning,2025-11-06,In-person
1266,***,***,45,Web development,2027-05-17,In-person
1267,***,***,35,Data Science,2023-11-27,In-person
1268,***,***,29,Software Engineering,2027-04-23,In-person
1269,***,***,39,Web development,2024-08-31,In-person
1270,***,***,30,Machine Learning,2024-12-15,In-person
1271,***,***,39,Software Engineering,2023-07-31,Online
1272,***,***,41,Software Engineering,2026-07-11,Online
1273,***,***,25,Software Engineering,2024-09-13,Online
1274,***,***,34,Web development,2024-01-30,Online
1275,***,***,43,Software Engineering,2024-10-05,Online
1276,***,***,40,Machine Learning,2024-06-23,In-person
1277,***,***,27,Web development,2025-04-25,In-person
1278,***,***,26,Web development,2024-10-15,Online
1279,***,***,32,Machine Learning,2025-01-26,Online
1280,***,***,40,Machine Learning,2027-09-22,Online
1281,***,***,30,Software Engineering,2026-11-17,In-person
1282,***,***,45,Data Science,2026-07-02,In-person
1283,***,***,35,Data Engineering,2025-02-24,Online
1284,***,***,41,Data Engineering,2023-06-13,Online
1285,***,***,29,Data Science,2025-03-03,In-person
1286,***,***,24,Web development,2026-01-13,Online
1287,***,***,44,Data Science,2027-07-09,Online
1288,***,***,30,Machine Learning,2022-12-20,Online
1289,***,***,38,Data Science,2025-09-14,Online
1290,***,***,37,Web development,2024-04-25,Online
1291,***,***,41,Data Science,2027-05-03,Online
1292,***,***,36,Software Engineering,2026-08-07,Online
1293,***,***,42,Data Science,2024-07-09,In-person
1294,***,***,43,Data Science,2025-03-08,Online
1295,***,***,32,Data Engineering,2027-05-29,In-person
1296,***,***,23,Data Science,2025-08-10,In-person
1297,***,***,27,Machine Learning,2023-10-26,In-person
1298,***,***,45,Software Engineering,2022-12-29,In-person
1299,***,***,33,Machine Learning,2024-04-06,Online
1300,***,***,37,Software Engineering,2026-12-28,Online
1301,***,***,23,Software Engineering,2024-10-12,In-person
1302,***,***,43,Software Engineering,2024-02-21,Online
1303,***,***,29,Machine Learning,2022-11-10,In-person
1304,***,***,30,Web development,2025-05-17,In-person
1305,***,***,26,Web development,2023-01-18,In-person
1306,***,***,38,Machine Learning,2025-02-08,In-person
1307,***,***,35,Software Engineering,2026-05-31,Online
1308,***,***,39,Software Engineering,2025-06-18,In-person
1309,***,***,37,Web development,2022-11-03,Online
1310,***,***,35,Data Science,2026-04-01,In-person
1311,***,***,30,Data Science,2025-12-01,In-person
1312,***,***,31,Software Engineering,2025-07-19,In-person
1313,***,***,22,Web development,2025-03-29,Online
1314,***,***,33,Software Engineering,2023-10-07,Online
1315,***,***,45,Data Science,2022-11-13,Online
1316,***,***,41,Data Science,2027-10-06,Online
1317,***,***,30,Machine Learning,2023-05-29,Online
1318,***,***,37,Web development,2024-01-23,Online
1319,***,***,31,Web development,2024-08-10,In-person
1320,***,***,35,Data Science,2023-07-25,In-person
1321,***,***,43,Data Engineering,2027-07-01,Online
1322,***,***,45,Web development,2023-04-09,In-person
1323,***,***,25,Data Science,2027-08-28,In-person
1324,***,***,30,Machine Learning,2025-08-26,In-person
1325,***,***,35,Data Engineering,2023-03-29,In-person
1326,***,***,27,Web development,2027-02-07,Online
1327,***,***,25,Web development,2024-01-21,Online
1328,***,***,34,Data Science,2024-09-19,In-person
1329,***,***,40,Data Science,2025-05-16,Online
1330,***,***,38,Software Engineering,2023-04-05,In-person
1331,***,***,24,Software Engineering,2024-11-15,Online
1332,***,***,39,Data Engineering,2026-12-10,In-person
1333,***,***,37,Machine Learning,2026-03-13,Online
1334,***,***,38,Web development,2023-12-26,In-person
1335,***,***,33,Web development,2024-05-02,In-person
1336,***,***,32,Software Engineering,2026-12-29,Online
1337,***,***,25,Software Engineering,2024-06-03,In-person
1338,***,***,28,Software Engineering,2022-11-03,Online
1339,***,***,32,Web development,2025-10-01,Online
1340,***,***,42,Data Engineering,2025-05-19,In-person
1341,***,***,40,Software Engineering,2026-02-06,Online
1342,***,***,32,Data Engineering,2026-01-03,In-person
1343,***,***,38,Machine Learning,2027-09-27,Online
1344,***,***,35,Data Engineering,2022-10-27,Online
1345,***,***,22,Web development,2022-12-05,In-person
1346,***,***,42,Data Science,2022-11-22,Online
1347,***,***,27,Software Engineering,2023-04-11,Online
1348,***,***,32,Machine Learning,2024-03-13,In-person
1349,***,***,26,Data Science,2026-08-14,Online
1350,***,***,28,Data Engineering,2025-10-09,Online
1351,***,***,31,Machine Learning,2024-03-21,Online
1352,***,***,25,Software Engineering,2024-11-14,In-person
1353,***,***,41,Data Science,2024-06-23,In-person
1354,***,***,42,Software Engineering,2026-12-31,In-person
1355,***,***,42,Machine Learning,2026-05-12,Online
1356,***,***,27,Web development,2023-11-01,In-person
1357,***,***,25,Data Engineering,2024-10-31,In-person
1358,***,***,31,Data Engineering,2027-07-09,In-person
1359,***,***,40,Web development,2023-04-08,Online
1360,***,***,40,Data Science,2027-06-03,In-person
1361,***,***,45,Software Engineering,2026-02-21,In-person
1362,***,***,39,Software Engineering,2025-06-26,Online
1363,***,***,34,Machine Learning,2026-04-10,Online
1364,***,***,28,Data Science,2023-12-29,In-person
1365,***,***,25,Web development,2025-02-01,In-person
1366,***,***,29,Data Engineering,2024-09-27,In-person
1367,***,***,22,Web development,2026-09-13,In-person
1368,***,***,25,Web development,2023-05-12,Online
1369,***,***,34,Software Engineering,2026-10-12,Online
1370,***,***,45,Data Science,2025-11-24,In-person
1371,***,***,31,Web development,2023-07-15,In-person
1372,***,***,35,Data Engineering,2025-05-03,Online
1373,***,***,24,Data Engineering,2026-06-27,Online
1374,***,***,27,Software Engineering,2027-10-08,In-person
1375,***,***,35,Web development,2025-03-22,In-person
1376,***,***,27,Software Engineering,2023-01-09,Online
1377,***,***,27,Data Engineering,2024-06-24,In-person
1378,***,***,38,Data Engineering,2027-05-11,Online
1379,***,***,42,Web development,2027-07-27,In-person
1380,***,***,35,Software Engineering,2023-06-22,In-person
1381,***,***,22,Software Engineering,2023-02-21,In-person
1382,***,***,28,Data Science,2024-02-22,Online
1383,***,***,39,Web development,2026-08-19,Online
1384,***,***,39,Data Science,2027-03-10,In-person
1385,***,***,35,Software Engineering,2023-01-25,Online
1386,***,***,34,Web development,2026-03-08,Online
1387,***,***,45,Data Science,2027-09-22,In-person
1388,***,***,22,Data Engineering,2026-02-16,Online
1389,***,***,42,Data Science,2024-04-29,Online
1390,***,***,30,Machine Learning,2024-08-03,Online
1391,***,***,23,Data Science,2026-02-12,Online
1392,***,***,25,Software Engineering,2023-08-14,In-person
1393,***,***,40,Web development,2024-06-07,Online
1394,***,***,45,Web development,2025-10-16,In-person
1395,***,***,34,Data Science,2026-05-30,In-person
1396,***,***,44,Software Engineering,2026-08-09,Online
1397,***,***,37,Data Science,2025-02-28,Online
1398,***,***,43,Data Engineering,2026-02-27,Online
1399,***,***,38,Software Engineering,2026-03-05,In-person
1400,***,***,27,Machine Learning,2026-04-04,Online
1401,***,***,29,Software Engineering,2027-06-27,In-person
1402,***,***,39,Data Science,2023-04-08,In-person
1403,***,***,41,Data Engineering,2024-06-16,In-person
1404,***,***,39,Data Science,2025-10-20,In-person
1405,***,***,27,Data Science,2023-04-11,In-person
1406,***,***,25,Software Engineering,2023-05-01,Online
1407,***,***,44,Data Science,2024-04-15,Online
1408,***,***,39,Data Engineering,2027-09-09,Online
1409,***,***,45,Machine Learning,2026-09-20,Online
1410,***,***,43,Software Engineering,2026-08-22,In-person
1411,***,***,40,Web development,2026-10-12,Online
1412,***,***,33,Data Engineering,2023-01-07,In-person
1413,***,***,43,Data Engineering,2027-07-14,Online
1414,***,***,26,Web development,2024-04-06,Online
1415,***,***,39,Data Engineering,2026-06-28,Online
1416,***,***,37,Software Engineering,2026-04-25,Online
1417,***,***,26,Software Engineering,2023-07-29,Online
1418,***,***,32,Data Engineering,2027-01-10,Online
1419,***,***,22,Data Engineering,2023-05-29,In-person
1420,***,***,41,Data Engineering,2023-08-07,In-person
1421,***,***,43,Software Engineering,2024-10-09,In-person
1422,***,***,25,Data Science,2025-07-25,Online
1423,***,***,44,Data Science,2027-10-16,In-person
1424,***,***,34,Web development,2025-10-02,Online
1425,***,***,29,Web development,2025-01-26,Online
1426,***,***,30,Software Engineering,2023-10-17,In-person
1427,***,***,30,Data Engineering,2023-08-02,Online
1428,***,***,42,Software Engineering,2024-10-26,In-person
1429,***,***,24,Data Science,2027-03-03,Online
1430,***,***,31,Software Engineering,2025-10-18,In-person
1431,***,***,28,Data Science,2026-06-06,Online
1432,***,***,45,Data Science,2026-07-26,Online
1433,***,***,27,Data Engineering,2026-07-13,Online
1434,***,***,38,Data Engineering,2027-01-26,In-person
1435,***,***,29,Software Engineering,2024-09-19,Online
1436,***,***,36,Machine Learning,2026-03-11,In-person
1437,***,***,24,Software Engineering,2027-02-16,In-person
1438,***,***,30,Web development,2025-03-15,In-person
1439,***,***,39,Web development,2023-04-20,In-person
1440,***,***,42,Web development,2026-09-23,Online
1441,***,***,35,Software Engineering,2026-01-09,Online
1442,***,***,37,Web development,2026-12-02,Online
1443,***,***,29,Software Engineering,2026-10-23,In-person
1444,***,***,45,Data Engineering,2024-07-04,Online
1445,***,***,37,Machine Learning,2024-07-27,In-person
1446,***,***,41,Web development,2022-11-04,Online
1447,***,***,24,Data Engineering,2025-08-06,Online
1448,***,***,28,Software Engineering,2027-01-21,In-person
1449,***,***,32,Data Engineering,2024-09-29,Online
1450,***,***,31,Data Engineering,2027-03-26,In-person
1451,***,***,33,Web development,2027-06-14,In-person
1452,***,***,38,Data Engineering,2024-06-20,Online
1453,***,***,35,Machine Learning,2023-03-11,Online
1454,***,***,22,Data Science,2025-10-21,Online
1455,***,***,30,Data Science,2027-06-04,Online
1456,***,***,39,Data Engineering,2025-07-26,Online
1457,***,***,29,Software Engineering,2024-02-03,Online
1458,***,***,31,Data Engineering,2024-08-08,Online
1459,***,***,23,Data Science,2027-07-29,In-person
1460,***,***,25,Data Science,2026-03-03,Online
1461,***,***,22,Web development,2026-10-08,In-person
1462,***,***,41,Machine Learning,2024-01-22,In-person
1463,***,***,32,Web development,2026-10-10,Online
1464,***,***,24,Machine Learning,2026-03-17,In-person
1465,***,***,23,Data Engineering,2027-05-09,In-person
1466,***,***,27,Data Science,2025-04-05,Online
1467,***,***,38,Data Science,2026-10-06,Online
1468,***,***,39,Software Engineering,2024-01-31,In-person
1469,***,***,27,Software Engineering,2026-08-07,Online
1470,***,***,24,Machine Learning,2025-01-20,Online
1471,***,***,22,Software Engineering,2024-05-27,Online
1472,***,***,25,Software Engineering,2024-12-19,Online
1473,***,***,33,Software Engineering,2026-02-04,In-person
1474,***,***,26,Web development,2027-08-13,Online
1475,***,***,23,Software Engineering,2026-12-04,In-person
1476,***,***,28,Machine Learning,2027-05-23,In-person
1477,***,***,38,Data Engineering,2026-11-22,Online
1478,***,***,38,Web development,2024-05-04,Online
1479,***,***,31,Data Engineering,2026-09-02,Online
1480,***,***,36,Data Engineering,2024-03-14,Online
1481,***,***,38,Software Engineering,2025-12-15,Online
1482,***,***,29,Web development,2025-11-14,Online
1483,***,***,34,Web development,2025-03-19,Online
1484,***,***,28,Web development,2025-04-28,In-person
1485,***,***,40,Machine Learning,2025-08-26,Online
1486,***,***,28,Web development,2025-02-23,In-person
1487,***,***,40,Web development,2026-07-12,Online
1488,***,***,38,Data Science,2026-03-29,Online
1489,***,***,22,Software Engineering,2025-09-08,In-person
1490,***,***,23,Web development,2026-10-24,Online
1491,***,***,43,Software Engineering,2026-04-28,Online
1492,***,***,23,Web development,2023-01-04,In-person
1493,***,***,39,Web development,2026-03-23,Online
1494,***,***,22,Machine Learning,2027-08-17,Online
1495,***,***,40,Web development,2026-06-29,In-person
1496,***,***,37,Data Science,2024-09-26,Online
1497,***,***,27,Software Engineering,2024-04-20,Online
1498,***,***,35,Data Engineering,2027-08-21,In-person
1499,***,***,26,Data Engineering,2027-05-16,In-person
1500,***,***,25,Web development,2024-10-28,Online
1501,***,***,44,Data Science,2023-04-06,In-person
1502,***,***,22,Web development,2022-12-22,Online
1503,***,***,43,Machine Learning,2024-04-30,Online
1504,***,***,41,Software Engineering,2023-03-27,In-person
1505,***,***,32,Machine Learning,2024-12-11,Online
1506,***,***,43,Machine Learning,2026-08-18,In-person
1507,***,***,35,Machine Learning,2023-08-22,In-person
1508,***,***,40,Data Engineering,2026-03-06,In-person
1509,***,***,36,Web development,2025-10-09,Online
1510,***,***,24,Machine Learning,2024-11-01,Online
1511,***,***,35,Machine Learning,2022-10-19,Online
1512,***,***,24,Machine Learning,2025-02-27,In-person
1513,***,***,25,Data Engineering,2023-06-17,Online
1514,***,***,38,Machine Learning,2024-10-26,In-person
1515,***,***,31,Web development,2026-01-18,In-person
1516,***,***,37,Machine Learning,2024-03-08,In-person
1517,***,***,23,Machine Learning,2027-04-17,Online
1518,***,***,39,Software Engineering,2026-04-29,Online
1519,***,***,45,Data Science,2027-05-09,Online
1520,***,***,37,Data Science,2026-12-27,In-person
1521,***,***,36,Data Engineering,2027-09-18,Online
1522,***,***,38,Data Engineering,2027-05-28,Online
1523,***,***,34,Data Engineering,2022-10-30,In-person
1524,***,***,38,Web development,2025-01-28,In-person
1525,***,***,26,Machine Learning,2026-05-21,In-person
1526,***,***,23,Data Science,2024-01-31,In-person
1527,***,***,23,Web development,2025-12-21,Online
1528,***,***,23,Data Engineering,2027-10-05,Online
1529,***,***,40,Web development,2026-02-04,In-person
1530,***,***,32,Software Engineering,2025-03-18,Online
1531,***,***,40,Data Engineering,2025-04-29,In-person
1532,***,***,34,Data Engineering,2025-07-05,In-person
1533,***,***,35,Data Engineering,2025-11-13,Online
1534,***,***,26,Software Engineering,2023-06-08,In-person
1535,***,***,42,Software Engineering,2025-04-28,In-person
1536,***,***,40,Software Engineering,2026-09-19,Online
1537,***,***,38,Data Science,2024-10-29,In-person
1538,***,***,24,Data Engineering,2027-01-24,In-person
1539,***,***,22,Web development,2026-12-14,In-person
1540,***,***,37,Web development,2024-10-04,Online
1541,***,***,29,Data Engineering,2024-10-07,Online
1542,***,***,45,Software Engineering,2027-04-27,Online
1543,***,***,27,Data Science,2027-05-16,In-person
1544,***,***,31,Web development,2024-09-01,Online
1545,***,***,27,Software Engineering,2023-09-27,Online
1546,***,***,25,Data Science,2027-07-08,In-person
1547,***,***,39,Data Engineering,2026-09-11,In-person
1548,***,***,26,Web development,2026-02-01,In-person
1549,***,***,43,Web development,2023-04-25,Online
1550,***,***,23,Web development,2027-01-28,Online
1551,***,***,29,Web development,2026-08-30,Online
1552,***,***,27,Data Engineering,2027-01-31,Online
1553,***,***,31,Data Engineering,2024-11-02,In-person
1554,***,***,38,Machine Learning,2026-07-05,In-person
1555,***,***,22,Machine Learning,2026-06-23,In-person
1556,***,***,42,Web development,2024-08-03,Online
1557,***,***,39,Data Science,2027-10-05,In-person
1558,***,***,33,Web development,2025-09-13,In-person
1559,***,***,34,Data Science,2025-03-09,Online
1560,***,***,39,Machine Learning,2025-12-05,Online
1561,***,***,32,Machine Learning,2024-11-03,In-person
1562,***,***,42,Web development,2024-04-24,In-person
1563,***,***,27,Software Engineering,2024-04-15,In-person
1564,***,***,26,Data Engineering,2022-11-01,Online
1565,***,***,31,Data Science,2025-05-14,In-person
1566,***,***,23,Software Engineering,2027-02-23,In-person
1567,***,***,37,Data Science,2023-07-02,Online
1568,***,***,43,Machine Learning,2023-05-30,Online
1569,***,***,22,Software Engineering,2025-09-20,Online
1570,***,***,25,Data Engineering,2024-11-06,In-person
1571,***,***,33,Web development,2023-06-11,Online
1572,***,***,37,Data Science,2026-10-04,Online
1573,***,***,41,Software Engineering,2024-06-07,Online
1574,***,***,42,Web development,2027-08-24,Online
1575,***,***,40,Software Engineering,2027-03-21,In-person
1576,***,***,34,Software Engineering,2023-08-31,In-person
1577,***,***,27,Web development,2027-02-22,In-person
1578,***,***,42,Software Engineering,2027-03-16,In-person
1579,***,***,44,Software Engineering,2027-08-21,Online
1580,***,***,32,Data Science,2027-02-07,In-person
1581,***,***,23,Software Engineering,2025-09-21,In-person
1582,***,***,41,Data Engineering,2022-10-27,In-person
1583,***,***,42,Software Engineering,2026-11-20,Online
1584,***,***,29,Web development,2024-11-14,Online
1585,***,***,39,Software Engineering,2025-04-19,Online
1586,***,***,45,Software Engineering,2023-08-24,In-person
1587,***,***,38,Machine Learning,2022-10-23,Online
1588,***,***,38,Data Science,2022-11-14,Online
1589,***,***,40,Data Engineering,2027-09-13,In-person
1590,***,***,26,Data Science,2026-09-02,Online
1591,***,***,24,Machine Learning,2024-02-15,In-person
1592,***,***,30,Web development,2025-02-17,In-person
1593,***,***,32,Data Engineering,2027-09-03,In-person
1594,***,***,30,Data Science,2024-08-17,In-person
1595,***,***,29,Software Engineering,2027-05-16,Online
1596,***,***,35,Software Engineering,2025-06-02,In-person
1597,***,***,30,Data Engineering,2025-08-25,In-person
1598,***,***,24,Data Engineering,2025-09-03,In-person
1599,***,***,44,Software Engineering,2023-05-12,Online
1600,***,***,30,Machine Learning,2024-01-23,Online
1601,***,***,31,Web development,2024-11-18,In-person
1602,***,***,36,Web development,2023-07-17,In-person
1603,***,***,25,Data Science,2025-09-20,Online
1604,***,***,28,Software Engineering,2027-09-01,Online
1605,***,***,33,Software Engineering,2022-10-28,In-person
1606,***,***,34,Software Engineering,2023-01-06,Online
1607,***,***,36,Data Science,2026-04-26,Online
1608,***,***,38,Web development,2023-07-16,Online
1609,***,***,25,Web development,2024-05-13,Online
1610,***,***,27,Software Engineering,2024-05-23,Online
1611,***,***,22,Machine Learning,2024-02-03,In-person
1612,***,***,23,Data Science,2026-08-26,In-person
1613,***,***,36,Data Engineering,2026-03-09,Online
1614,***,***,25,Machine Learning,2026-11-03,In-person
1615,***,***,36,Data Science,2024-10-04,Online
1616,***,***,23,Machine Learning,2026-12-21,Online
1617,***,***,28,Machine Learning,2026-02-15,In-person
1618,***,***,39,Machine Learning,2026-07-04,Online
1619,***,***,34,Data Engineering,2024-06-27,In-person
1620,***,***,37,Data Science,2024-02-12,Online
1621,***,***,38,Data Engineering,2025-07-09,Online
1622,***,***,32,Machine Learning,2024-09-01,In-person
1623,***,***,38,Data Engineering,2023-11-19,Online
1624,***,***,37,Software Engineering,2024-02-09,Online
1625,***,***,34,Data Engineering,2026-02-24,Online
1626,***,***,44,Data Science,2022-12-03,In-person
1627,***,***,40,Web development,2024-12-20,Online
1628,***,***,27,Data Science,2023-04-27,Online
1629,***,***,43,Data Science,2026-05-29,In-person
1630,***,***,33,Software Engineering,2024-08-20,Online
1631,***,***,44,Machine Learning,2026-05-23,In-person
1632,***,***,35,Web development,2027-07-04,Online
1633,***,***,34,Web development,2022-12-08,Online
1634,***,***,27,Data Engineering,2024-09-01,In-person
1635,***,***,28,Data Engineering,2022-11-05,In-person
1636,***,***,23,Software Engineering,2023-01-17,In-person
1637,***,***,37,Machine Learning,2024-09-29,In-person
1638,***,***,28,Data Engineering,2024-11-07,Online
1639,***,***,41,Data Engineering,2027-05-11,In-person
1640,***,***,26,Data Engineering,2025-01-04,Online
1641,***,***,35,Web development,2026-11-04,In-person
1642,***,***,34,Software Engineering,2024-04-27,In-person
1643,***,***,33,Software Engineering,2026-12-30,Online
1644,***,***,33,Machine Learning,2025-11-20,In-person
1645,***,***,33,Data Engineering,2025-10-15,Online
1646,***,***,42,Data Science,2025-11-16,Online
1647,***,***,26,Data Science,2024-11-20,Online
1648,***,***,39,Machine Learning,2025-01-05,In-person
1649,***,***,35,Web development,2027-08-23,Online
1650,***,***,28,Software Engineering,2027-09-22,In-person
1651,***,***,44,Software Engineering,2027-01-28,In-person
1652,***,***,33,Data Science,2027-03-27,In-person
1653,***,***,35,Web development,2026-06-15,Online
1654,***,***,23,Data Science,2025-01-01,Online
1655,***,***,31,Data Science,2023-04-26,Online
1656,***,***,22,Machine Learning,2024-09-02,Online
1657,***,***,43,Machine Learning,2024-11-30,In-person
1658,***,***,42,Software Engineering,2024-02-08,In-person
1659,***,***,34,Machine Learning,2024-03-11,Online
1660,***,***,39,Data Engineering,2026-01-27,Online
1661,***,***,39,Data Engineering,2024-07-07,In-person
1662,***,***,45,Data Science,2023-01-26,Online
1663,***,***,35,Web development,2025-09-10,Online
1664,***,***,35,Software Engineering,2026-04-12,Online
1665,***,***,39,Web development,2023-03-20,In-person
1666,***,***,44,Software Engineering,2024-08-29,In-person
1667,***,***,39,Data Engineering,2023-08-30,Online
1668,***,***,23,Software Engineering,2024-10-10,Online
1669,***,***,44,Data Science,2023-05-06,Online
1670,***,***,42,Web development,2023-07-04,Online
1671,***,***,23,Data Science,2024-11-05,Online
1672,***,***,43,Web development,2025-08-25,In-person
1673,***,***,45,Data Engineering,2024-03-13,Online
1674,***,***,22,Software Engineering,2027-10-05,In-person
1675,***,***,39,Data Science,2024-05-13,In-person
1676,***,***,22,Machine Learning,2026-02-21,In-person
1677,***,***,27,Data Engineering,2024-06-08,In-person
1678,***,***,25,Machine Learning,2023-11-26,In-person
1679,***,***,25,Web development,2023-03-28,In-person
1680,***,***,29,Web development,2023-06-17,In-person
1681,***,***,25,Data Engineering,2027-09-07,Online
1682,***,***,27,Machine Learning,2026-10-20,Online
1683,***,***,41,Software Engineering,2026-05-15,Online
1684,***,***,25,Data Engineering,2022-11-13,In-person
1685,***,***,34,Data Engineering,2025-01-04,In-person
1686,***,***,23,Data Science,2026-11-24,Online
1687,***,***,38,Software Engineering,2027-02-10,In-person
1688,***,***,25,Data Science,2026-06-02,Online
1689,***,***,35,Software Engineering,2026-04-13,Online
1690,***,***,25,Data Engineering,2026-01-12,Online
1691,***,***,39,Machine Learning,2024-02-20,In-person
1692,***,***,29,Data Engineering,2023-11-30,In-person
1693,***,***,31,Data Engineering,2024-09-09,In-person
1694,***,***,25,Data Engineering,2024-11-04,In-person
1695,***,***,43,Web development,2026-02-13,Online
1696,***,***,23,Data Engineering,2025-01-09,Online
1697,***,***,29,Data Engineering,2025-11-26,Online
1698,***,***,30,Software Engineering,2026-07-17,In-person
1699,***,***,23,Software Engineering,2027-08-16,Online
1700,***,***,44,Data Engineering,2024-07-02,Online
1701,***,***,29,Data Engineering,2023-11-20,Online
1702,***,***,28,Web development,2023-03-09,Online
1703,***,***,28,Software Engineering,2024-05-26,Online
1704,***,***,41,Data Engineering,2023-01-31,In-person
1705,***,***,40,Machine Learning,2024-06-04,Online
1706,***,***,41,Web development,2025-01-01,In-person
1707,***,***,29,Web development,2024-01-05,Online
1708,***,***,23,Data Science,2024-05-07,In-person
1709,***,***,40,Data Engineering,2024-11-18,In-person
1710,***,***,43,Web development,2027-03-01,In-person
1711,***,***,43,Data Engineering,2024-07-05,Online
1712,***,***,24,Software Engineering,2027-06-01,In-person
1713,***,***,44,Data Science,2023-10-16,Online
1714,***,***,24,Software Engineering,2026-10-10,Online
1715,***,***,38,Machine Learning,2027-03-08,Online
1716,***,***,26,Software Engineering,2025-05-28,Online
1717,***,***,43,Data Engineering,2025-01-22,In-person
1718,***,***,34,Web development,2024-09-10,In-person
1719,***,***,23,Data Science,2027-05-03,In-person
1720,***,***,27,Data Science,2024-07-16,Online
1721,***,***,43,Data Engineering,2024-07-22,Online
1722,***,***,43,Machine Learning,2025-05-11,In-person
1723,***,***,37,Data Science,2024-01-10,Online
1724,***,***,34,Machine Learning,2027-02-05,In-person
1725,***,***,37,Software Engineering,2023-02-19,Online
1726,***,***,42,Machine Learning,2027-09-17,In-person
1727,***,***,27,Machine Learning,2025-05-03,Online
1728,***,***,34,Data Engineering,2026-06-06,Online
1729,***,***,23,Data Engineering,2026-06-30,Online
1730,***,***,38,Web development,2026-04-04,In-person
1731,***,***,40,Machine Learning,2024-01-22,In-person
1732,***,***,42,Software Engineering,2025-08-28,Online
1733,***,***,35,Machine Learning,2025-10-29,In-person
1734,***,***,41,Web development,2026-09-01,Online
1735,***,***,31,Data Engineering,2022-11-06,In-person
1736,***,***,32,Software Engineering,2024-02-02,Online
1737,***,***,28,Software Engineering,2026-02-15,In-person
1738,***,***,28,Web development,2024-07-16,Online
1739,***,***,33,Web development,2025-06-24,In-person
1740,***,***,28,Data Engineering,2026-06-27,In-person
1741,***,***,27,Data Engineering,2024-06-30,Online
1742,***,***,29,Machine Learning,2024-04-07,Online
1743,***,***,42,Web development,2023-11-26,In-person
1744,***,***,35,Software Engineering,2025-10-02,In-person
1745,***,***,39,Web development,2022-11-09,Online
1746,***,***,26,Machine Learning,2026-11-23,Online
1747,***,***,41,Data Engineering,2023-03-02,Online
1748,***,***,27,Data Science,2022-12-30,In-person
1749,***,***,29,Data Engineering,2026-05-06,Online
1750,***,***,27,Software Engineering,2025-04-28,Online
1751,***,***,31,Machine Learning,2023-12-01,In-person
1752,***,***,35,Data Engineering,2027-05-06,Online
1753,***,***,27,Machine Learning,2024-10-23,In-person
1754,***,***,36,Software Engineering,2025-07-09,In-person
1755,***,***,38,Data Engineering,2023-10-27,In-person
1756,***,***,28,Data Engineering,2022-12-14,Online
1757,***,***,32,Data Engineering,2023-05-08,Online
1758,***,***,44,Machine Learning,2026-07-01,In-person
1759,***,***,32,Web development,2025-10-17,In-person
1760,***,***,27,Data Engineering,2027-06-01,In-person
1761,***,***,25,Software Engineering,2026-04-19,In-person
1762,***,***,35,Machine Learning,2022-11-10,In-person
1763,***,***,44,Data Engineering,2025-08-04,Online
1764,***,***,29,Data Engineering,2023-10-28,In-person
1765,***,***,36,Web development,2027-08-11,Online
1766,***,***,28,Web development,2027-04-17,In-person
1767,***,***,38,Data Engineering,2023-05-10,In-person
1768,***,***,44,Software Engineering,2023-06-20,Online
1769,***,***,25,Software Engineering,2025-08-18,In-person
1770,***,***,24,Machine Learning,2023-06-03,In-person
1771,***,***,35,Software Engineering,2027-05-09,In-person
1772,***,***,32,Machine Learning,2025-04-02,Online
1773,***,***,44,Data Science,2024-03-26,In-person
1774,***,***,36,Machine Learning,2025-12-16,Online
1775,***,***,25,Software Engineering,2024-06-01,In-person
1776,***,***,45,Data Engineering,2026-05-16,In-person
1777,***,***,40,Data Science,2025-08-23,In-person
1778,***,***,31,Data Engineering,2027-01-08,Online
1779,***,***,44,Data Science,2024-07-21,In-person
1780,***,***,25,Data Science,2023-06-04,Online
1781,***,***,44,Data Engineering,2027-08-18,In-person
1782,***,***,28,Data Engineering,2023-03-01,In-person
1783,***,***,34,Machine Learning,2023-11-21,In-person
1784,***,***,22,Web development,2025-07-17,Online
1785,***,***,44,Data Science,2025-06-16,Online
1786,***,***,26,Machine Learning,2025-05-12,Online
1787,***,***,22,Machine Learning,2026-11-12,In-person
1788,***,***,40,Machine Learning,2023-03-18,Online
1789,***,***,39,Software Engineering,2023-06-26,Online
1790,***,***,38,Data Science,2024-02-26,In-person
1791,***,***,29,Web development,2023-12-09,In-person
1792,***,***,33,Web development,2023-08-04,Online
1793,***,***,31,Machine Learning,2023-10-09,In-person
1794,***,***,34,Software Engineering,2027-06-03,Online
1795,***,***,29,Data Science,2025-05-10,Online
1796,***,***,23,Data Engineering,2025-11-13,In-person
1797,***,***,43,Software Engineering,2023-10-28,In-person
1798,***,***,24,Data Engineering,2023-05-11,Online
1799,***,***,40,Data Science,2024-12-05,In-person
1800,***,***,43,Web development,2027-03-12,Online
1801,***,***,44,Web development,2026-10-22,In-person
1802,***,***,26,Software Engineering,2023-12-19,In-person
1803,***,***,41,Machine Learning,2025-11-26,Online
1804,***,***,27,Data Engineering,2027-07-14,In-person
1805,***,***,40,Machine Learning,2027-02-08,In-person
1806,***,***,23,Web development,2024-08-31,Online
1807,***,***,34,Data Science,2025-08-09,Online
1808,***,***,41,Machine Learning,2022-12-28,In-person
1809,***,***,32,Web development,2025-04-09,Online
1810,***,***,37,Web development,2022-12-18,In-person
1811,***,***,40,Data Science,2024-01-27,In-person
1812,***,***,25,Web development,2026-08-25,Online
1813,***,***,34,Machine Learning,2024-11-04,In-person
1814,***,***,43,Web development,2025-03-03,In-person
1815,***,***,27,Data Engineering,2024-05-04,Online
1816,***,***,32,Data Engineering,2024-08-07,In-person
1817,***,***,25,Data Engineering,2024-06-26,Online
1818,***,***,38,Software Engineering,2023-08-13,Online
1819,***,***,38,Data Science,2024-11-11,Online
1820,***,***,39,Web development,2023-02-21,In-person
1821,***,***,25,Software Engineering,2025-11-25,Online
1822,***,***,22,Machine Learning,2023-01-13,Online
1823,***,***,43,Machine Learning,2026-10-18,In-person
1824,***,***,43,Machine Learning,2023-07-09,In-person
1825,***,***,22,Software Engineering,2025-06-07,In-person
1826,***,***,45,Web development,2025-03-04,In-person
1827,***,***,39,Data Engineering,2023-06-03,In-person
1828,***,***,32,Data Engineering,2023-06-26,Online
1829,***,***,38,Web development,2025-10-26,In-person
1830,***,***,32,Software Engineering,2025-05-25,Online
1831,***,***,38,Web development,2023-04-09,Online
1832,***,***,34,Software Engineering,2023-11-07,Online
1833,***,***,43,Machine Learning,2024-01-03,In-person
1834,***,***,40,Software Engineering,2027-04-29,In-person
1835,***,***,25,Web development,2022-10-19,In-person
1836,***,***,39,Software Engineering,2024-02-06,Online
1837,***,***,30,Machine Learning,2026-07-12,Online
1838,***,***,26,Software Engineering,2027-01-17,In-person
1839,***,***,36,Data Engineering,2026-05-16,Online
1840,***,***,30,Web development,2023-05-09,Online
1841,***,***,32,Web development,2025-04-15,Online
1842,***,***,35,Data Science,2026-05-27,In-person
1843,***,***,36,Data Science,2024-03-07,Online
1844,***,***,33,Machine Learning,2025-10-12,In-person
1845,***,***,38,Software Engineering,2023-08-05,Online
1846,***,***,33,Machine Learning,2023-07-02,In-person
1847,***,***,42,Data Engineering,2023-08-17,In-person
1848,***,***,22,Data Engineering,2026-01-12,Online
1849,***,***,31,Machine Learning,2023-01-20,In-person
1850,***,***,22,Data Science,2024-11-11,Online
1851,***,***,40,Data Science,2023-03-07,In-person
1852,***,***,25,Data Engineering,2027-03-03,Online
1853,***,***,36,Machine Learning,2027-03-08,In-person
1854,***,***,22,Software Engineering,2024-01-16,In-person
1855,***,***,34,Software Engineering,2022-12-21,Online
1856,***,***,44,Machine Learning,2024-12-06,In-person
1857,***,***,26,Data Engineering,2024-01-25,In-person
1858,***,***,30,Software Engineering,2025-08-05,Online
1859,***,***,29,Data Science,2027-07-04,Online
1860,***,***,42,Web development,2025-06-29,In-person
1861,***,***,33,Software Engineering,2024-07-30,Online
1862,***,***,29,Machine Learning,2024-10-27,In-person
1863,***,***,29,Data Science,2025-07-16,In-person
1864,***,***,33,Data Engineering,2024-06-20,Online
1865,***,***,27,Machine Learning,2025-02-21,Online
1866,***,***,44,Machine Learning,2026-12-22,In-person
1867,***,***,30,Machine Learning,2027-05-23,In-person
1868,***,***,32,Data Engineering,2024-09-27,Online
1869,***,***,24,Web development,2024-07-02,Online
1870,***,***,40,Data Science,2027-07-26,In-person
1871,***,***,32,Data Science,2024-06-16,Online
1872,***,***,41,Data Engineering,2024-10-03,In-person
1873,***,***,22,Software Engineering,2022-10-21,Online
1874,***,***,24,Software Engineering,2023-01-11,Online
1875,***,***,38,Machine Learning,2025-10-09,Online
1876,***,***,36,Machine Learning,2026-06-10,In-person
1877,***,***,23,Machine Learning,2024-04-30,In-person
1878,***,***,45,Machine Learning,2024-10-12,Online
1879,***,***,43,Software Engineering,2023-03-03,Online
1880,***,***,25,Software Engineering,2023-07-02,In-person
1881,***,***,25,Machine Learning,2023-09-18,In-person
1882,***,***,40,Software Engineering,2026-05-23,In-person
1883,***,***,38,Software Engineering,2023-01-18,Online
1884,***,***,35,Data Engineering,2026-06-26,In-person
1885,***,***,40,Data Engineering,2024-11-02,Online
1886,***,***,27,Software Engineering,2025-04-16,Online
1887,***,***,37,Data Engineering,2026-02-24,Online
1888,***,***,22,Machine Learning,2025-10-28,In-person
1889,***,***,28,Data Science,2023-03-11,Online
1890,***,***,30,Software Engineering,2026-01-25,In-person
1891,***,***,22,Machine Learning,2024-05-18,Online
1892,***,***,42,Data Engineering,2027-04-27,Online
1893,***,***,43,Web development,2024-05-15,In-person
1894,***,***,32,Web development,2024-10-10,Online
1895,***,***,35,Data Science,2025-12-22,In-person
1896,***,***,42,Data Engineering,2024-01-06,Online
1897,***,***,28,Data Engineering,2026-04-02,In-person
1898,***,***,25,Data Engineering,2027-04-02,In-person
1899,***,***,22,Data Science,2026-07-23,In-person
1900,***,***,45,Machine Learning,2026-10-22,In-person
1901,***,***,34,Web development,2026-11-29,Online
1902,***,***,43,Data Engineering,2027-01-31,Online
1903,***,***,45,Software Engineering,2025-04-23,Online
1904,***,***,42,Web development,2024-06-13,Online
1905,***,***,42,Data Science,2025-11-29,In-person
1906,***,***,30,Software Engineering,2026-09-20,In-person
1907,***,***,37,Software Engineering,2025-07-06,Online
1908,***,***,25,Data Science,2023-03-08,Online
1909,***,***,34,Web development,2023-11-21,In-person
1910,***,***,36,Web development,2025-08-05,In-person
1911,***,***,32,Software Engineering,2024-07-04,Online
1912,***,***,35,Data Engineering,2023-08-17,In-person
1913,***,***,38,Software Engineering,2027-07-21,In-person
1914,***,***,23,Data Science,2026-02-13,In-person
1915,***,***,44,Data Engineering,2025-10-01,Online
1916,***,***,31,Machine Learning,2022-11-22,In-person
1917,***,***,29,Data Science,2023-09-27,In-person
1918,***,***,27,Data Engineering,2027-05-20,Online
1919,***,***,22,Web development,2022-11-05,Online
1920,***,***,33,Web development,2025-09-04,In-person
1921,***,***,37,Web development,2024-09-27,In-person
1922,***,***,37,Data Science,2027-04-18,In-person
1923,***,***,35,Machine Learning,2026-12-28,In-person
1924,***,***,27,Web development,2023-06-03,In-person
1925,***,***,27,Machine Learning,2023-03-02,Online
1926,***,***,29,Web development,2025-08-24,In-person
1927,***,***,32,Machine Learning,2024-07-16,In-person
1928,***,***,39,Machine Learning,2026-11-17,Online
1929,***,***,30,Data Engineering,2025-05-24,Online
1930,***,***,29,Web development,2026-01-18,In-person
1931,***,***,44,Data Science,2025-06-12,In-person
1932,***,***,36,Software Engineering,2024-05-18,In-person
1933,***,***,24,Web development,2024-07-07,Online
1934,***,***,24,Web development,2025-04-04,In-person
1935,***,***,24,Web development,2024-03-25,In-person
1936,***,***,35,Web development,2024-12-05,Online
1937,***,***,27,Web development,2022-11-08,In-person
1938,***,***,32,Data Engineering,2025-08-07,In-person
1939,***,***,33,Data Science,2024-08-29,Online
1940,***,***,31,Web development,2024-05-23,In-person
1941,***,***,44,Web development,2023-06-03,In-person
1942,***,***,36,Data Science,2026-11-06,In-person
1943,***,***,45,Machine Learning,2025-12-06,Online
1944,***,***,41,Data Engineering,2024-05-25,Online
1945,***,***,29,Web development,2025-12-25,In-person
1946,***,***,33,Data Engineering,2025-04-01,Online
1947,***,***,42,Data Science,2023-08-18,Online
1948,***,***,34,Machine Learning,2024-02-19,Online
1949,***,***,44,Web development,2025-11-26,In-person
1950,***,***,30,Data Science,2027-05-24,Online
1951,***,***,37,Software Engineering,2023-01-24,In-person
1952,***,***,39,Web development,2022-12-29,In-person
1953,***,***,34,Data Engineering,2025-08-10,Online
1954,***,***,37,Data Science,2025-01-16,In-person
1955,***,***,43,Software Engineering,2023-03-28,In-person
1956,***,***,27,Data Science,2025-02-11,Online
1957,***,***,27,Machine Learning,2026-03-11,Online
1958,***,***,36,Data Science,2027-02-23,Online
1959,***,***,38,Web development,2024-03-06,Online
1960,***,***,25,Data Science,2025-12-05,In-person
1961,***,***,27,Software Engineering,2027-03-23,Online
1962,***,***,44,Machine Learning,2026-05-17,In-person
1963,***,***,40,Web development,2023-06-28,In-person
1964,***,***,24,Machine Learning,2023-01-03,In-person
1965,***,***,45,Web development,2027-09-01,In-person
1966,***,***,27,Software Engineering,2023-04-15,In-person
1967,***,***,29,Machine Learning,2023-06-02,Online
1968,***,***,22,Data Science,2024-03-13,Online
1969,***,***,42,Software Engineering,2027-01-03,In-person
1970,***,***,45,Machine Learning,2024-08-02,Online
1971,***,***,28,Machine Learning,2024-09-13,In-person
1972,***,***,34,Web development,2023-12-01,Online
1973,***,***,38,Software Engineering,2023-11-14,Online
1974,***,***,30,Web development,2023-11-30,In-person
1975,***,***,29,Machine Learning,2026-04-09,In-person
1976,***,***,41,Machine Learning,2025-12-02,Online
1977,***,***,37,Machine Learning,2026-10-13,In-person
1978,***,***,28,Data Science,2023-11-04,In-person
1979,***,***,45,Web development,2027-05-09,Online
1980,***,***,23,Machine Learning,2024-06-29,Online
1981,***,***,37,Software Engineering,2024-07-29,Online
1982,***,***,41,Data Engineering,2025-11-04,Online
1983,***,***,41,Software Engineering,2023-03-24,In-person
1984,***,***,44,Software Engineering,2026-06-02,Online
1985,***,***,23,Web development,2025-06-08,In-person
1986,***,***,31,Software Engineering,2023-09-11,In-person
1987,***,***,33,Software Engineering,2024-04-06,Online
1988,***,***,44,Data Engineering,2025-03-21,In-person
1989,***,***,34,Data Science,2024-04-26,Online
1990,***,***,44,Data Engineering,2027-06-02,In-person
1991,***,***,45,Data Engineering,2027-03-24,Online
1992,***,***,29,Web development,2024-07-03,In-person
1993,***,***,23,Data Science,2026-06-13,In-person
1994,***,***,33,Machine Learning,2022-12-22,In-person
1995,***,***,25,Web development,2024-09-03,Online
1996,***,***,41,Data Engineering,2026-02-14,In-person
1997,***,***,26,Data Science,2023-03-28,In-person
1998,***,***,43,Machine Learning,2027-07-07,In-person
1999,***,***,29,Machine Learning,2026-10-20,In-person
2000,***,***,43,Software Engineering,2023-07-10,In-person
2001,***,***,29,Data Science,2026-01-23,In-person
2002,***,***,37,Machine Learning,2025-01-13,In-person
2003,***,***,42,Data Science,2025-07-06,Online
2004,***,***,31,Web development,2023-08-26,Online
2005,***,***,35,Software Engineering,2027-09-17,Online
2006,***,***,32,Web development,2026-12-13,In-person
2007,***,***,22,Software Engineering,2025-04-25,Online
2008,***,***,31,Data Science,2024-09-20,In-person
2009,***,***,38,Machine Learning,2022-11-03,Online
2010,***,***,44,Machine Learning,2024-04-07,Online
2011,***,***,37,Data Science,2025-11-01,In-person
2012,***,***,40,Data Science,2023-08-15,In-person
2013,***,***,35,Data Engineering,2023-03-27,Online
2014,***,***,28,Software Engineering,2024-06-21,In-person
2015,***,***,27,Data Science,2025-05-10,In-person
2016,***,***,43,Data Engineering,2026-12-15,In-person
2017,***,***,22,Machine Learning,2027-09-18,Online
2018,***,***,41,Web development,2025-11-25,In-person
2019,***,***,29,Machine Learning,2024-10-06,Online
2020,***,***,29,Web development,2023-01-03,Online
2021,***,***,44,Web development,2023-07-14,Online
2022,***,***,23,Data Science,2027-09-06,Online
2023,***,***,44,Web development,2022-12-18,Online
2024,***,***,22,Machine Learning,2023-01-28,Online
2025,***,***,25,Data Science,2023-11-20,In-person
2026,***,***,31,Web development,2025-08-16,Online
2027,***,***,45,Data Science,2027-05-08,Online
2028,***,***,28,Data Science,2027-05-09,In-person
2029,***,***,31,Data Science,2023-01-31,Online
2030,***,***,22,Data Engineering,2024-09-04,In-person
2031,***,***,39,Data Engineering,2027-07-29,In-person
2032,***,***,34,Machine Learning,2023-12-21,In-person
2033,***,***,28,Data Engineering,2027-09-30,In-person
2034,***,***,32,Data Engineering,2026-07-21,Online
2035,***,***,22,Machine Learning,2024-04-09,Online
2036,***,***,23,Machine Learning,2025-11-02,In-person
2037,***,***,23,Machine Learning,2026-04-20,In-person
2038,***,***,28,Web development,2024-06-25,In-person
2039,***,***,22,Software Engineering,2023-12-28,In-person
2040,***,***,30,Data Engineering,2027-07-22,Online
2041,***,***,25,Web development,2025-07-12,Online
2042,***,***,25,Data Engineering,2027-10-03,Online
2043,***,***,34,Data Science,2025-09-17,Online
2044,***,***,32,Data Science,2024-09-20,Online
2045,***,***,32,Data Engineering,2027-04-30,In-person
2046,***,***,32,Data Engineering,2026-04-03,Online
2047,***,***,41,Data Engineering,2025-11-11,In-person
2048,***,***,36,Software Engineering,2023-02-20,In-person
2049,***,***,44,Software Engineering,2023-10-04,In-person
2050,***,***,35,Software Engineering,2027-09-08,In-person
2051,***,***,39,Machine Learning,2025-11-19,In-person
2052,***,***,32,Web development,2026-08-12,In-person
2053,***,***,28,Data Science,2022-11-18,Online
2054,***,***,37,Software Engineering,2025-11-26,Online
2055,***,***,42,Software Engineering,2027-08-29,Online
2056,***,***,30,Web development,2025-08-08,In-person
2057,***,***,28,Web development,2026-02-03,In-person
2058,***,***,43,Machine Learning,2026-08-17,In-person
2059,***,***,28,Software Engineering,2024-06-12,Online
2060,***,***,36,Web development,2025-05-26,Online
2061,***,***,27,Data Engineering,2027-03-21,In-person
2062,***,***,28,Software Engineering,2023-09-22,Online
2063,***,***,24,Data Engineering,2027-08-10,Online
2064,***,***,28,Machine Learning,2023-03-30,In-person
2065,***,***,41,Data Science,2025-04-07,In-person
2066,***,***,35,Software Engineering,2027-01-12,Online
2067,***,***,41,Data Science,2023-11-24,Online
2068,***,***,26,Software Engineering,2025-09-19,Online
2069,***,***,36,Web development,2026-11-10,In-person
2070,***,***,40,Web development,2027-10-16,Online
2071,***,***,27,Data Engineering,2023-07-29,Online
2072,***,***,25,Data Science,2024-09-07,Online
2073,***,***,22,Software Engineering,2025-05-30,In-person
2074,***,***,45,Web development,2025-04-18,In-person
2075,***,***,41,Web development,2024-01-30,In-person
2076,***,***,40,Web development,2023-07-03,Online
2077,***,***,37,Data Science,2022-12-02,In-person
2078,***,***,30,Data Engineering,2026-11-30,Online
2079,***,***,44,Web development,2026-08-02,Online
2080,***,***,29,Data Engineering,2023-04-16,In-person
2081,***,***,41,Data Engineering,2024-05-25,Online
2082,***,***,32,Data Science,2026-07-20,In-person
2083,***,***,41,Data Science,2025-11-27,Online
2084,***,***,24,Web development,2023-03-30,In-person
2085,***,***,35,Data Science,2024-01-01,In-person
2086,***,***,45,Software Engineering,2026-06-05,In-person
2087,***,***,33,Machine Learning,2023-11-26,Online
2088,***,***,23,Software Engineering,2025-04-05,In-person
2089,***,***,41,Machine Learning,2025-05-04,In-person
2090,***,***,30,Data Engineering,2025-03-29,Online
2091,***,***,38,Web development,2023-04-14,Online
2092,***,***,37,Data Science,2024-07-16,In-person
2093,***,***,28,Machine Learning,2025-09-24,Online
2094,***,***,43,Web development,2026-01-20,In-person
2095,***,***,36,Machine Learning,2023-03-18,In-person
2096,***,***,29,Data Engineering,2026-09-21,Online
2097,***,***,33,Web development,2026-10-05,Online
2098,***,***,44,Software Engineering,2027-05-10,In-person
2099,***,***,22,Software Engineering,2026-04-16,In-person
2100,***,***,32,Data Science,2024-02-12,Online
2101,***,***,31,Web development,2025-07-14,In-person
2102,***,***,29,Data Science,2027-08-15,Online
2103,***,***,32,Software Engineering,2025-05-14,In-person
2104,***,***,29,Data Engineering,2027-07-25,In-person
2105,***,***,45,Data Engineering,2027-03-15,Online
2106,***,***,41,Software Engineering,2026-11-14,In-person
2107,***,***,45,Machine Learning,2024-04-02,In-person
2108,***,***,35,Web development,2025-12-30,Online
2109,***,***,30,Web development,2027-04-26,In-person
2110,***,***,22,Data Engineering,2025-11-19,In-person
2111,***,***,27,Machine Learning,2023-01-18,In-person
2112,***,***,34,Software Engineering,2023-12-28,In-person
2113,***,***,38,Web development,2026-01-27,Online
2114,***,***,24,Data Science,2023-10-24,Online
2115,***,***,43,Data Engineering,2024-10-01,Online
2116,***,***,45,Software Engineering,2026-06-25,Online
2117,***,***,34,Machine Learning,2027-09-03,In-person
2118,***,***,25,Machine Learning,2025-02-08,In-person
2119,***,***,33,Web development,2023-12-27,Online
2120,***,***,35,Data Engineering,2025-03-27,Online
2121,***,***,29,Data Engineering,2024-11-17,In-person
2122,***,***,35,Web development,2027-05-24,Online
2123,***,***,35,Software Engineering,2022-12-03,Online
2124,***,***,27,Data Engineering,2026-09-07,Online
2125,***,***,37,Web development,2023-12-16,In-person
2126,***,***,41,Data Engineering,2026-01-14,Online
2127,***,***,23,Data Science,2026-04-04,Online
2128,***,***,25,Data Science,2027-05-12,In-person
2129,***,***,29,Data Engineering,2024-11-24,In-person
2130,***,***,23,Data Science,2023-01-09,Online
2131,***,***,32,Data Engineering,2024-05-11,Online
2132,***,***,24,Web development,2026-10-09,Online
2133,***,***,24,Web development,2026-11-16,In-person
2134,***,***,22,Data Science,2025-12-17,Online
2135,***,***,45,Data Science,2025-04-05,In-person
2136,***,***,42,Software Engineering,2026-02-14,In-person
2137,***,***,39,Web development,2022-12-09,In-person
2138,***,***,35,Data Science,2023-01-29,In-person
2139,***,***,45,Data Science,2024-10-25,In-person
2140,***,***,25,Software Engineering,2027-06-29,Online
2141,***,***,39,Data Science,2022-12-03,In-person
2142,***,***,41,Data Engineering,2024-10-24,In-person
2143,***,***,35,Software Engineering,2023-09-02,In-person
2144,***,***,29,Web development,2027-10-12,In-person
2145,***,***,26,Data Science,2023-11-23,In-person
2146,***,***,33,Data Engineering,2024-01-27,Online
2147,***,***,38,Web development,2025-02-26,In-person
2148,***,***,40,Machine Learning,2026-02-13,In-person
2149,***,***,25,Software Engineering,2027-02-16,In-person
2150,***,***,39,Data Science,2027-03-29,Online
2151,***,***,23,Data Engineering,2025-11-08,In-person
2152,***,***,35,Software Engineering,2025-01-09,In-person
2153,***,***,33,Machine Learning,2023-01-28,Online
2154,***,***,38,Web development,2024-08-17,In-person
2155,***,***,34,Web development,2026-09-10,Online
2156,***,***,23,Data Science,2027-05-01,Online
2157,***,***,37,Software Engineering,2025-03-02,In-person
2158,***,***,25,Data Science,2026-07-20,In-person
2159,***,***,36,Web development,2025-05-24,In-person
2160,***,***,31,Data Engineering,2025-02-18,In-person
2161,***,***,40,Machine Learning,2027-01-01,In-person
2162,***,***,27,Data Science,2024-04-11,In-person
2163,***,***,37,Web development,2024-05-11,Online
2164,***,***,33,Software Engineering,2026-05-14,In-person
2165,***,***,27,Web development,2023-09-06,In-person
2166,***,***,43,Data Engineering,2025-09-06,In-person
2167,***,***,43,Machine Learning,2026-10-28,In-person
2168,***,***,42,Web development,2025-10-23,In-person
2169,***,***,36,Software Engineering,2023-09-15,Online
2170,***,***,41,Machine Learning,2023-11-21,In-person
2171,***,***,30,Machine Learning,2024-09-21,In-person
2172,***,***,23,Web development,2025-11-11,Online
2173,***,***,26,Data Science,2023-12-03,In-person
2174,***,***,41,Data Engineering,2027-03-11,In-person
2175,***,***,41,Machine Learning,2025-08-28,Online
2176,***,***,42,Software Engineering,2024-12-05,In-person
2177,***,***,33,Software Engineering,2026-07-17,In-person
2178,***,***,40,Web development,2025-12-10,In-person
2179,***,***,31,Software Engineering,2025-10-21,In-person
2180,***,***,39,Web development,2027-03-11,In-person
2181,***,***,42,Software Engineering,2026-09-14,In-person
2182,***,***,27,Data Science,2024-12-31,Online
2183,***,***,27,Software Engineering,2026-02-11,In-person
2184,***,***,44,Data Science,2027-02-02,In-person
2185,***,***,39,Software Engineering,2025-03-22,In-person
2186,***,***,43,Data Science,2027-10-13,Online
2187,***,***,42,Machine Learning,2023-03-01,Online
2188,***,***,32,Data Science,2027-09-19,In-person
2189,***,***,25,Machine Learning,2024-02-04,In-person
2190,***,***,44,Data Engineering,2022-11-18,Online
2191,***,***,39,Machine Learning,2023-12-27,Online
2192,***,***,28,Software Engineering,2026-03-18,In-person
2193,***,***,28,Software Engineering,2027-04-02,In-person
2194,***,***,37,Software Engineering,2026-11-26,Online
2195,***,***,37,Machine Learning,2025-03-11,Online
2196,***,***,23,Software Engineering,2025-08-09,In-person
2197,***,***,28,Machine Learning,2026-10-18,In-person
2198,***,***,41,Software Engineering,2023-08-25,Online
2199,***,***,39,Software Engineering,2023-11-23,Online
2200,***,***,43,Web development,2026-03-02,In-person
2201,***,***,24,Machine Learning,2026-09-07,Online
2202,***,***,31,Machine Learning,2025-04-30,In-person
2203,***,***,38,Data Science,2025-04-22,In-person
2204,***,***,28,Software Engineering,2024-02-20,In-person
2205,***,***,44,Machine Learning,2024-03-22,In-person
2206,***,***,28,Machine Learning,2026-09-26,Online
2207,***,***,45,Web development,2025-04-10,In-person
2208,***,***,43,Data Engineering,2023-02-26,In-person
2209,***,***,43,Data Engineering,2025-09-06,Online
2210,***,***,44,Data Engineering,2024-02-21,In-person
2211,***,***,35,Data Science,2023-12-15,Online
2212,***,***,40,Web development,2023-10-28,Online
2213,***,***,25,Software Engineering,2027-03-11,Online
2214,***,***,28,Data Engineering,2027-07-22,In-person
2215,***,***,33,Machine Learning,2026-12-23,In-person
2216,***,***,24,Software Engineering,2026-01-02,Online
2217,***,***,37,Data Engineering,2024-11-03,In-person
2218,***,***,22,Machine Learning,2023-02-24,In-person
2219,***,***,38,Machine Learning,2022-11-18,Online
2220,***,***,42,Software Engineering,2023-10-21,In-person
2221,***,***,40,Web development,2027-02-28,In-person
2222,***,***,39,Data Engineering,2024-01-05,In-person
2223,***,***,42,Software Engineering,2024-07-07,In-person
2224,***,***,44,Machine Learning,2026-06-15,Online
2225,***,***,27,Software Engineering,2023-05-26,In-person
2226,***,***,28,Software Engineering,2027-07-13,Online
2227,***,***,33,Software Engineering,2024-01-18,Online
2228,***,***,35,Software Engineering,2025-10-31,Online
2229,***,***,28,Software Engineering,2023-11-11,Online
2230,***,***,22,Data Engineering,2026-08-28,In-person
2231,***,***,42,Software Engineering,2022-12-09,Online
2232,***,***,32,Software Engineering,2025-12-03,Online
2233,***,***,42,Web development,2026-11-29,Online
2234,***,***,33,Machine Learning,2027-09-29,Online
2235,***,***,22,Machine Learning,2027-09-12,In-person
2236,***,***,30,Data Science,2023-08-07,In-person
2237,***,***,27,Data Science,2026-08-25,In-person
2238,***,***,23,Data Science,2024-09-18,In-person
2239,***,***,41,Software Engineering,2024-09-05,Online
2240,***,***,42,Data Science,2025-04-22,Online
2241,***,***,30,Web development,2026-12-02,Online
2242,***,***,22,Web development,2026-05-23,In-person
2243,***,***,29,Data Science,2026-04-15,In-person
2244,***,***,33,Software Engineering,2024-10-04,Online
2245,***,***,24,Web development,2023-07-05,In-person
2246,***,***,27,Machine Learning,2025-04-21,In-person
2247,***,***,36,Web development,2027-06-11,Online
2248,***,***,44,Data Science,2026-09-24,In-person
2249,***,***,36,Data Science,2023-11-09,Online
2250,***,***,36,Web development,2025-06-27,Online
2251,***,***,30,Machine Learning,2027-06-05,Online
2252,***,***,35,Software Engineering,2024-06-02,In-person
2253,***,***,29,Software Engineering,2027-10-08,Online
2254,***,***,23,Data Engineering,2025-10-21,In-person
2255,***,***,31,Data Science,2026-04-13,Online
2256,***,***,28,Data Science,2023-01-17,In-person
2257,***,***,37,Machine Learning,2025-12-07,Online
2258,***,***,38,Machine Learning,2023-02-23,In-person
2259,***,***,27,Machine Learning,2025-11-27,Online
2260,***,***,43,Software Engineering,2024-11-13,In-person
2261,***,***,28,Data Engineering,2024-09-14,Online
2262,***,***,41,Web development,2023-12-18,Online
2263,***,***,25,Web development,2025-11-26,Online
2264,***,***,28,Data Science,2024-05-11,In-person
2265,***,***,40,Software Engineering,2024-03-31,Online
2266,***,***,37,Web development,2024-04-02,Online
2267,***,***,31,Data Engineering,2025-05-14,In-person
2268,***,***,24,Web development,2026-04-07,Online
2269,***,***,35,Machine Learning,2027-06-27,Online
2270,***,***,45,Machine Learning,2023-10-04,Online
2271,***,***,36,Data Science,2025-01-27,Online
2272,***,***,35,Data Engineering,2023-11-20,Online
2273,***,***,45,Software Engineering,2027-06-29,Online
2274,***,***,41,Data Science,2023-03-01,In-person
2275,***,***,43,Data Engineering,2026-02-04,Online
2276,***,***,27,Web development,2025-08-03,Online
2277,***,***,35,Data Science,2023-11-07,Online
2278,***,***,34,Web development,2026-06-13,In-person
2279,***,***,29,Data Science,2027-08-11,In-person
2280,***,***,22,Software Engineering,2027-01-11,In-person
2281,***,***,22,Machine Learning,2026-09-25,Online
2282,***,***,43,Software Engineering,2026-11-25,In-person
2283,***,***,45,Software Engineering,2023-12-15,In-person
2284,***,***,35,Software Engineering,2023-02-09,In-person
2285,***,***,31,Web development,2027-07-05,Online
2286,***,***,44,Software Engineering,2024-08-23,Online
2287,***,***,42,Data Science,2027-08-31,Online
2288,***,***,29,Software Engineering,2023-10-26,Online
2289,***,***,36,Machine Learning,2025-11-14,Online
2290,***,***,31,Data Science,2025-05-27,Online
2291,***,***,24,Data Science,2025-06-20,In-person
2292,***,***,41,Software Engineering,2025-07-01,Online
2293,***,***,37,Web development,2026-04-14,In-person
2294,***,***,37,Machine Learning,2023-12-03,Online
2295,***,***,38,Data Science,2025-04-06,In-person
2296,***,***,34,Data Engineering,2026-03-29,In-person
2297,***,***,42,Software Engineering,2026-05-02,In-person
2298,***,***,26,Software Engineering,2023-06-12,Online
2299,***,***,26,Data Engineering,2026-12-10,In-person
2300,***,***,34,Web development,2027-05-27,Online
2301,***,***,32,Web development,2023-03-31,In-person
2302,***,***,41,Software Engineering,2026-01-04,In-person
2303,***,***,29,Data Engineering,2024-11-04,In-person
2304,***,***,45,Machine Learning,2025-06-10,Online
2305,***,***,42,Data Engineering,2027-03-01,In-person
2306,***,***,28,Data Engineering,2026-07-16,Online
2307,***,***,26,Data Science,2026-08-23,In-person
2308,***,***,24,Machine Learning,2026-01-23,Online
2309,***,***,23,Data Science,2024-08-12,In-person
2310,***,***,31,Machine Learning,2025-09-28,In-person
2311,***,***,40,Machine Learning,2026-09-16,In-person
2312,***,***,34,Machine Learning,2025-03-29,In-person
2313,***,***,39,Data Science,2023-08-01,Online
2314,***,***,32,Web development,2024-12-15,Online
2315,***,***,23,Machine Learning,2024-03-08,Online
2316,***,***,45,Data Engineering,2025-04-25,Online
2317,***,***,32,Software Engineering,2023-05-03,Online
2318,***,***,24,Machine Learning,2023-04-16,Online
2319,***,***,22,Data Science,2023-05-05,In-person
2320,***,***,38,Software Engineering,2025-10-23,Online
2321,***,***,27,Web development,2024-04-25,Online
2322,***,***,29,Data Engineering,2025-12-28,Online
2323,***,***,23,Software Engineering,2023-12-06,Online
2324,***,***,35,Software Engineering,2025-03-10,In-person
2325,***,***,26,Data Science,2025-09-07,In-person
2326,***,***,28,Machine Learning,2026-12-27,In-person
2327,***,***,31,Data Science,2022-12-10,In-person
2328,***,***,31,Data Science,2023-11-16,Online
2329,***,***,44,Data Engineering,2027-02-14,Online
2330,***,***,27,Data Engineering,2027-04-30,Online
2331,***,***,23,Data Science,2027-06-22,Online
2332,***,***,42,Data Science,2025-05-05,Online
2333,***,***,38,Machine Learning,2026-07-07,In-person
2334,***,***,27,Web development,2027-02-22,In-person
2335,***,***,33,Software Engineering,2025-02-13,In-person
2336,***,***,44,Software Engineering,2027-08-03,In-person
2337,***,***,43,Machine Learning,2025-12-04,In-person
2338,***,***,42,Software Engineering,2023-10-01,In-person
2339,***,***,38,Data Engineering,2026-02-02,In-person
2340,***,***,38,Machine Learning,2027-08-11,Online
2341,***,***,36,Web development,2026-02-09,In-person
2342,***,***,44,Software Engineering,2025-12-19,Online
2343,***,***,45,Machine Learning,2025-05-08,Online
2344,***,***,36,Web development,2026-11-11,Online
2345,***,***,43,Software Engineering,2026-07-18,Online
2346,***,***,30,Data Science,2025-07-18,In-person
2347,***,***,44,Machine Learning,2023-12-25,In-person
2348,***,***,28,Web development,2026-10-29,In-person
2349,***,***,43,Data Engineering,2024-07-09,In-person
2350,***,***,34,Data Engineering,2026-09-15,In-person
2351,***,***,29,Machine Learning,2023-05-26,In-person
2352,***,***,39,Machine Learning,2026-08-22,In-person
2353,***,***,31,Software Engineering,2027-05-03,In-person
2354,***,***,25,Machine Learning,2022-12-26,Online
2355,***,***,41,Web development,2027-09-06,Online
2356,***,***,44,Software Engineering,2027-03-25,In-person
2357,***,***,43,Machine Learning,2026-01-28,In-person
2358,***,***,45,Data Engineering,2025-11-24,In-person
2359,***,***,23,Machine Learning,2023-05-08,In-person
2360,***,***,36,Data Engineering,2026-05-11,In-person
2361,***,***,44,Web development,2027-07-15,In-person
2362,***,***,38,Web development,2024-11-09,Online
2363,***,***,23,Machine Learning,2025-08-12,Online
2364,***,***,38,Web development,2027-08-23,In-person
2365,***,***,40,Software Engineering,2026-12-07,In-person
2366,***,***,32,Machine Learning,2024-12-13,In-person
2367,***,***,31,Data Science,2023-11-14,In-person
2368,***,***,33,Data Engineering,2026-05-03,In-person
2369,***,***,38,Web development,2025-06-28,Online
2370,***,***,29,Machine Learning,2023-06-20,In-person
2371,***,***,31,Data Engineering,2027-07-13,Online
2372,***,***,39,Web development,2023-04-22,In-person
2373,***,***,32,Machine Learning,2024-02-11,In-person
2374,***,***,34,Web development,2022-12-31,In-person
2375,***,***,43,Data Engineering,2023-01-18,Online
2376,***,***,29,Web development,2024-06-19,In-person
2377,***,***,29,Data Engineering,2026-03-15,Online
2378,***,***,37,Data Engineering,2025-01-06,Online
2379,***,***,29,Machine Learning,2026-02-19,Online
2380,***,***,29,Data Engineering,2026-01-13,Online
2381,***,***,37,Data Science,2024-06-23,Online
2382,***,***,39,Machine Learning,2023-02-11,In-person
2383,***,***,43,Machine Learning,2024-04-03,In-person
2384,***,***,28,Web development,2023-11-29,Online
2385,***,***,44,Machine Learning,2023-11-24,In-person
2386,***,***,30,Software Engineering,2025-05-04,In-person
2387,***,***,32,Data Engineering,2027-02-04,Online
2388,***,***,31,Machine Learning,2024-07-17,In-person
2389,***,***,35,Software Engineering,2026-12-04,In-person
2390,***,***,25,Data Science,2023-10-21,Online
2391,***,***,41,Software Engineering,2026-09-29,Online
2392,***,***,39,Web development,2022-12-04,In-person
2393,***,***,22,Machine Learning,2025-12-02,Online
2394,***,***,37,Software Engineering,2027-05-04,Online
2395,***,***,39,Data Science,2025-08-17,Online
2396,***,***,35,Web development,2023-12-01,Online
2397,***,***,32,Data Engineering,2027-04-09,Online
2398,***,***,31,Machine Learning,2022-11-08,Online
2399,***,***,41,Software Engineering,2023-10-13,Online
2400,***,***,33,Machine Learning,2023-02-24,In-person
2401,***,***,25,Software Engineering,2024-01-26,Online
2402,***,***,27,Machine Learning,2023-11-28,Online
2403,***,***,25,Data Science,2026-03-15,Online
2404,***,***,25,Data Engineering,2025-07-16,Online
2405,***,***,24,Data Engineering,2026-04-09,Online
2406,***,***,42,Software Engineering,2026-01-07,Online
2407,***,***,42,Machine Learning,2024-08-12,In-person
2408,***,***,30,Data Science,2025-03-07,In-person
2409,***,***,44,Web development,2022-11-04,Online
2410,***,***,40,Data Science,2024-04-05,In-person
2411,***,***,35,Data Science,2026-03-20,In-person
2412,***,***,23,Data Engineering,2024-03-22,In-person
2413,***,***,22,Machine Learning,2026-10-23,Online
2414,***,***,25,Software Engineering,2026-08-03,Online
2415,***,***,45,Machine Learning,2027-04-02,Online
2416,***,***,35,Data Science,2025-03-13,In-person
2417,***,***,22,Software Engineering,2027-02-23,In-person
2418,***,***,22,Data Science,2023-02-10,In-person
2419,***,***,22,Machine Learning,2024-01-14,In-person
2420,***,***,25,Web development,2027-05-01,In-person
2421,***,***,22,Data Science,2024-09-02,In-person
2422,***,***,23,Data Engineering,2023-11-03,Online
2423,***,***,32,Software Engineering,2026-02-12,Online
2424,***,***,45,Software Engineering,2027-05-05,In-person
2425,***,***,28,Data Science,2024-07-18,In-person
2426,***,***,30,Software Engineering,2023-07-12,Online
2427,***,***,37,Machine Learning,2026-03-28,In-person
2428,***,***,43,Machine Learning,2024-09-09,In-person
2429,***,***,36,Web development,2027-09-18,Online
2430,***,***,36,Software Engineering,2024-05-10,Online
2431,***,***,23,Data Science,2024-08-16,Online
2432,***,***,39,Web development,2023-06-26,Online
2433,***,***,33,Data Engineering,2024-01-10,Online
2434,***,***,37,Data Science,2023-10-13,In-person
2435,***,***,35,Machine Learning,2026-03-01,In-person
2436,***,***,36,Software Engineering,2023-07-11,Online
2437,***,***,37,Data Engineering,2025-05-14,Online
2438,***,***,30,Data Science,2027-03-19,Online
2439,***,***,28,Software Engineering,2025-12-28,Online
2440,***,***,24,Web development,2024-03-01,Online
2441,***,***,25,Machine Learning,2026-03-18,In-person
2442,***,***,26,Software Engineering,2025-04-18,In-person
2443,***,***,24,Data Science,2024-10-31,Online
2444,***,***,24,Web development,2027-08-25,In-person
2445,***,***,37,Data Science,2027-06-04,Online
2446,***,***,37,Machine Learning,2027-06-27,In-person
2447,***,***,35,Data Science,2026-04-08,Online
2448,***,***,34,Machine Learning,2024-06-26,Online
2449,***,***,27,Software Engineering,2023-04-14,Online
2450,***,***,35,Data Science,2026-11-04,Online
2451,***,***,39,Data Engineering,2027-10-15,Online
2452,***,***,38,Machine Learning,2026-12-25,In-person
2453,***,***,44,Web development,2024-02-18,In-person
2454,***,***,29,Data Science,2023-06-27,Online
2455,***,***,33,Machine Learning,2023-08-28,Online
2456,***,***,34,Data Engineering,2024-03-30,Online
2457,***,***,34,Web development,2023-10-20,In-person
2458,***,***,36,Data Engineering,2023-07-31,Online
2459,***,***,26,Software Engineering,2026-12-17,Online
2460,***,***,42,Data Science,2024-06-14,Online
2461,***,***,24,Data Engineering,2026-08-11,Online
2462,***,***,26,Software Engineering,2023-08-04,In-person
2463,***,***,45,Software Engineering,2024-09-20,In-person
2464,***,***,32,Software Engineering,2027-07-05,Online
2465,***,***,23,Data Science,2024-09-05,In-person
2466,***,***,45,Software Engineering,2024-01-23,Online
2467,***,***,37,Data Engineering,2027-09-20,Online
2468,***,***,39,Web development,2024-05-25,In-person
2469,***,***,27,Data Science,2024-09-20,In-person
2470,***,***,23,Software Engineering,2023-02-28,In-person
2471,***,***,26,Software Engineering,2024-11-23,Online
2472,***,***,38,Data Engineering,2023-10-10,Online
2473,***,***,23,Software Engineering,2024-11-25,Online
2474,***,***,27,Web development,2026-06-15,Online
2475,***,***,41,Machine Learning,2027-07-13,Online
2476,***,***,30,Data Engineering,2022-12-03,In-person
2477,***,***,37,Data Science,2026-08-31,Online
2478,***,***,42,Software Engineering,2025-03-31,In-person
2479,***,***,44,Data Engineering,2023-01-01,Online
2480,***,***,31,Software Engineering,2024-09-23,In-person
2481,***,***,39,Web development,2024-08-24,In-person
2482,***,***,34,Web development,2023-04-20,Online
2483,***,***,35,Data Science,2027-03-24,In-person
2484,***,***,36,Software Engineering,2024-08-18,In-person
2485,***,***,27,Software Engineering,2023-05-15,In-person
2486,***,***,23,Data Engineering,2026-06-24,In-person
2487,***,***,43,Machine Learning,2024-03-04,In-person
2488,***,***,31,Data Engineering,2023-04-20,In-person
2489,***,***,41,Machine Learning,2022-10-24,Online
2490,***,***,29,Machine Learning,2027-07-08,In-person
2491,***,***,32,Software Engineering,2026-08-23,Online
2492,***,***,44,Data Engineering,2022-11-04,Online
2493,***,***,24,Web development,2027-02-10,Online
2494,***,***,32,Software Engineering,2023-10-07,In-person
2495,***,***,37,Software Engineering,2027-03-07,In-person
2496,***,***,22,Machine Learning,2027-01-28,Online
2497,***,***,45,Machine Learning,2026-07-03,In-person
2498,***,***,43,Software Engineering,2027-01-31,Online
2499,***,***,40,Data Science,2023-03-15,In-person
2500,***,***,33,Web development,2023-04-15,Online
2501,***,***,26,Software Engineering,2026-01-13,Online
2502,***,***,32,Web development,2024-09-15,In-person
2503,***,***,44,Machine Learning,2024-09-12,In-person
2504,***,***,22,Machine Learning,2024-07-08,Online
2505,***,***,26,Software Engineering,2027-01-24,Online
2506,***,***,32,Data Engineering,2023-08-30,Online
2507,***,***,34,Data Engineering,2025-05-06,Online
2508,***,***,28,Machine Learning,2026-04-21,In-person
2509,***,***,30,Data Science,2024-01-16,Online
2510,***,***,44,Data Engineering,2026-12-16,Online
2511,***,***,35,Data Engineering,2022-10-19,Online
2512,***,***,34,Machine Learning,2026-05-22,In-person
2513,***,***,28,Machine Learning,2027-01-27,Online
2514,***,***,30,Software Engineering,2025-09-26,In-person
2515,***,***,22,Web development,2026-09-15,In-person
2516,***,***,40,Data Engineering,2024-04-30,Online
2517,***,***,24,Web development,2025-10-25,Online
2518,***,***,28,Software Engineering,2026-11-06,Online
2519,***,***,30,Data Engineering,2023-12-08,Online
2520,***,***,39,Web development,2024-10-22,Online
2521,***,***,43,Data Science,2025-04-16,In-person
2522,***,***,30,Data Engineering,2027-05-24,Online
2523,***,***,28,Data Science,2024-05-29,Online
2524,***,***,40,Data Science,2023-06-16,In-person
2525,***,***,36,Web development,2025-01-15,Online
2526,***,***,32,Web development,2023-02-11,Online
2527,***,***,42,Machine Learning,2024-01-03,In-person
2528,***,***,25,Data Science,2023-06-09,Online
2529,***,***,29,Data Engineering,2024-05-26,Online
2530,***,***,34,Web development,2027-03-07,In-person
2531,***,***,22,Software Engineering,2023-12-07,In-person
2532,***,***,34,Machine Learning,2027-05-22,Online
2533,***,***,35,Web development,2025-05-09,In-person
2534,***,***,25,Data Science,2025-05-06,Online
2535,***,***,42,Data Science,2023-04-30,In-person
2536,***,***,41,Data Engineering,2025-06-12,Online
2537,***,***,38,Data Engineering,2027-04-25,In-person
2538,***,***,34,Data Science,2024-10-18,Online
2539,***,***,37,Data Engineering,2025-06-24,In-person
2540,***,***,45,Data Engineering,2026-10-07,In-person
2541,***,***,30,Web development,2027-07-21,In-person
2542,***,***,42,Web development,2023-04-28,Online
2543,***,***,32,Machine Learning,2023-11-27,In-person
2544,***,***,45,Data Science,2026-12-27,Online
2545,***,***,37,Software Engineering,2026-02-16,Online
2546,***,***,26,Machine Learning,2026-04-19,Online
2547,***,***,23,Data Science,2025-11-04,In-person
2548,***,***,23,Machine Learning,2025-07-22,Online
2549,***,***,32,Data Engineering,2026-09-26,In-person
2550,***,***,40,Software Engineering,2023-06-10,In-person
2551,***,***,28,Machine Learning,2023-03-18,In-person
2552,***,***,43,Machine Learning,2023-01-05,Online
2553,***,***,36,Software Engineering,2022-12-31,In-person
2554,***,***,23,Machine Learning,2027-02-12,Online
2555,***,***,33,Machine Learning,2026-05-25,Online
2556,***,***,22,Data Engineering,2024-09-08,In-person
2557,***,***,31,Software Engineering,2025-03-22,Online
2558,***,***,41,Data Engineering,2025-03-27,Online
2559,***,***,32,Software Engineering,2026-12-29,In-person
2560,***,***,34,Web development,2023-10-24,Online
2561,***,***,42,Machine Learning,2023-08-15,Online
2562,***,***,39,Machine Learning,2025-09-25,In-person
2563,***,***,38,Machine Learning,2025-07-19,Online
2564,***,***,27,Data Engineering,2024-10-12,Online
2565,***,***,42,Web development,2025-11-04,In-person
2566,***,***,37,Software Engineering,2026-04-25,In-person
2567,***,***,28,Web development,2024-04-25,Online
2568,***,***,32,Machine Learning,2024-08-08,In-person
2569,***,***,35,Data Engineering,2027-02-22,In-person
2570,***,***,23,Data Engineering,2023-03-28,In-person
2571,***,***,30,Web development,2027-10-08,Online
2572,***,***,36,Machine Learning,2027-05-03,In-person
2573,***,***,27,Data Engineering,2027-07-10,In-person
2574,***,***,25,Data Science,2023-12-14,Online
2575,***,***,38,Data Science,2026-03-06,Online
2576,***,***,36,Data Engineering,2026-07-24,Online
2577,***,***,31,Data Engineering,2025-01-29,In-person
2578,***,***,33,Web development,2024-02-21,Online
2579,***,***,36,Data Science,2023-06-09,In-person
2580,***,***,28,Software Engineering,2026-01-15,Online
2581,***,***,32,Web development,2024-06-01,Online
2582,***,***,24,Software Engineering,2023-09-04,In-person
2583,***,***,33,Data Science,2023-11-29,In-person
2584,***,***,30,Data Science,2024-10-31,Online
2585,***,***,38,Machine Learning,2026-08-15,In-person
2586,***,***,42,Data Science,2023-12-10,In-person
2587,***,***,33,Web development,2026-08-26,In-person
2588,***,***,24,Machine Learning,2023-09-11,In-person
2589,***,***,36,Software Engineering,2026-07-14,Online
2590,***,***,24,Data Engineering,2025-06-29,In-person
2591,***,***,27,Machine Learning,2027-02-18,In-person
2592,***,***,40,Software Engineering,2027-06-04,In-person
2593,***,***,39,Web development,2023-11-26,Online
2594,***,***,35,Data Engineering,2024-09-12,In-person
2595,***,***,40,Software Engineering,2024-06-27,Online
2596,***,***,37,Data Engineering,2023-04-19,Online
2597,***,***,43,Data Engineering,2026-10-12,Online
2598,***,***,45,Web development,2026-07-20,Online
2599,***,***,44,Data Science,2027-10-10,In-person
2600,***,***,24,Software Engineering,2025-01-28,In-person
2601,***,***,33,Data Science,2025-05-01,In-person
2602,***,***,32,Machine Learning,2023-12-27,Online
2603,***,***,37,Data Science,2023-10-21,Online
2604,***,***,40,Machine Learning,2025-04-25,In-person
2605,***,***,27,Machine Learning,2025-11-10,In-person
2606,***,***,29,Data Engineering,2024-01-16,In-person
2607,***,***,38,Software Engineering,2027-03-27,In-person
2608,***,***,24,Web development,2026-12-26,In-person
2609,***,***,41,Web development,2027-03-18,In-person
2610,***,***,38,Software Engineering,2023-08-06,Online
2611,***,***,24,Data Engineering,2024-05-06,In-person
2612,***,***,22,Machine Learning,2026-10-29,Online
2613,***,***,22,Data Science,2026-04-07,Online
2614,***,***,39,Data Engineering,2027-07-11,Online
2615,***,***,33,Data Science,2025-07-12,In-person
2616,***,***,38,Data Science,2026-01-23,In-person
2617,***,***,27,Software Engineering,2025-02-04,In-person
2618,***,***,33,Web development,2027-04-21,In-person
2619,***,***,27,Machine Learning,2027-10-17,Online
2620,***,***,44,Data Engineering,2026-03-29,In-person
2621,***,***,37,Machine Learning,2023-02-02,Online
2622,***,***,45,Data Science,2024-03-10,In-person
2623,***,***,37,Web development,2027-04-12,Online
2624,***,***,28,Data Engineering,2025-10-27,In-person
2625,***,***,26,Software Engineering,2027-10-12,In-person
2626,***,***,45,Software Engineering,2024-11-17,In-person
2627,***,***,41,Data Engineering,2025-02-07,Online
2628,***,***,26,Data Science,2027-01-09,Online
2629,***,***,29,Data Engineering,2025-05-26,In-person
2630,***,***,27,Data Engineering,2025-02-04,Online
2631,***,***,33,Data Science,2023-06-14,In-person
2632,***,***,37,Web development,2024-10-09,Online
2633,***,***,23,Software Engineering,2027-05-22,In-person
2634,***,***,42,Software Engineering,2023-08-20,Online
2635,***,***,42,Web development,2026-01-29,In-person
2636,***,***,24,Machine Learning,2025-01-16,Online
2637,***,***,27,Web development,2024-01-03,In-person
2638,***,***,38,Data Science,2023-01-23,In-person
2639,***,***,27,Data Science,2025-12-15,Online
2640,***,***,34,Software Engineering,2023-01-27,Online
2641,***,***,42,Data Science,2025-12-17,Online
2642,***,***,32,Data Science,2023-09-25,In-person
2643,***,***,27,Machine Learning,2024-05-07,Online
2644,***,***,35,Data Engineering,2025-05-27,In-person
2645,***,***,26,Data Engineering,2027-07-27,In-person
2646,***,***,23,Data Engineering,2026-01-22,Online
2647,***,***,42,Web development,2026-04-27,Online
2648,***,***,29,Software Engineering,2026-09-04,Online
2649,***,***,39,Data Engineering,2027-05-24,In-person
2650,***,***,39,Software Engineering,2025-06-01,Online
2651,***,***,38,Web development,2023-03-22,In-person
2652,***,***,36,Software Engineering,2027-04-07,In-person
2653,***,***,32,Machine Learning,2024-02-27,Online
2654,***,***,26,Data Engineering,2022-11-20,In-person
2655,***,***,36,Web development,2025-11-14,In-person
2656,***,***,42,Data Science,2025-05-16,Online
2657,***,***,28,Machine Learning,2022-11-23,In-person
2658,***,***,29,Data Engineering,2026-04-28,Online
2659,***,***,24,Machine Learning,2024-03-31,Online
2660,***,***,30,Software Engineering,2027-05-30,In-person
2661,***,***,30,Data Engineering,2025-05-30,Online
2662,***,***,44,Web development,2025-02-28,Online
2663,***,***,42,Machine Learning,2023-09-06,Online
2664,***,***,35,Data Science,2025-03-23,Online
2665,***,***,31,Data Science,2027-02-21,Online
2666,***,***,42,Data Engineering,2025-10-15,In-person
2667,***,***,45,Software Engineering,2026-06-24,Online
2668,***,***,23,Software Engineering,2023-04-13,Online
2669,***,***,39,Machine Learning,2023-01-21,Online
2670,***,***,25,Machine Learning,2026-10-09,Online
2671,***,***,23,Machine Learning,2023-03-27,Online
2672,***,***,36,Data Engineering,2027-07-11,In-person
2673,***,***,34,Data Science,2023-01-04,In-person
2674,***,***,23,Data Engineering,2027-03-12,In-person
2675,***,***,32,Machine Learning,2023-06-20,Online
2676,***,***,35,Software Engineering,2023-05-22,In-person
2677,***,***,25,Web development,2022-11-26,Online
2678,***,***,35,Data Engineering,2027-07-14,In-person
2679,***,***,29,Data Science,2026-02-10,Online
2680,***,***,33,Data Science,2023-06-28,In-person
2681,***,***,31,Data Engineering,2025-07-19,In-person
2682,***,***,27,Web development,2026-01-11,Online
2683,***,***,31,Data Science,2025-04-12,Online
2684,***,***,28,Data Engineering,2023-10-13,Online
2685,***,***,44,Web development,2024-09-23,In-person
2686,***,***,39,Software Engineering,2023-05-27,Online
2687,***,***,40,Data Science,2026-07-02,Online
2688,***,***,38,Web development,2026-10-03,In-person
2689,***,***,29,Data Engineering,2027-06-30,In-person
2690,***,***,43,Software Engineering,2024-11-16,Online
2691,***,***,40,Data Engineering,2024-11-13,In-person
2692,***,***,43,Web development,2027-09-09,Online
2693,***,***,31,Data Science,2024-10-17,In-person
2694,***,***,41,Data Engineering,2025-08-14,Online
2695,***,***,38,Data Engineering,2023-08-07,Online
2696,***,***,40,Web development,2025-05-17,In-person
2697,***,***,29,Machine Learning,2024-02-22,In-person
2698,***,***,30,Data Engineering,2024-07-07,Online
2699,***,***,28,Machine Learning,2027-07-17,Online
2700,***,***,33,Data Engineering,2025-07-11,In-person
2701,***,***,43,Machine Learning,2027-08-18,Online
2702,***,***,29,Software Engineering,2027-03-13,Online
2703,***,***,27,Machine Learning,2024-04-04,In-person
2704,***,***,28,Software Engineering,2023-02-11,In-person
2705,***,***,22,Software Engineering,2027-03-23,In-person
2706,***,***,29,Data Science,2026-01-08,Online
2707,***,***,38,Data Engineering,2027-04-19,Online
2708,***,***,42,Machine Learning,2024-10-06,In-person
2709,***,***,27,Machine Learning,2026-01-29,Online
2710,***,***,38,Machine Learning,2025-12-29,In-person
2711,***,***,30,Data Engineering,2026-06-07,Online
2712,***,***,33,Web development,2023-04-15,In-person
2713,***,***,35,Data Science,2025-08-09,Online
2714,***,***,22,Software Engineering,2022-10-31,Online
2715,***,***,29,Data Engineering,2026-09-19,Online
2716,***,***,22,Data Science,2025-12-11,Online
2717,***,***,24,Data Engineering,2023-02-11,In-person
2718,***,***,23,Web development,2026-12-07,In-person
2719,***,***,39,Web development,2026-07-02,In-person
2720,***,***,45,Data Engineering,2023-12-20,Online
2721,***,***,25,Data Science,2023-02-26,Online
2722,***,***,32,Software Engineering,2027-07-27,Online
2723,***,***,36,Data Science,2026-10-23,Online
2724,***,***,27,Software Engineering,2022-10-29,In-person
2725,***,***,28,Software Engineering,2024-04-13,Online
2726,***,***,41,Software Engineering,2026-10-12,In-person
2727,***,***,42,Software Engineering,2024-04-27,In-person
2728,***,***,36,Machine Learning,2025-03-20,Online
2729,***,***,28,Web development,2025-09-07,Online
2730,***,***,25,Machine Learning,2024-06-03,In-person
2731,***,***,42,Machine Learning,2024-12-16,Online
2732,***,***,29,Data Engineering,2026-09-23,Online
2733,***,***,22,Data Engineering,2023-02-16,In-person
2734,***,***,22,Software Engineering,2022-12-14,Online
2735,***,***,39,Machine Learning,2025-05-28,Online
2736,***,***,43,Software Engineering,2026-09-21,In-person
2737,***,***,23,Machine Learning,2023-02-22,Online
2738,***,***,32,Data Engineering,2024-10-29,In-person
2739,***,***,36,Data Science,2026-04-07,In-person
2740,***,***,29,Data Engineering,2027-05-29,In-person
2741,***,***,40,Machine Learning,2024-08-31,In-person
2742,***,***,41,Machine Learning,2023-08-02,In-person
2743,***,***,35,Data Science,2025-03-08,Online
2744,***,***,39,Software Engineering,2025-02-03,In-person
2745,***,***,25,Web development,2027-06-23,In-person
2746,***,***,39,Machine Learning,2024-11-08,In-person
2747,***,***,39,Data Engineering,2026-02-03,In-person
2748,***,***,23,Machine Learning,2027-04-16,In-person
2749,***,***,40,Web development,2026-02-22,Online
2750,***,***,36,Data Science,2025-02-17,Online
2751,***,***,39,Software Engineering,2026-06-07,In-person
2752,***,***,44,Data Science,2025-02-03,In-person
2753,***,***,28,Data Engineering,2023-01-16,In-person
2754,***,***,31,Data Science,2024-03-11,Online
2755,***,***,25,Data Engineering,2027-03-31,Online
2756,***,***,39,Data Science,2022-11-18,In-person
2757,***,***,38,Data Science,2023-11-27,Online
2758,***,***,25,Web development,2026-09-16,Online
2759,***,***,27,Data Science,2023-07-21,Online
2760,***,***,38,Data Science,2027-06-28,In-person
2761,***,***,36,Web development,2024-01-30,Online
2762,***,***,34,Data Engineering,2023-05-07,Online
2763,***,***,32,Software Engineering,2026-02-04,Online
2764,***,***,39,Data Engineering,2025-02-23,In-person
2765,***,***,41,Machine Learning,2023-07-07,In-person
2766,***,***,37,Software Engineering,2022-11-18,Online
2767,***,***,25,Web development,2026-10-12,In-person
2768,***,***,35,Data Engineering,2022-12-20,In-person
2769,***,***,25,Data Engineering,2026-06-11,In-person
2770,***,***,22,Data Science,2023-05-25,In-person
2771,***,***,32,Web development,2025-08-14,In-person
2772,***,***,42,Data Engineering,2024-09-06,Online
2773,***,***,43,Data Engineering,2025-01-07,Online
2774,***,***,30,Machine Learning,2024-06-06,In-person
2775,***,***,27,Data Engineering,2027-08-21,In-person
2776,***,***,29,Machine Learning,2023-07-04,In-person
2777,***,***,45,Software Engineering,2025-02-15,Online
2778,***,***,43,Machine Learning,2025-07-13,Online
2779,***,***,22,Machine Learning,2027-06-04,Online
2780,***,***,25,Software Engineering,2025-09-01,In-person
2781,***,***,37,Data Science,2022-11-13,In-person
2782,***,***,43,Data Science,2023-06-21,In-person
2783,***,***,23,Software Engineering,2026-12-29,Online
2784,***,***,30,Software Engineering,2027-10-04,In-person
2785,***,***,38,Web development,2025-09-06,In-person
2786,***,***,29,Data Engineering,2027-05-13,In-person
2787,***,***,32,Web development,2023-02-27,Online
2788,***,***,40,Machine Learning,2025-01-17,Online
2789,***,***,44,Web development,2023-09-13,In-person
2790,***,***,34,Software Engineering,2023-10-22,Online
2791,***,***,44,Data Engineering,2023-04-22,Online
2792,***,***,24,Software Engineering,2026-02-25,In-person
2793,***,***,35,Web development,2024-12-01,Online
2794,***,***,36,Software Engineering,2027-02-01,In-person
2795,***,***,43,Web development,2024-12-26,Online
2796,***,***,34,Data Engineering,2022-12-13,Online
2797,***,***,38,Machine Learning,2024-08-28,Online
2798,***,***,30,Machine Learning,2024-11-22,In-person
2799,***,***,42,Data Science,2026-04-01,In-person
2800,***,***,27,Web development,2023-08-12,Online
2801,***,***,35,Web development,2023-10-09,In-person
2802,***,***,23,Data Engineering,2023-07-09,Online
2803,***,***,38,Data Engineering,2026-09-02,In-person
2804,***,***,43,Web development,2026-07-20,In-person
2805,***,***,45,Machine Learning,2027-09-13,In-person
2806,***,***,45,Machine Learning,2022-11-27,Online
2807,***,***,43,Software Engineering,2023-05-01,Online
2808,***,***,26,Data Science,2023-05-22,In-person
2809,***,***,39,Software Engineering,2024-12-16,In-person
2810,***,***,26,Data Science,2024-09-27,Online
2811,***,***,40,Web development,2022-11-23,Online
2812,***,***,26,Machine Learning,2027-05-17,Online
2813,***,***,37,Data Science,2026-06-29,In-person
2814,***,***,37,Web development,2026-08-12,Online
2815,***,***,23,Web development,2024-10-27,Online
2816,***,***,43,Data Science,2026-09-05,In-person
2817,***,***,40,Machine Learning,2027-01-21,In-person
2818,***,***,40,Web development,2023-07-26,Online
2819,***,***,45,Data Science,2026-01-05,Online
2820,***,***,34,Data Science,2027-09-12,Online
2821,***,***,23,Data Engineering,2023-04-04,In-person
2822,***,***,33,Data Science,2023-10-31,In-person
2823,***,***,41,Data Science,2024-01-30,In-person
2824,***,***,39,Data Engineering,2024-10-16,In-person
2825,***,***,38,Data Science,2023-04-19,Online
2826,***,***,41,Data Engineering,2026-09-30,Online
2827,***,***,23,Software Engineering,2027-06-08,In-person
2828,***,***,32,Data Engineering,2022-10-24,In-person
2829,***,***,32,Web development,2026-05-08,Online
2830,***,***,43,Machine Learning,2023-10-29,In-person
2831,***,***,40,Software Engineering,2024-03-04,In-person
2832,***,***,26,Data Science,2027-01-02,Online
2833,***,***,24,Data Engineering,2024-05-26,In-person
2834,***,***,28,Web development,2025-03-05,In-person
2835,***,***,27,Data Engineering,2024-04-14,Online
2836,***,***,31,Software Engineering,2025-10-01,Online
2837,***,***,29,Data Science,2025-03-05,Online
2838,***,***,37,Data Science,2026-05-15,In-person
2839,***,***,29,Data Engineering,2022-11-26,In-person
2840,***,***,30,Software Engineering,2023-10-10,Online
2841,***,***,42,Software Engineering,2025-04-03,Online
2842,***,***,45,Web development,2027-05-08,In-person
2843,***,***,23,Web development,2027-10-10,In-person
2844,***,***,31,Software Engineering,2022-12-15,In-person
2845,***,***,31,Web development,2022-11-19,Online
2846,***,***,43,Machine Learning,2024-04-02,In-person
2847,***,***,29,Data Science,2027-10-03,In-person
2848,***,***,34,Data Science,2027-01-05,Online
2849,***,***,29,Web development,2027-06-16,Online
2850,***,***,43,Web development,2024-05-31,Online
2851,***,***,31,Software Engineering,2023-12-18,In-person
2852,***,***,33,Data Science,2026-08-20,Online
2853,***,***,27,Machine Learning,2025-04-29,Online
2854,***,***,26,Data Engineering,2023-11-25,Online
2855,***,***,33,Software Engineering,2027-09-11,In-person
2856,***,***,32,Data Science,2027-07-27,Online
2857,***,***,26,Software Engineering,2025-04-23,Online
2858,***,***,37,Data Engineering,2025-08-19,Online
2859,***,***,36,Software Engineering,2026-08-13,Online
2860,***,***,39,Machine Learning,2023-01-21,Online
2861,***,***,45,Data Science,2023-04-21,Online
2862,***,***,33,Data Science,2023-02-04,In-person
2863,***,***,35,Machine Learning,2027-07-07,Online
2864,***,***,32,Data Engineering,2025-05-24,In-person
2865,***,***,42,Web development,2026-08-23,In-person
2866,***,***,36,Machine Learning,2022-11-01,In-person
2867,***,***,32,Machine Learning,2023-02-01,Online
2868,***,***,28,Data Engineering,2026-04-13,Online
2869,***,***,31,Machine Learning,2026-08-14,In-person
2870,***,***,38,Software Engineering,2026-10-19,Online
2871,***,***,27,Data Science,2025-09-17,Online
2872,***,***,25,Machine Learning,2025-03-30,In-person
2873,***,***,24,Data Engineering,2024-03-27,Online
2874,***,***,28,Web development,2024-02-01,Online
2875,***,***,38,Machine Learning,2026-02-02,In-person
2876,***,***,37,Software Engineering,2026-08-22,Online
2877,***,***,41,Data Engineering,2023-07-14,Online
2878,***,***,33,Software Engineering,2025-09-03,Online
2879,***,***,43,Data Engineering,2025-05-10,In-person
2880,***,***,42,Web development,2026-12-30,In-person
2881,***,***,23,Machine Learning,2024-11-22,Online
2882,***,***,41,Data Engineering,2026-11-14,Online
2883,***,***,30,Machine Learning,2027-05-09,Online
2884,***,***,34,Data Engineering,2025-02-15,Online
2885,***,***,27,Data Engineering,2024-06-23,In-person
2886,***,***,24,Data Science,2024-07-06,In-person
2887,***,***,36,Web development,2025-11-04,Online
2888,***,***,37,Data Engineering,2026-12-20,In-person
2889,***,***,35,Web development,2024-02-23,Online
2890,***,***,33,Web development,2027-03-11,Online
2891,***,***,38,Web development,2025-05-25,Online
2892,***,***,32,Machine Learning,2026-07-27,Online
2893,***,***,35,Machine Learning,2023-08-14,In-person
2894,***,***,35,Data Engineering,2023-06-12,In-person
2895,***,***,31,Data Engineering,2027-10-12,In-person
2896,***,***,23,Data Engineering,2023-08-24,Online
2897,***,***,32,Data Engineering,2026-11-11,In-person
2898,***,***,32,Data Engineering,2023-03-07,Online
2899,***,***,23,Data Engineering,2023-10-10,Online
2900,***,***,27,Web development,2024-11-12,Online
2901,***,***,38,Data Engineering,2023-10-05,Online
2902,***,***,35,Web development,2025-11-27,Online
2903,***,***,38,Software Engineering,2027-02-11,In-person
2904,***,***,22,Machine Learning,2025-02-08,In-person
2905,***,***,35,Data Science,2026-12-26,Online
2906,***,***,32,Machine Learning,2024-05-21,Online
2907,***,***,34,Data Engineering,2026-03-20,Online
2908,***,***,35,Data Engineering,2026-04-01,In-person
2909,***,***,36,Software Engineering,2024-06-17,In-person
2910,***,***,26,Software Engineering,2024-04-19,In-person
2911,***,***,36,Data Science,2025-12-18,In-person
2912,***,***,32,Machine Learning,2024-01-10,Online
2913,***,***,39,Machine Learning,2026-12-02,In-person
2914,***,***,22,Software Engineering,2024-08-13,In-person
2915,***,***,27,Data Engineering,2024-07-05,Online
2916,***,***,28,Web development,2027-05-08,Online
2917,***,***,45,Web development,2024-06-30,In-person
2918,***,***,24,Software Engineering,2026-05-20,In-person
2919,***,***,34,Web development,2024-07-11,In-person
2920,***,***,23,Data Engineering,2023-03-16,In-person
2921,***,***,38,Software Engineering,2025-03-13,In-person
2922,***,***,36,Data Engineering,2026-12-20,In-person
2923,***,***,33,Web development,2027-09-27,In-person
2924,***,***,33,Software Engineering,2027-06-29,Online
2925,***,***,22,Web development,2026-10-07,Online
2926,***,***,29,Web development,2026-04-29,Online
2927,***,***,38,Web development,2026-11-24,Online
2928,***,***,22,Data Engineering,2025-01-02,Online
2929,***,***,34,Web development,2026-07-21,Online
2930,***,***,39,Data Science,2027-02-05,In-person
2931,***,***,41,Machine Learning,2022-11-05,Online
2932,***,***,35,Data Science,2024-06-25,In-person
2933,***,***,23,Data Engineering,2027-08-22,In-person
2934,***,***,38,Machine Learning,2026-07-24,In-person
2935,***,***,25,Web development,2027-01-25,In-person
2936,***,***,45,Machine Learning,2023-01-17,Online
2937,***,***,31,Data Science,2026-02-25,In-person
2938,***,***,44,Data Engineering,2025-06-03,In-person
2939,***,***,42,Software Engineering,2026-02-04,Online
2940,***,***,44,Software Engineering,2022-10-20,Online
2941,***,***,32,Data Science,2024-09-29,In-person
2942,***,***,30,Data Engineering,2023-12-12,Online
2943,***,***,39,Machine Learning,2022-12-28,Online
2944,***,***,35,Web development,2027-08-20,Online
2945,***,***,26,Data Engineering,2027-02-04,Online
2946,***,***,30,Software Engineering,2027-02-11,In-person
2947,***,***,31,Software Engineering,2026-01-21,In-person
2948,***,***,42,Machine Learning,2024-01-07,Online
2949,***,***,23,Data Engineering,2023-11-05,Online
2950,***,***,39,Software Engineering,2025-04-17,Online
2951,***,***,35,Software Engineering,2027-05-03,Online
2952,***,***,42,Data Engineering,2025-11-11,Online
2953,***,***,32,Web development,2023-05-18,In-person
2954,***,***,28,Machine Learning,2023-10-29,In-person
2955,***,***,38,Machine Learning,2026-11-10,Online
2956,***,***,39,Data Engineering,2027-06-03,Online
2957,***,***,35,Data Engineering,2027-08-14,In-person
2958,***,***,43,Web development,2025-12-30,Online
2959,***,***,23,Web development,2023-10-14,Online
2960,***,***,43,Software Engineering,2023-05-26,In-person
2961,***,***,45,Data Engineering,2025-12-17,Online
2962,***,***,28,Software Engineering,2024-01-12,In-person
2963,***,***,28,Machine Learning,2026-01-09,In-person
2964,***,***,22,Machine Learning,2023-02-22,Online
2965,***,***,39,Machine Learning,2023-04-04,In-person
2966,***,***,29,Data Engineering,2025-05-10,Online
2967,***,***,40,Data Engineering,2026-09-15,In-person
2968,***,***,35,Web development,2024-09-25,In-person
2969,***,***,34,Data Science,2024-01-16,Online
2970,***,***,29,Data Science,2025-01-08,In-person
2971,***,***,22,Data Science,2027-07-25,In-person
2972,***,***,26,Software Engineering,2024-10-27,Online
2973,***,***,42,Data Science,2023-03-23,Online
2974,***,***,26,Software Engineering,2025-06-20,In-person
2975,***,***,24,Web development,2022-12-11,Online
2976,***,***,35,Software Engineering,2024-09-05,Online
2977,***,***,29,Machine Learning,2022-10-18,Online
2978,***,***,36,Data Engineering,2023-01-11,In-person
2979,***,***,38,Data Science,2024-12-14,Online
2980,***,***,42,Software Engineering,2023-10-31,Online
2981,***,***,29,Web development,2025-07-28,Online
2982,***,***,31,Software Engineering,2026-06-01,Online
2983,***,***,32,Web development,2025-05-21,Online
2984,***,***,41,Data Science,2023-11-25,Online
2985,***,***,28,Data Engineering,2024-02-01,Online
2986,***,***,35,Web development,2025-07-10,In-person
2987,***,***,27,Software Engineering,2023-11-30,In-person
2988,***,***,29,Machine Learning,2025-01-27,In-person
2989,***,***,30,Data Engineering,2025-02-27,In-person
2990,***,***,29,Data Science,2026-08-15,In-person
2991,***,***,31,Web development,2025-10-27,In-person
2992,***,***,26,Web development,2023-11-24,Online
2993,***,***,25,Data Science,2026-04-01,In-person
2994,***,***,36,Machine Learning,2023-07-31,In-person
2995,***,***,41,Data Engineering,2027-04-04,Online
2996,***,***,28,Machine Learning,2023-09-22,In-person
2997,***,***,32,Web development,2027-09-24,In-person
2998,***,***,40,Software Engineering,2022-11-14,Online
2999,***,***,28,Data Science,2024-01-03,Online
3000,***,***,41,Data Engineering,2022-10-28,In-person
3001,***,***,40,Data Science,2023-11-18,Online
3002,***,***,31,Software Engineering,2023-02-23,Online
3003,***,***,28,Web development,2023-07-11,Online
3004,***,***,37,Machine Learning,2023-08-10,Online
3005,***,***,36,Data Science,2024-06-05,Online
3006,***,***,37,Data Engineering,2023-04-10,Online
3007,***,***,45,Machine Learning,2026-04-24,In-person
3008,***,***,31,Data Engineering,2026-09-01,Online
3009,***,***,27,Web development,2025-01-05,In-person
3010,***,***,43,Web development,2026-09-24,In-person
3011,***,***,27,Software Engineering,2025-10-08,Online
3012,***,***,29,Data Science,2023-02-23,Online
3013,***,***,41,Web development,2026-12-18,Online
3014,***,***,45,Web development,2023-02-27,In-person
3015,***,***,37,Software Engineering,2024-05-15,Online
3016,***,***,42,Web development,2027-05-09,Online
3017,***,***,45,Data Engineering,2026-03-22,Online
3018,***,***,37,Software Engineering,2025-05-02,Online
3019,***,***,25,Web development,2025-07-11,In-person
3020,***,***,39,Software Engineering,2023-11-06,Online
3021,***,***,38,Web development,2023-10-20,In-person
3022,***,***,23,Data Engineering,2024-11-14,Online
3023,***,***,42,Software Engineering,2022-10-28,In-person
3024,***,***,23,Software Engineering,2025-03-21,In-person
3025,***,***,25,Machine Learning,2024-12-22,Online
3026,***,***,26,Software Engineering,2024-10-10,Online
3027,***,***,28,Data Engineering,2023-07-29,In-person
3028,***,***,22,Data Science,2027-05-06,Online
3029,***,***,42,Data Engineering,2026-06-23,Online
3030,***,***,23,Data Engineering,2024-08-09,Online
3031,***,***,25,Data Science,2023-11-26,Online
3032,***,***,22,Data Science,2022-11-17,In-person
3033,***,***,43,Software Engineering,2027-10-13,In-person
3034,***,***,40,Data Engineering,2023-01-05,In-person
3035,***,***,29,Web development,2023-11-06,Online
3036,***,***,40,Machine Learning,2022-11-09,In-person
3037,***,***,22,Web development,2023-06-04,In-person
3038,***,***,43,Data Science,2024-12-19,Online
3039,***,***,38,Data Science,2022-11-12,In-person
3040,***,***,36,Data Engineering,2026-12-02,Online
3041,***,***,44,Data Science,2026-07-10,Online
3042,***,***,34,Software Engineering,2023-06-06,Online
3043,***,***,25,Software Engineering,2025-03-23,In-person
3044,***,***,38,Data Science,2022-12-19,In-person
3045,***,***,32,Data Science,2026-10-22,Online
3046,***,***,37,Data Engineering,2026-09-05,In-person
3047,***,***,43,Data Science,2025-07-06,Online
3048,***,***,24,Software Engineering,2022-12-18,In-person
3049,***,***,39,Data Science,2027-06-12,In-person
3050,***,***,24,Data Science,2024-10-21,In-person
3051,***,***,38,Machine Learning,2026-03-20,In-person
3052,***,***,44,Data Science,2024-06-28,Online
3053,***,***,45,Data Engineering,2023-06-09,In-person
3054,***,***,31,Data Engineering,2024-08-28,In-person
3055,***,***,35,Data Science,2024-12-23,In-person
3056,***,***,42,Machine Learning,2026-06-29,Online
3057,***,***,32,Machine Learning,2026-05-25,Online
3058,***,***,44,Software Engineering,2024-11-22,In-person
3059,***,***,42,Machine Learning,2024-07-15,Online
3060,***,***,31,Machine Learning,2026-06-01,Online
3061,***,***,42,Data Engineering,2023-02-08,In-person
3062,***,***,25,Data Engineering,2026-11-05,Online
3063,***,***,29,Data Engineering,2025-12-30,Online
3064,***,***,31,Data Engineering,2024-10-20,Online
3065,***,***,33,Machine Learning,2026-07-01,Online
3066,***,***,31,Software Engineering,2023-04-16,In-person
3067,***,***,27,Software Engineering,2025-12-12,In-person
3068,***,***,34,Data Science,2024-11-25,Online
3069,***,***,25,Data Engineering,2025-05-30,In-person
3070,***,***,30,Data Engineering,2027-06-20,In-person
3071,***,***,25,Software Engineering,2023-12-04,Online
3072,***,***,35,Machine Learning,2026-08-13,In-person
3073,***,***,36,Web development,2023-04-16,Online
3074,***,***,24,Machine Learning,2027-01-08,Online
3075,***,***,26,Software Engineering,2023-09-29,In-person
3076,***,***,30,Machine Learning,2026-12-08,In-person
3077,***,***,42,Data Engineering,2025-01-13,In-person
3078,***,***,32,Data Engineering,2024-02-02,In-person
3079,***,***,43,Data Science,2024-12-02,Online
3080,***,***,41,Software Engineering,2024-01-07,Online
3081,***,***,45,Data Science,2023-03-17,Online
3082,***,***,43,Web development,2023-03-12,In-person
3083,***,***,38,Software Engineering,2026-08-13,Online
3084,***,***,28,Software Engineering,2026-03-08,In-person
3085,***,***,45,Software Engineering,2026-08-16,In-person
3086,***,***,35,Data Engineering,2024-08-05,Online
3087,***,***,30,Machine Learning,2023-06-14,In-person
3088,***,***,32,Data Engineering,2023-01-17,In-person
3089,***,***,45,Web development,2024-04-17,Online
3090,***,***,33,Software Engineering,2027-09-17,Online
3091,***,***,39,Data Science,2027-08-06,Online
3092,***,***,29,Data Engineering,2026-09-29,Online
3093,***,***,42,Machine Learning,2024-01-02,In-person
3094,***,***,42,Data Science,2025-08-09,In-person
3095,***,***,43,Software Engineering,2024-07-17,Online
3096,***,***,26,Software Engineering,2027-01-14,Online
3097,***,***,41,Software Engineering,2025-04-30,In-person
3098,***,***,44,Data Engineering,2025-07-25,In-person
3099,***,***,29,Web development,2027-09-12,Online
3100,***,***,35,Web development,2023-03-09,In-person
3101,***,***,25,Data Science,2023-08-13,Online
3102,***,***,40,Data Science,2024-12-17,Online
3103,***,***,33,Data Science,2023-11-10,Online
3104,***,***,26,Software Engineering,2023-06-24,Online
3105,***,***,26,Data Science,2027-05-14,Online
3106,***,***,42,Machine Learning,2023-06-02,Online
3107,***,***,33,Software Engineering,2023-07-02,Online
3108,***,***,23,Machine Learning,2024-02-16,In-person
3109,***,***,42,Web development,2024-10-02,In-person
3110,***,***,28,Data Engineering,2023-04-12,Online
3111,***,***,31,Data Science,2026-07-27,Online
3112,***,***,29,Web development,2025-07-19,In-person
3113,***,***,36,Machine Learning,2024-03-04,Online
3114,***,***,23,Software Engineering,2025-02-20,Online
3115,***,***,29,Machine Learning,2023-02-13,In-person
3116,***,***,41,Software Engineering,2022-11-27,Online
3117,***,***,40,Software Engineering,2026-07-22,Online
3118,***,***,34,Data Engineering,2023-02-14,In-person
3119,***,***,28,Data Engineering,2023-08-13,Online
3120,***,***,30,Web development,2024-08-31,In-person
3121,***,***,35,Software Engineering,2026-03-30,Online
3122,***,***,40,Data Engineering,2023-07-15,In-person
3123,***,***,22,Data Engineering,2024-03-24,In-person
3124,***,***,29,Data Engineering,2023-07-31,Online
3125,***,***,33,Data Engineering,2026-01-07,In-person
3126,***,***,25,Machine Learning,2023-12-01,In-person
3127,***,***,28,Data Science,2027-04-06,Online
3128,***,***,43,Web development,2025-07-15,In-person
3129,***,***,28,Software Engineering,2022-12-11,Online
3130,***,***,36,Machine Learning,2024-10-05,Online
3131,***,***,37,Web development,2024-06-25,Online
3132,***,***,40,Web development,2025-02-11,In-person
3133,***,***,25,Web development,2024-03-26,Online
3134,***,***,39,Software Engineering,2027-01-30,Online
3135,***,***,36,Web development,2025-12-31,In-person
3136,***,***,41,Data Engineering,2026-06-15,Online
3137,***,***,31,Software Engineering,2026-10-07,In-person
3138,***,***,43,Machine Learning,2027-10-12,In-person
3139,***,***,38,Data Science,2027-10-09,In-person
3140,***,***,45,Web development,2025-08-31,Online
3141,***,***,36,Web development,2024-11-12,In-person
3142,***,***,28,Machine Learning,2025-06-07,Online
3143,***,***,40,Machine Learning,2025-05-22,In-person
3144,***,***,33,Data Science,2025-02-10,In-person
3145,***,***,36,Data Engineering,2027-10-05,Online
3146,***,***,33,Data Engineering,2023-12-10,In-person
3147,***,***,31,Data Science,2022-12-19,In-person
3148,***,***,27,Software Engineering,2026-11-03,In-person
3149,***,***,39,Data Science,2025-09-09,Online
3150,***,***,29,Machine Learning,2027-08-03,In-person
3151,***,***,28,Web development,2026-05-24,In-person
3152,***,***,45,Software Engineering,2024-03-11,In-person
3153,***,***,38,Web development,2025-06-27,Online
3154,***,***,27,Web development,2024-11-06,Online
3155,***,***,35,Web development,2023-11-27,Online
3156,***,***,25,Web development,2023-03-19,Online
3157,***,***,42,Software Engineering,2023-11-13,In-person
3158,***,***,24,Web development,2026-09-27,In-person
3159,***,***,29,Data Engineering,2025-03-08,Online
3160,***,***,43,Data Science,2023-08-27,In-person
3161,***,***,36,Data Engineering,2025-02-25,In-person
3162,***,***,41,Machine Learning,2024-12-06,In-person
3163,***,***,33,Software Engineering,2022-10-20,In-person
3164,***,***,45,Data Engineering,2025-11-19,In-person
3165,***,***,30,Web development,2026-02-26,In-person
3166,***,***,30,Web development,2023-12-22,In-person
3167,***,***,25,Data Engineering,2024-02-17,In-person
3168,***,***,24,Software Engineering,2023-06-10,Online
3169,***,***,35,Web development,2025-05-29,In-person
3170,***,***,27,Data Science,2025-02-20,In-person
3171,***,***,39,Software Engineering,2027-04-24,Online
3172,***,***,44,Data Science,2026-06-05,Online
3173,***,***,27,Data Science,2024-02-25,Online
3174,***,***,27,Machine Learning,2026-02-05,Online
3175,***,***,41,Machine Learning,2023-02-24,Online
3176,***,***,22,Software Engineering,2027-04-26,In-person
3177,***,***,38,Data Science,2027-05-24,In-person
3178,***,***,27,Data Science,2026-01-29,In-person
3179,***,***,37,Data Engineering,2026-04-02,In-person
3180,***,***,32,Software Engineering,2026-04-19,In-person
3181,***,***,35,Software Engineering,2023-05-16,In-person
3182,***,***,45,Machine Learning,2026-01-02,In-person
3183,***,***,34,Machine Learning,2024-11-21,Online
3184,***,***,42,Data Science,2024-12-23,In-person
3185,***,***,29,Web development,2027-04-05,In-person
3186,***,***,32,Data Engineering,2023-04-28,In-person
3187,***,***,38,Data Engineering,2026-11-15,Online
3188,***,***,23,Software Engineering,2025-12-03,In-person
3189,***,***,40,Data Science,2023-07-05,In-person
3190,***,***,42,Data Science,2023-06-28,In-person
3191,***,***,41,Data Engineering,2023-11-03,Online
3192,***,***,44,Machine Learning,2025-05-21,In-person
3193,***,***,37,Machine Learning,2024-05-08,In-person
3194,***,***,22,Machine Learning,2023-04-30,Online
3195,***,***,37,Machine Learning,2026-09-10,In-person
3196,***,***,28,Web development,2025-08-28,Online
3197,***,***,34,Machine Learning,2025-07-18,In-person
3198,***,***,22,Data Science,2022-10-31,In-person
3199,***,***,35,Software Engineering,2025-02-18,In-person
3200,***,***,43,Web development,2025-10-04,In-person
3201,***,***,36,Data Engineering,2024-05-02,In-person
3202,***,***,30,Web development,2024-10-14,In-person
3203,***,***,40,Web development,2023-11-17,Online
3204,***,***,30,Software Engineering,2027-01-10,In-person
3205,***,***,32,Data Engineering,2027-04-20,In-person
3206,***,***,29,Data Science,2024-12-21,Online
3207,***,***,22,Web development,2023-02-22,Online
3208,***,***,29,Web development,2024-08-31,Online
3209,***,***,26,Data Engineering,2023-11-17,In-person
3210,***,***,43,Web development,2024-03-22,In-person
3211,***,***,24,Data Engineering,2024-06-10,Online
3212,***,***,41,Web development,2023-11-18,Online
3213,***,***,29,Data Engineering,2023-03-02,In-person
3214,***,***,32,Web development,2026-08-26,In-person
3215,***,***,29,Machine Learning,2024-03-05,Online
3216,***,***,40,Data Engineering,2025-01-20,In-person
3217,***,***,39,Software Engineering,2024-04-22,In-person
3218,***,***,33,Data Engineering,2025-01-20,Online
3219,***,***,41,Data Science,2024-07-16,Online
3220,***,***,28,Software Engineering,2025-06-15,Online
3221,***,***,40,Web development,2024-12-27,Online
3222,***,***,38,Machine Learning,2026-11-05,In-person
3223,***,***,45,Web development,2026-06-26,Online
3224,***,***,38,Data Engineering,2024-02-19,Online
3225,***,***,33,Machine Learning,2026-10-04,Online
3226,***,***,31,Software Engineering,2023-01-05,In-person
3227,***,***,38,Web development,2026-05-26,Online
3228,***,***,22,Machine Learning,2024-02-02,Online
3229,***,***,29,Software Engineering,2026-10-13,In-person
3230,***,***,44,Software Engineering,2023-08-17,Online
3231,***,***,35,Machine Learning,2025-09-12,Online
3232,***,***,29,Machine Learning,2024-11-13,Online
3233,***,***,39,Data Science,2024-06-03,In-person
3234,***,***,41,Software Engineering,2023-06-17,In-person
3235,***,***,27,Software Engineering,2025-10-07,Online
3236,***,***,26,Web development,2022-11-08,Online
3237,***,***,42,Machine Learning,2024-08-15,In-person
3238,***,***,22,Data Science,2024-05-06,Online
3239,***,***,32,Software Engineering,2023-02-03,Online
3240,***,***,41,Web development,2026-12-20,Online
3241,***,***,41,Data Science,2027-04-14,In-person
3242,***,***,41,Machine Learning,2027-09-16,Online
3243,***,***,25,Software Engineering,2025-07-20,Online
3244,***,***,40,Data Science,2027-09-17,Online
3245,***,***,24,Software Engineering,2023-04-03,In-person
3246,***,***,33,Data Science,2027-04-01,In-person
3247,***,***,33,Web development,2023-01-14,In-person
3248,***,***,44,Software Engineering,2026-05-10,In-person
3249,***,***,40,Web development,2022-12-23,In-person
3250,***,***,37,Software Engineering,2025-03-27,In-person
3251,***,***,41,Software Engineering,2022-12-30,In-person
3252,***,***,26,Web development,2024-08-26,In-person
3253,***,***,39,Machine Learning,2027-07-23,Online
3254,***,***,25,Software Engineering,2024-07-01,In-person
3255,***,***,29,Data Engineering,2026-10-24,In-person
3256,***,***,35,Web development,2023-08-24,In-person
3257,***,***,33,Machine Learning,2027-02-27,In-person
3258,***,***,44,Machine Learning,2023-11-11,In-person
3259,***,***,32,Data Science,2023-12-17,In-person
3260,***,***,31,Data Engineering,2022-10-23,Online
3261,***,***,43,Data Science,2025-11-22,Online
3262,***,***,32,Data Engineering,2026-03-08,Online
3263,***,***,44,Machine Learning,2025-12-08,In-person
3264,***,***,30,Data Engineering,2023-09-16,In-person
3265,***,***,33,Software Engineering,2024-09-11,In-person
3266,***,***,36,Machine Learning,2024-11-27,Online
3267,***,***,24,Data Engineering,2022-12-07,Online
3268,***,***,26,Software Engineering,2022-11-17,Online
3269,***,***,34,Software Engineering,2025-12-11,Online
3270,***,***,36,Data Science,2025-12-04,In-person
3271,***,***,25,Data Science,2023-04-07,In-person
3272,***,***,30,Data Engineering,2024-01-18,Online
3273,***,***,41,Data Science,2024-07-30,In-person
3274,***,***,36,Data Science,2027-03-16,In-person
3275,***,***,41,Software Engineering,2026-01-02,In-person
3276,***,***,45,Machine Learning,2025-06-12,In-person
3277,***,***,39,Data Engineering,2025-06-10,Online
3278,***,***,22,Machine Learning,2025-05-13,In-person
3279,***,***,39,Data Engineering,2023-10-06,Online
3280,***,***,42,Data Engineering,2023-12-08,In-person
3281,***,***,29,Machine Learning,2025-01-07,In-person
3282,***,***,39,Machine Learning,2026-08-30,In-person
3283,***,***,32,Software Engineering,2023-05-27,In-person
3284,***,***,43,Data Science,2025-04-10,In-person
3285,***,***,40,Web development,2026-03-07,Online
3286,***,***,33,Data Science,2023-06-30,In-person
3287,***,***,35,Data Engineering,2027-05-08,Online
3288,***,***,23,Data Engineering,2026-08-31,In-person
3289,***,***,23,Data Science,2025-03-30,Online
3290,***,***,24,Data Science,2024-04-13,In-person
3291,***,***,37,Web development,2027-01-25,Online
3292,***,***,40,Data Engineering,2023-10-02,Online
3293,***,***,30,Software Engineering,2027-04-21,In-person
3294,***,***,45,Software Engineering,2026-10-09,Online
3295,***,***,36,Data Engineering,2023-07-02,Online
3296,***,***,25,Data Science,2024-02-03,In-person
3297,***,***,42,Machine Learning,2023-08-07,Online
3298,***,***,27,Data Science,2025-12-17,In-person
3299,***,***,25,Software Engineering,2024-11-29,In-person
3300,***,***,36,Data Science,2023-12-17,In-person
3301,***,***,30,Machine Learning,2027-10-02,Online
3302,***,***,37,Web development,2025-09-30,Online
3303,***,***,43,Software Engineering,2025-02-19,In-person
3304,***,***,39,Web development,2023-12-05,In-person
3305,***,***,37,Web development,2027-07-27,In-person
3306,***,***,27,Data Engineering,2022-12-31,Online
3307,***,***,22,Data Science,2025-10-25,Online
3308,***,***,26,Data Engineering,2026-01-15,Online
3309,***,***,23,Data Engineering,2024-06-08,Online
3310,***,***,28,Data Engineering,2025-06-16,In-person
3311,***,***,37,Machine Learning,2024-12-15,Online
3312,***,***,27,Software Engineering,2027-08-26,In-person
3313,***,***,26,Machine Learning,2027-03-03,Online
3314,***,***,29,Machine Learning,2024-11-10,In-person
3315,***,***,41,Data Engineering,2025-09-27,Online
3316,***,***,42,Software Engineering,2023-06-16,Online
3317,***,***,42,Machine Learning,2023-09-24,Online
3318,***,***,37,Software Engineering,2026-10-30,Online
3319,***,***,38,Web development,2026-10-27,Online
3320,***,***,32,Software Engineering,2027-05-13,In-person
3321,***,***,45,Data Engineering,2024-05-07,In-person
3322,***,***,27,Web development,2024-04-19,Online
3323,***,***,29,Machine Learning,2024-06-27,In-person
3324,***,***,22,Machine Learning,2024-11-26,In-person
3325,***,***,39,Web development,2026-02-26,In-person
3326,***,***,33,Machine Learning,2025-10-03,Online
3327,***,***,37,Web development,2027-04-28,In-person
3328,***,***,25,Data Engineering,2026-01-30,Online
3329,***,***,43,Web development,2027-02-07,Online
3330,***,***,34,Machine Learning,2023-07-08,In-person
3331,***,***,42,Web development,2024-02-23,In-person
3332,***,***,22,Software Engineering,2023-07-20,Online
3333,***,***,28,Data Engineering,2026-08-01,In-person
3334,***,***,40,Data Science,2026-02-12,In-person
3335,***,***,34,Machine Learning,2024-08-10,In-person
3336,***,***,22,Machine Learning,2023-02-07,In-person
3337,***,***,42,Machine Learning,2024-11-24,In-person
3338,***,***,41,Machine Learning,2024-01-04,Online
3339,***,***,42,Web development,2025-06-02,In-person
3340,***,***,36,Web development,2025-08-22,Online
3341,***,***,38,Web development,2026-04-11,Online
3342,***,***,35,Data Engineering,2023-05-11,In-person
3343,***,***,27,Data Engineering,2026-03-18,In-person
3344,***,***,25,Software Engineering,2025-04-20,In-person
3345,***,***,34,Software Engineering,2023-10-21,Online
3346,***,***,42,Software Engineering,2025-12-16,Online
3347,***,***,25,Data Science,2026-08-12,In-person
3348,***,***,33,Web development,2024-06-01,Online
3349,***,***,35,Machine Learning,2026-01-15,Online
3350,***,***,27,Web development,2025-06-04,Online
3351,***,***,32,Machine Learning,2024-04-24,Online
3352,***,***,45,Machine Learning,2023-05-06,Online
3353,***,***,43,Web development,2027-01-10,In-person
3354,***,***,37,Software Engineering,2025-08-07,Online
3355,***,***,37,Software Engineering,2026-05-24,In-person
3356,***,***,24,Data Science,2025-02-28,In-person
3357,***,***,31,Web development,2026-06-03,In-person
3358,***,***,26,Data Engineering,2026-01-20,Online
3359,***,***,44,Web development,2023-03-15,In-person
3360,***,***,24,Data Science,2027-10-12,Online
3361,***,***,28,Data Engineering,2023-09-08,In-person
3362,***,***,27,Machine Learning,2023-10-19,Online
3363,***,***,22,Machine Learning,2024-11-30,In-person
3364,***,***,26,Data Engineering,2025-07-27,Online
3365,***,***,26,Data Engineering,2024-09-15,In-person
3366,***,***,40,Data Science,2026-10-27,In-person
3367,***,***,40,Data Engineering,2023-08-01,Online
3368,***,***,34,Data Engineering,2023-01-04,In-person
3369,***,***,24,Software Engineering,2027-08-25,In-person
3370,***,***,25,Data Engineering,2023-12-06,Online
3371,***,***,38,Machine Learning,2025-03-05,In-person
3372,***,***,35,Machine Learning,2025-04-28,In-person
3373,***,***,34,Software Engineering,2026-03-10,Online
3374,***,***,29,Data Engineering,2026-03-07,Online
3375,***,***,26,Web development,2025-02-09,In-person
3376,***,***,42,Data Science,2027-02-07,Online
3377,***,***,41,Data Engineering,2024-01-04,In-person
3378,***,***,39,Data Engineering,2027-03-04,Online
3379,***,***,41,Data Engineering,2024-12-30,In-person
3380,***,***,25,Web development,2027-02-27,Online
3381,***,***,26,Data Engineering,2026-03-25,In-person
3382,***,***,42,Data Science,2024-01-19,In-person
3383,***,***,33,Data Engineering,2026-06-23,Online
3384,***,***,31,Software Engineering,2027-06-11,In-person
3385,***,***,35,Web development,2027-03-13,In-person
3386,***,***,31,Machine Learning,2023-12-26,In-person
3387,***,***,32,Data Engineering,2026-10-02,In-person
3388,***,***,41,Software Engineering,2024-11-14,In-person
3389,***,***,34,Data Science,2025-02-03,Online
3390,***,***,36,Data Engineering,2024-07-20,Online
3391,***,***,26,Data Science,2025-01-31,In-person
3392,***,***,30,Machine Learning,2027-01-05,Online
3393,***,***,36,Machine Learning,2026-12-07,In-person
3394,***,***,45,Data Science,2026-03-03,In-person
3395,***,***,26,Machine Learning,2024-03-01,In-person
3396,***,***,23,Software Engineering,2027-08-08,Online
3397,***,***,36,Data Engineering,2023-06-22,In-person
3398,***,***,41,Web development,2027-07-23,In-person
3399,***,***,36,Data Engineering,2024-12-24,Online
3400,***,***,36,Machine Learning,2026-07-21,In-person
3401,***,***,24,Data Science,2023-09-17,Online
3402,***,***,39,Web development,2025-03-12,Online
3403,***,***,42,Data Science,2023-06-06,Online
3404,***,***,42,Software Engineering,2024-09-12,In-person
3405,***,***,28,Data Engineering,2026-07-27,Online
3406,***,***,40,Web development,2024-09-07,In-person
3407,***,***,32,Data Engineering,2024-12-06,Online
3408,***,***,45,Software Engineering,2023-01-16,In-person
3409,***,***,34,Data Science,2024-01-07,In-person
3410,***,***,33,Web development,2026-05-26,Online
3411,***,***,41,Data Engineering,2024-02-25,Online
3412,***,***,33,Machine Learning,2026-08-28,In-person
3413,***,***,27,Machine Learning,2026-03-09,In-person
3414,***,***,25,Data Science,2025-12-26,Online
3415,***,***,36,Web development,2027-06-05,In-person
3416,***,***,27,Data Engineering,2025-12-19,Online
3417,***,***,43,Data Engineering,2023-08-01,Online
3418,***,***,29,Data Science,2024-11-15,In-person
3419,***,***,32,Software Engineering,2023-02-06,Online
3420,***,***,45,Web development,2026-11-16,Online
3421,***,***,35,Data Engineering,2023-02-21,Online
3422,***,***,40,Software Engineering,2026-07-07,Online
3423,***,***,22,Data Science,2023-11-08,In-person
3424,***,***,27,Software Engineering,2026-11-27,Online
3425,***,***,34,Machine Learning,2027-06-22,In-person
3426,***,***,32,Software Engineering,2024-03-13,In-person
3427,***,***,35,Machine Learning,2027-02-22,In-person
3428,***,***,42,Machine Learning,2023-07-20,In-person
3429,***,***,32,Software Engineering,2026-01-07,Online
3430,***,***,43,Software Engineering,2023-04-29,In-person
3431,***,***,29,Software Engineering,2023-09-01,Online
3432,***,***,36,Software Engineering,2022-10-29,Online
3433,***,***,25,Software Engineering,2027-01-09,In-person
3434,***,***,25,Data Engineering,2023-08-01,In-person
3435,***,***,38,Machine Learning,2027-10-11,Online
3436,***,***,39,Machine Learning,2025-01-16,Online
3437,***,***,30,Software Engineering,2025-05-27,In-person
3438,***,***,39,Web development,2024-08-15,In-person
3439,***,***,29,Software Engineering,2023-12-27,Online
3440,***,***,43,Software Engineering,2024-05-30,In-person
3441,***,***,28,Machine Learning,2026-02-09,Online
3442,***,***,35,Data Engineering,2027-06-19,Online
3443,***,***,35,Web development,2024-05-23,In-person
3444,***,***,28,Data Engineering,2025-03-17,Online
3445,***,***,26,Web development,2025-02-10,Online
3446,***,***,26,Data Engineering,2023-07-23,In-person
3447,***,***,42,Machine Learning,2024-04-28,Online
3448,***,***,34,Data Science,2023-03-13,Online
3449,***,***,29,Software Engineering,2024-04-16,Online
3450,***,***,23,Data Science,2023-12-27,In-person
3451,***,***,44,Data Engineering,2023-08-18,In-person
3452,***,***,44,Machine Learning,2022-12-14,Online
3453,***,***,44,Machine Learning,2023-10-02,In-person
3454,***,***,44,Data Engineering,2025-01-17,In-person
3455,***,***,39,Web development,2025-04-23,In-person
3456,***,***,28,Web development,2023-06-08,Online
3457,***,***,43,Data Engineering,2026-12-14,In-person
3458,***,***,39,Web development,2024-11-12,Online
3459,***,***,28,Web development,2027-04-03,Online
3460,***,***,36,Data Science,2027-09-15,Online
3461,***,***,24,Software Engineering,2023-04-27,In-person
3462,***,***,35,Software Engineering,2024-08-27,Online
3463,***,***,28,Web development,2023-03-31,In-person
3464,***,***,33,Web development,2024-10-30,In-person
3465,***,***,36,Data Engineering,2027-05-29,In-person
3466,***,***,36,Web development,2025-02-19,In-person
3467,***,***,36,Data Science,2023-08-03,In-person
3468,***,***,39,Machine Learning,2026-07-07,In-person
3469,***,***,28,Data Engineering,2026-03-29,In-person
3470,***,***,26,Machine Learning,2026-05-26,In-person
3471,***,***,37,Data Science,2023-05-03,Online
3472,***,***,40,Data Engineering,2025-06-27,Online
3473,***,***,43,Data Science,2024-04-11,Online
3474,***,***,38,Web development,2025-01-29,Online
3475,***,***,41,Software Engineering,2024-09-11,In-person
3476,***,***,23,Web development,2027-09-04,Online
3477,***,***,37,Machine Learning,2025-03-18,In-person
3478,***,***,26,Web development,2025-04-04,In-person
3479,***,***,34,Software Engineering,2026-05-23,Online
3480,***,***,44,Data Engineering,2025-09-10,In-person
3481,***,***,23,Software Engineering,2025-01-29,Online
3482,***,***,42,Data Engineering,2024-06-27,In-person
3483,***,***,45,Machine Learning,2025-06-07,In-person
3484,***,***,42,Machine Learning,2026-10-07,In-person
3485,***,***,26,Data Science,2026-09-11,Online
3486,***,***,23,Machine Learning,2023-08-20,Online
3487,***,***,38,Web development,2024-11-04,In-person
3488,***,***,37,Web development,2024-11-26,In-person
3489,***,***,43,Web development,2027-06-30,In-person
3490,***,***,24,Web development,2026-07-26,In-person
3491,***,***,42,Web development,2025-10-09,In-person
3492,***,***,35,Data Engineering,2027-08-21,In-person
3493,***,***,29,Software Engineering,2024-07-22,Online
3494,***,***,33,Web development,2023-08-03,In-person
3495,***,***,22,Data Science,2026-12-22,In-person
3496,***,***,22,Data Science,2027-07-23,In-person
3497,***,***,40,Data Science,2024-07-10,Online
3498,***,***,33,Software Engineering,2024-12-15,In-person
3499,***,***,33,Data Engineering,2025-07-07,Online
3500,***,***,39,Web development,2023-09-08,Online
3501,***,***,28,Web development,2025-10-18,In-person
3502,***,***,27,Web development,2024-05-17,Online
3503,***,***,44,Data Science,2025-12-19,In-person
3504,***,***,33,Software Engineering,2027-03-25,In-person
3505,***,***,32,Software Engineering,2027-02-12,In-person
3506,***,***,30,Web development,2027-05-03,Online
3507,***,***,33,Data Science,2024-01-13,In-person
3508,***,***,22,Machine Learning,2025-08-29,Online
3509,***,***,25,Data Science,2024-11-07,Online
3510,***,***,28,Machine Learning,2027-03-24,In-person
3511,***,***,42,Software Engineering,2024-08-22,In-person
3512,***,***,23,Data Engineering,2027-09-16,Online
3513,***,***,28,Machine Learning,2026-07-23,In-person
3514,***,***,33,Machine Learning,2023-03-04,Online
3515,***,***,24,Data Science,2026-11-07,In-person
3516,***,***,42,Data Science,2025-10-13,In-person
3517,***,***,37,Data Engineering,2027-05-06,In-person
3518,***,***,39,Machine Learning,2027-06-08,In-person
3519,***,***,33,Data Engineering,2024-10-04,Online
3520,***,***,43,Web development,2023-05-08,In-person
3521,***,***,27,Web development,2022-10-24,Online
3522,***,***,29,Software Engineering,2023-10-30,In-person
3523,***,***,35,Machine Learning,2023-09-29,In-person
3524,***,***,25,Data Engineering,2025-05-25,Online
3525,***,***,43,Machine Learning,2023-06-29,Online
3526,***,***,32,Data Engineering,2027-03-19,In-person
3527,***,***,32,Data Engineering,2023-07-20,In-person
3528,***,***,29,Web development,2026-11-21,Online
3529,***,***,41,Data Engineering,2023-11-01,Online
3530,***,***,27,Web development,2025-02-05,Online
3531,***,***,23,Data Engineering,2024-05-07,In-person
3532,***,***,45,Machine Learning,2027-02-24,In-person
3533,***,***,24,Data Engineering,2026-08-06,Online
3534,***,***,40,Machine Learning,2024-06-01,In-person
3535,***,***,25,Data Engineering,2026-06-27,Online
3536,***,***,23,Data Engineering,2027-02-14,In-person
3537,***,***,30,Data Engineering,2025-02-23,Online
3538,***,***,30,Data Science,2025-08-13,In-person
3539,***,***,39,Data Engineering,2025-10-21,In-person
3540,***,***,31,Web development,2025-04-10,Online
3541,***,***,24,Software Engineering,2024-04-29,Online
3542,***,***,27,Web development,2025-12-15,Online
3543,***,***,24,Data Science,2027-09-11,Online
3544,***,***,23,Web development,2025-07-22,In-person
3545,***,***,29,Software Engineering,2026-02-12,Online
3546,***,***,40,Web development,2024-10-29,Online
3547,***,***,34,Data Engineering,2027-09-03,Online
3548,***,***,33,Data Engineering,2027-10-02,Online
3549,***,***,28,Web development,2026-09-03,Online
3550,***,***,39,Data Science,2027-06-07,Online
3551,***,***,32,Data Science,2024-06-08,Online
3552,***,***,35,Data Science,2026-03-12,In-person
3553,***,***,40,Web development,2024-11-17,In-person
3554,***,***,33,Web development,2023-06-30,In-person
3555,***,***,33,Software Engineering,2026-07-04,In-person
3556,***,***,44,Data Engineering,2022-10-20,Online
3557,***,***,27,Software Engineering,2024-05-01,Online
3558,***,***,40,Web development,2023-07-18,Online
3559,***,***,45,Machine Learning,2024-01-24,In-person
3560,***,***,31,Software Engineering,2026-06-05,Online
3561,***,***,24,Web development,2026-06-30,In-person
3562,***,***,35,Software Engineering,2026-12-07,In-person
3563,***,***,29,Software Engineering,2026-09-10,In-person
3564,***,***,31,Data Engineering,2024-03-19,In-person
3565,***,***,44,Software Engineering,2026-12-21,In-person
3566,***,***,38,Web development,2026-03-23,In-person
3567,***,***,33,Machine Learning,2025-10-17,Online
3568,***,***,45,Web development,2026-09-19,Online
3569,***,***,44,Machine Learning,2026-08-03,Online
3570,***,***,23,Software Engineering,2026-12-05,Online
3571,***,***,44,Data Engineering,2025-04-01,Online
3572,***,***,32,Data Engineering,2025-04-06,In-person
3573,***,***,33,Data Engineering,2024-11-17,Online
3574,***,***,43,Machine Learning,2026-05-02,In-person
3575,***,***,34,Data Engineering,2026-01-28,Online
3576,***,***,27,Software Engineering,2024-08-29,Online
3577,***,***,30,Web development,2026-10-03,In-person
3578,***,***,28,Web development,2026-10-11,Online
3579,***,***,43,Data Engineering,2025-10-29,Online
3580,***,***,28,Software Engineering,2027-03-14,Online
3581,***,***,34,Web development,2025-08-04,Online
3582,***,***,27,Web development,2027-01-17,Online
3583,***,***,25,Data Engineering,2023-04-28,In-person
3584,***,***,31,Software Engineering,2023-03-09,Online
3585,***,***,40,Software Engineering,2024-10-26,In-person
3586,***,***,44,Data Science,2025-03-31,Online
3587,***,***,33,Web development,2025-03-12,In-person
3588,***,***,33,Data Science,2023-08-23,In-person
3589,***,***,44,Web development,2026-05-04,Online
3590,***,***,39,Web development,2023-07-09,In-person
3591,***,***,42,Data Engineering,2026-10-01,In-person
3592,***,***,28,Web development,2024-01-28,Online
3593,***,***,33,Data Science,2026-05-11,Online
3594,***,***,37,Machine Learning,2027-02-14,Online
3595,***,***,27,Machine Learning,2026-04-24,Online
3596,***,***,31,Machine Learning,2025-09-05,In-person
3597,***,***,45,Machine Learning,2025-10-20,In-person
3598,***,***,34,Data Engineering,2024-05-08,In-person
3599,***,***,27,Software Engineering,2024-07-02,Online
3600,***,***,26,Data Engineering,2024-10-11,Online
3601,***,***,39,Data Engineering,2023-05-15,Online
3602,***,***,24,Machine Learning,2023-12-02,Online
3603,***,***,23,Software Engineering,2023-10-05,Online
3604,***,***,37,Web development,2023-03-20,In-person
3605,***,***,36,Web development,2023-05-15,Online
3606,***,***,23,Data Science,2024-09-08,In-person
3607,***,***,40,Data Science,2024-03-20,Online
3608,***,***,45,Data Science,2026-09-25,Online
3609,***,***,25,Software Engineering,2022-10-29,Online
3610,***,***,23,Software Engineering,2023-10-10,In-person
3611,***,***,26,Machine Learning,2026-06-19,Online
3612,***,***,33,Software Engineering,2025-06-15,In-person
3613,***,***,29,Web development,2027-07-20,Online
3614,***,***,36,Machine Learning,2027-01-07,In-person
3615,***,***,26,Software Engineering,2027-08-26,Online
3616,***,***,28,Machine Learning,2023-08-16,In-person
3617,***,***,45,Data Science,2022-11-15,Online
3618,***,***,22,Data Science,2024-05-27,In-person
3619,***,***,41,Web development,2026-06-30,In-person
3620,***,***,22,Data Science,2026-09-25,In-person
3621,***,***,22,Web development,2023-09-14,Online
3622,***,***,29,Software Engineering,2025-10-04,Online
3623,***,***,24,Data Science,2023-08-13,Online
3624,***,***,25,Machine Learning,2025-05-11,Online
3625,***,***,22,Web development,2024-08-19,In-person
3626,***,***,25,Machine Learning,2023-10-16,Online
3627,***,***,45,Software Engineering,2027-04-14,In-person
3628,***,***,35,Data Engineering,2026-05-21,In-person
3629,***,***,41,Software Engineering,2027-03-16,Online
3630,***,***,39,Machine Learning,2026-10-15,In-person
3631,***,***,36,Data Science,2022-11-13,Online
3632,***,***,35,Software Engineering,2023-05-23,Online
3633,***,***,26,Data Engineering,2025-04-07,In-person
3634,***,***,27,Web development,2022-12-06,Online
3635,***,***,37,Machine Learning,2026-06-01,Online
3636,***,***,23,Machine Learning,2027-04-13,In-person
3637,***,***,39,Machine Learning,2025-02-03,In-person
3638,***,***,22,Data Engineering,2027-04-20,Online
3639,***,***,22,Data Engineering,2027-09-04,In-person
3640,***,***,35,Data Engineering,2027-04-05,In-person
3641,***,***,28,Data Science,2026-11-06,In-person
3642,***,***,26,Machine Learning,2026-08-25,In-person
3643,***,***,44,Data Engineering,2023-05-05,In-person
3644,***,***,36,Software Engineering,2026-05-19,Online
3645,***,***,28,Software Engineering,2027-02-20,In-person
3646,***,***,34,Machine Learning,2024-05-06,Online
3647,***,***,23,Web development,2027-06-14,Online
3648,***,***,32,Data Science,2026-01-25,In-person
3649,***,***,24,Web development,2024-03-21,Online
3650,***,***,31,Machine Learning,2024-12-14,Online
3651,***,***,30,Data Science,2025-11-28,Online
3652,***,***,29,Data Engineering,2027-09-27,Online
3653,***,***,37,Machine Learning,2023-09-30,Online
3654,***,***,35,Software Engineering,2022-10-25,In-person
3655,***,***,28,Web development,2023-09-20,In-person
3656,***,***,39,Software Engineering,2024-06-13,Online
3657,***,***,39,Web development,2024-12-17,In-person
3658,***,***,31,Web development,2023-01-23,Online
3659,***,***,25,Web development,2022-11-21,Online
3660,***,***,25,Data Engineering,2026-06-05,In-person
3661,***,***,28,Software Engineering,2027-07-21,Online
3662,***,***,33,Software Engineering,2026-05-10,Online
3663,***,***,43,Data Engineering,2024-05-28,Online
3664,***,***,41,Web development,2024-11-22,Online
3665,***,***,43,Software Engineering,2023-12-08,Online
3666,***,***,40,Data Science,2026-03-13,Online
3667,***,***,33,Data Science,2023-07-05,In-person
3668,***,***,29,Machine Learning,2023-05-04,Online
3669,***,***,39,Data Science,2024-12-25,In-person
3670,***,***,25,Web development,2024-04-12,Online
3671,***,***,35,Web development,2026-04-08,In-person
3672,***,***,33,Data Science,2026-07-11,In-person
3673,***,***,36,Data Engineering,2023-07-03,Online
3674,***,***,28,Software Engineering,2027-05-01,In-person
3675,***,***,34,Web development,2024-09-20,In-person
3676,***,***,44,Web development,2023-03-17,Online
3677,***,***,34,Data Engineering,2023-03-04,Online
3678,***,***,26,Web development,2023-07-24,In-person
3679,***,***,26,Software Engineering,2023-01-21,In-person
3680,***,***,26,Data Engineering,2024-08-15,In-person
3681,***,***,36,Web development,2024-09-24,In-person
3682,***,***,26,Data Science,2023-06-29,In-person
3683,***,***,25,Data Engineering,2024-07-31,In-person
3684,***,***,37,Data Engineering,2024-09-07,Online
3685,***,***,43,Data Science,2022-12-16,In-person
3686,***,***,22,Data Engineering,2023-03-24,In-person
3687,***,***,36,Data Science,2024-07-27,In-person
3688,***,***,31,Data Science,2025-05-31,In-person
3689,***,***,38,Web development,2023-07-05,Online
3690,***,***,38,Web development,2026-05-14,Online
3691,***,***,34,Data Engineering,2023-09-18,In-person
3692,***,***,28,Web development,2025-06-11,Online
3693,***,***,30,Data Engineering,2027-05-04,Online
3694,***,***,39,Software Engineering,2023-09-16,In-person
3695,***,***,34,Data Science,2023-10-14,In-person
3696,***,***,26,Web development,2023-04-27,Online
3697,***,***,44,Software Engineering,2025-03-13,In-person
3698,***,***,35,Data Engineering,2024-02-01,In-person
3699,***,***,27,Data Science,2024-07-17,In-person
3700,***,***,28,Data Science,2023-05-28,Online
3701,***,***,30,Data Engineering,2024-08-04,In-person
3702,***,***,45,Data Science,2027-10-14,Online
3703,***,***,28,Machine Learning,2023-06-25,In-person
3704,***,***,29,Data Science,2026-12-12,In-person
3705,***,***,44,Data Engineering,2022-12-06,Online
3706,***,***,39,Machine Learning,2024-04-30,In-person
3707,***,***,30,Machine Learning,2024-12-20,In-person
3708,***,***,41,Data Engineering,2025-04-01,Online
3709,***,***,36,Data Science,2026-05-11,Online
3710,***,***,24,Data Science,2026-10-01,Online
3711,***,***,36,Data Science,2026-03-09,Online
3712,***,***,29,Machine Learning,2024-04-10,In-person
3713,***,***,41,Software Engineering,2024-12-08,Online
3714,***,***,42,Data Science,2023-03-04,Online
3715,***,***,40,Data Science,2024-02-09,In-person
3716,***,***,40,Software Engineering,2022-11-24,Online
3717,***,***,25,Machine Learning,2025-03-22,Online
3718,***,***,30,Software Engineering,2026-11-01,Online
3719,***,***,23,Data Science,2026-05-23,Online
3720,***,***,45,Software Engineering,2027-09-12,In-person
3721,***,***,45,Data Engineering,2027-08-12,In-person
3722,***,***,29,Data Science,2025-04-27,In-person
3723,***,***,45,Data Science,2025-11-08,Online
3724,***,***,30,Machine Learning,2025-03-01,Online
3725,***,***,38,Machine Learning,2023-10-02,In-person
3726,***,***,32,Machine Learning,2026-03-10,In-person
3727,***,***,37,Software Engineering,2026-12-06,In-person
3728,***,***,26,Web development,2026-02-16,Online
3729,***,***,33,Data Engineering,2024-08-27,Online
3730,***,***,29,Data Engineering,2027-08-07,In-person
3731,***,***,33,Data Science,2026-10-22,In-person
3732,***,***,40,Machine Learning,2026-10-28,Online
3733,***,***,32,Machine Learning,2026-06-14,In-person
3734,***,***,28,Data Engineering,2026-11-17,In-person
3735,***,***,27,Data Science,2026-12-14,Online
3736,***,***,33,Software Engineering,2027-03-12,Online
3737,***,***,33,Web development,2023-05-06,Online
3738,***,***,27,Web development,2025-11-06,In-person
3739,***,***,33,Data Science,2024-12-27,In-person
3740,***,***,41,Web development,2025-11-07,In-person
3741,***,***,22,Data Engineering,2026-09-11,Online
3742,***,***,33,Data Science,2023-02-01,In-person
3743,***,***,39,Data Engineering,2024-12-26,In-person
3744,***,***,40,Web development,2023-08-12,Online
3745,***,***,33,Machine Learning,2026-03-26,In-person
3746,***,***,22,Software Engineering,2025-06-09,Online
3747,***,***,33,Data Science,2024-03-12,Online
3748,***,***,22,Web development,2022-12-14,In-person
3749,***,***,33,Data Engineering,2025-08-24,In-person
3750,***,***,45,Software Engineering,2026-09-14,Online
3751,***,***,35,Web development,2026-03-26,Online
3752,***,***,25,Data Engineering,2024-01-14,In-person
3753,***,***,41,Data Science,2024-05-19,In-person
3754,***,***,42,Software Engineering,2025-06-04,In-person
3755,***,***,31,Machine Learning,2024-11-10,Online
3756,***,***,44,Web development,2027-08-03,Online
3757,***,***,39,Machine Learning,2027-07-09,In-person
3758,***,***,39,Machine Learning,2026-07-18,In-person
3759,***,***,45,Machine Learning,2024-06-26,In-person
3760,***,***,23,Data Science,2027-02-04,In-person
3761,***,***,36,Data Engineering,2024-07-19,Online
3762,***,***,39,Machine Learning,2026-12-14,In-person
3763,***,***,23,Web development,2026-02-02,Online
3764,***,***,37,Software Engineering,2024-10-02,Online
3765,***,***,45,Data Science,2025-05-11,Online
3766,***,***,40,Web development,2024-06-06,Online
3767,***,***,40,Data Engineering,2024-04-17,In-person
3768,***,***,35,Machine Learning,2025-04-09,Online
3769,***,***,45,Web development,2026-11-10,Online
3770,***,***,33,Data Engineering,2027-09-26,In-person
3771,***,***,39,Web development,2023-05-07,In-person
3772,***,***,25,Machine Learning,2023-03-25,In-person
3773,***,***,29,Software Engineering,2025-08-10,Online
3774,***,***,40,Data Science,2024-08-18,Online
3775,***,***,24,Machine Learning,2025-12-28,Online
3776,***,***,24,Data Science,2026-09-13,Online
3777,***,***,37,Web development,2026-09-07,Online
3778,***,***,30,Machine Learning,2027-05-25,In-person
3779,***,***,39,Data Science,2027-02-17,In-person
3780,***,***,39,Data Science,2027-04-06,Online
3781,***,***,40,Data Engineering,2026-11-04,In-person
3782,***,***,22,Data Science,2023-12-05,In-person
3783,***,***,29,Software Engineering,2025-02-18,Online
3784,***,***,28,Software Engineering,2023-08-02,Online
3785,***,***,33,Web development,2027-04-19,In-person
3786,***,***,33,Software Engineering,2023-12-22,In-person
3787,***,***,25,Software Engineering,2026-05-19,Online
3788,***,***,38,Data Science,2023-08-11,Online
3789,***,***,41,Machine Learning,2026-04-16,Online
3790,***,***,34,Web development,2027-08-20,In-person
3791,***,***,41,Software Engineering,2026-02-10,In-person
3792,***,***,23,Data Science,2027-05-25,In-person
3793,***,***,43,Software Engineering,2025-06-07,In-person
3794,***,***,23,Machine Learning,2024-02-03,In-person
3795,***,***,30,Data Engineering,2026-05-11,In-person
3796,***,***,24,Machine Learning,2027-01-16,Online
3797,***,***,26,Web development,2026-10-12,In-person
3798,***,***,45,Software Engineering,2024-11-08,Online
3799,***,***,26,Web development,2023-09-01,Online
3800,***,***,35,Software Engineering,2025-05-19,In-person
3801,***,***,42,Web development,2027-03-16,In-person
3802,***,***,24,Machine Learning,2026-08-05,Online
3803,***,***,28,Data Engineering,2024-04-07,Online
3804,***,***,38,Web development,2024-02-04,Online
3805,***,***,39,Web development,2025-08-16,In-person
3806,***,***,35,Web development,2026-09-19,Online
3807,***,***,45,Machine Learning,2027-08-19,In-person
3808,***,***,28,Data Science,2023-02-17,In-person
3809,***,***,34,Machine Learning,2027-04-10,In-person
3810,***,***,41,Machine Learning,2026-04-04,Online
3811,***,***,30,Data Science,2026-12-01,In-person
3812,***,***,24,Data Science,2022-12-23,Online
3813,***,***,44,Software Engineering,2027-08-31,In-person
3814,***,***,33,Web development,2024-12-24,In-person
3815,***,***,28,Data Engineering,2025-08-12,In-person
3816,***,***,31,Data Engineering,2025-09-11,Online
3817,***,***,39,Data Science,2025-05-01,Online
3818,***,***,43,Data Engineering,2025-01-09,Online
3819,***,***,25,Machine Learning,2023-08-15,In-person
3820,***,***,26,Data Engineering,2025-12-21,In-person
3821,***,***,45,Software Engineering,2027-04-11,Online
3822,***,***,32,Software Engineering,2026-01-24,In-person
3823,***,***,26,Data Engineering,2024-02-28,In-person
3824,***,***,27,Software Engineering,2025-05-20,Online
3825,***,***,31,Data Engineering,2026-09-24,In-person
3826,***,***,29,Web development,2027-08-09,In-person
3827,***,***,26,Data Science,2027-09-22,Online
3828,***,***,31,Web development,2025-07-10,In-person
3829,***,***,34,Data Science,2025-08-21,Online
3830,***,***,38,Data Engineering,2026-08-02,Online
3831,***,***,22,Machine Learning,2023-12-20,In-person
3832,***,***,28,Software Engineering,2023-12-11,In-person
3833,***,***,39,Web development,2025-07-27,Online
3834,***,***,40,Machine Learning,2024-12-12,In-person
3835,***,***,29,Data Engineering,2024-11-06,In-person
3836,***,***,29,Data Science,2024-09-09,Online
3837,***,***,33,Software Engineering,2027-06-10,Online
3838,***,***,43,Web development,2025-12-28,In-person
3839,***,***,36,Web development,2027-03-12,Online
3840,***,***,24,Data Science,2023-04-19,Online
3841,***,***,22,Software Engineering,2027-09-17,In-person
3842,***,***,43,Software Engineering,2027-05-11,Online
3843,***,***,29,Machine Learning,2023-06-14,Online
3844,***,***,34,Machine Learning,2026-09-25,In-person
3845,***,***,37,Machine Learning,2026-12-16,Online
3846,***,***,45,Machine Learning,2023-06-22,Online
3847,***,***,39,Web development,2024-06-29,In-person
3848,***,***,33,Machine Learning,2026-11-09,Online
3849,***,***,33,Machine Learning,2024-03-17,Online
3850,***,***,42,Data Engineering,2027-06-22,Online
3851,***,***,34,Data Science,2026-05-08,Online
3852,***,***,30,Data Science,2027-02-23,Online
3853,***,***,31,Software Engineering,2026-09-19,In-person
3854,***,***,32,Machine Learning,2025-11-09,In-person
3855,***,***,37,Data Science,2026-09-14,Online
3856,***,***,36,Software Engineering,2022-11-09,In-person
3857,***,***,25,Data Science,2023-06-28,Online
3858,***,***,41,Web development,2027-04-18,Online
3859,***,***,26,Data Engineering,2024-08-01,In-person
3860,***,***,22,Web development,2023-01-27,In-person
3861,***,***,29,Web development,2026-09-08,Online
3862,***,***,24,Data Science,2025-01-10,Online
3863,***,***,28,Machine Learning,2024-11-06,In-person
3864,***,***,29,Software Engineering,2027-01-28,In-person
3865,***,***,40,Data Science,2025-11-14,In-person
3866,***,***,22,Machine Learning,2025-10-21,Online
3867,***,***,25,Data Science,2024-06-05,Online
3868,***,***,28,Machine Learning,2024-06-06,Online
3869,***,***,42,Web development,2027-06-24,In-person
3870,***,***,27,Software Engineering,2025-11-29,In-person
3871,***,***,34,Data Engineering,2023-01-07,Online
3872,***,***,34,Data Science,2027-03-27,In-person
3873,***,***,25,Web development,2027-08-06,Online
3874,***,***,35,Data Engineering,2023-09-13,Online
3875,***,***,39,Software Engineering,2026-06-27,Online
3876,***,***,39,Data Science,2024-05-11,In-person
3877,***,***,30,Machine Learning,2025-05-14,In-person
3878,***,***,24,Data Science,2023-12-04,In-person
3879,***,***,44,Data Science,2027-09-15,Online
3880,***,***,27,Data Science,2027-05-18,Online
3881,***,***,38,Web development,2027-07-21,In-person
3882,***,***,25,Software Engineering,2026-07-04,Online
3883,***,***,37,Machine Learning,2025-08-19,Online
3884,***,***,25,Data Engineering,2025-04-24,Online
3885,***,***,44,Software Engineering,2024-07-20,Online
3886,***,***,28,Data Engineering,2023-01-06,In-person
3887,***,***,27,Data Engineering,2027-02-27,Online
3888,***,***,37,Data Engineering,2023-05-19,Online
3889,***,***,42,Data Engineering,2026-06-28,Online
3890,***,***,42,Web development,2023-09-20,Online
3891,***,***,44,Data Engineering,2024-11-27,In-person
3892,***,***,41,Web development,2024-04-01,In-person
3893,***,***,43,Software Engineering,2023-11-02,Online
3894,***,***,25,Web development,2023-08-24,Online
3895,***,***,32,Machine Learning,2026-12-20,Online
3896,***,***,34,Data Engineering,2025-12-14,Online
3897,***,***,41,Software Engineering,2023-07-04,Online
3898,***,***,38,Machine Learning,2025-10-31,In-person
3899,***,***,27,Web development,2023-11-30,In-person
3900,***,***,27,Web development,2024-05-20,In-person
3901,***,***,39,Software Engineering,2024-02-18,Online
3902,***,***,29,Software Engineering,2024-09-25,In-person
3903,***,***,36,Data Science,2023-03-21,Online
3904,***,***,44,Machine Learning,2026-04-07,Online
3905,***,***,38,Data Science,2026-11-23,Online
3906,***,***,40,Data Science,2027-05-09,In-person
3907,***,***,36,Software Engineering,2026-10-20,Online
3908,***,***,26,Machine Learning,2024-07-17,Online
3909,***,***,32,Data Engineering,2026-07-25,In-person
3910,***,***,29,Web development,2023-05-13,Online
3911,***,***,34,Software Engineering,2022-10-19,In-person
3912,***,***,41,Software Engineering,2023-10-04,Online
3913,***,***,27,Data Engineering,2024-06-01,Online
3914,***,***,38,Data Science,2024-06-28,In-person
3915,***,***,43,Data Science,2025-06-04,In-person
3916,***,***,32,Machine Learning,2025-09-24,In-person
3917,***,***,31,Machine Learning,2026-08-18,In-person
3918,***,***,38,Machine Learning,2024-02-29,In-person
3919,***,***,35,Software Engineering,2023-05-22,In-person
3920,***,***,37,Web development,2023-06-13,Online
3921,***,***,22,Data Science,2023-11-07,Online
3922,***,***,28,Web development,2026-11-16,Online
3923,***,***,38,Data Engineering,2023-07-18,In-person
3924,***,***,32,Machine Learning,2027-09-17,Online
3925,***,***,44,Data Engineering,2025-02-22,Online
3926,***,***,41,Machine Learning,2024-01-11,Online
3927,***,***,24,Machine Learning,2027-05-14,Online
3928,***,***,32,Machine Learning,2024-11-21,Online
3929,***,***,42,Web development,2023-12-07,Online
3930,***,***,45,Data Science,2024-05-08,Online
3931,***,***,30,Machine Learning,2024-08-11,In-person
3932,***,***,26,Data Engineering,2026-03-31,Online
3933,***,***,40,Data Science,2026-02-12,In-person
3934,***,***,37,Data Engineering,2025-10-31,Online
3935,***,***,33,Software Engineering,2025-02-04,In-person
3936,***,***,36,Data Engineering,2024-05-04,In-person
3937,***,***,43,Machine Learning,2023-12-31,Online
3938,***,***,45,Data Engineering,2025-10-30,Online
3939,***,***,45,Data Engineering,2025-11-12,In-person
3940,***,***,24,Data Engineering,2026-06-02,In-person
3941,***,***,44,Data Science,2026-11-05,Online
3942,***,***,35,Machine Learning,2025-10-30,In-person
3943,***,***,30,Data Engineering,2023-08-25,In-person
3944,***,***,38,Software Engineering,2023-02-24,Online
3945,***,***,45,Web development,2023-01-20,In-person
3946,***,***,36,Machine Learning,2026-11-18,In-person
3947,***,***,27,Data Engineering,2025-08-25,Online
3948,***,***,36,Data Engineering,2025-07-03,Online
3949,***,***,26,Data Engineering,2027-04-22,Online
3950,***,***,31,Machine Learning,2026-10-13,In-person
3951,***,***,24,Machine Learning,2023-05-02,Online
3952,***,***,44,Web development,2025-11-19,In-person
3953,***,***,38,Machine Learning,2023-12-05,In-person
3954,***,***,25,Data Engineering,2025-10-25,Online
3955,***,***,23,Data Engineering,2023-03-11,Online
3956,***,***,36,Software Engineering,2024-02-26,Online
3957,***,***,33,Web development,2025-12-05,In-person
3958,***,***,37,Data Science,2023-05-31,In-person
3959,***,***,39,Machine Learning,2027-02-12,In-person
3960,***,***,24,Machine Learning,2026-08-09,Online
3961,***,***,27,Web development,2023-12-30,Online
3962,***,***,22,Data Science,2026-02-19,In-person
3963,***,***,43,Web development,2025-02-06,Online
3964,***,***,29,Data Science,2026-03-07,In-person
3965,***,***,40,Software Engineering,2024-06-13,Online
3966,***,***,33,Web development,2024-08-02,Online
3967,***,***,26,Software Engineering,2025-06-10,In-person
3968,***,***,36,Data Engineering,2023-09-10,In-person
3969,***,***,28,Data Science,2024-11-25,In-person
3970,***,***,25,Web development,2024-10-29,Online
3971,***,***,36,Machine Learning,2024-12-24,In-person
3972,***,***,29,Web development,2023-07-07,Online
3973,***,***,25,Data Science,2026-09-19,Online
3974,***,***,34,Data Science,2027-04-05,In-person
3975,***,***,24,Software Engineering,2023-06-15,In-person
3976,***,***,27,Web development,2024-02-02,Online
3977,***,***,43,Software Engineering,2026-01-30,Online
3978,***,***,28,Software Engineering,2027-06-09,Online
3979,***,***,25,Software Engineering,2026-11-05,Online
3980,***,***,36,Web development,2027-02-25,In-person
3981,***,***,27,Data Engineering,2023-01-31,In-person
3982,***,***,25,Data Science,2027-09-28,In-person
3983,***,***,25,Data Engineering,2023-10-06,In-person
3984,***,***,36,Software Engineering,2023-01-30,Online
3985,***,***,25,Data Science,2027-06-30,In-person
3986,***,***,22,Data Engineering,2024-08-24,Online
3987,***,***,36,Data Engineering,2027-03-04,Online
3988,***,***,36,Web development,2022-11-07,In-person
3989,***,***,35,Data Engineering,2027-09-04,In-person
3990,***,***,23,Machine Learning,2024-08-24,Online
3991,***,***,33,Software Engineering,2023-05-05,Online
3992,***,***,37,Web development,2025-02-05,In-person
3993,***,***,28,Software Engineering,2023-10-07,Online
3994,***,***,22,Machine Learning,2026-11-04,Online
3995,***,***,23,Web development,2026-07-10,In-person
3996,***,***,36,Web development,2027-10-01,Online
3997,***,***,30,Machine Learning,2025-08-26,In-person
3998,***,***,42,Software Engineering,2027-06-05,Online
3999,***,***,25,Data Science,2025-02-04,Online
4000,***,***,45,Web development,2026-01-29,Online
4001,***,***,34,Data Engineering,2024-03-02,Online
4002,***,***,39,Web development,2023-01-18,In-person
4003,***,***,25,Data Science,2023-07-11,In-person
4004,***,***,40,Data Science,2024-04-11,Online
4005,***,***,24,Software Engineering,2023-01-25,In-person
4006,***,***,30,Data Engineering,2025-06-15,Online
4007,***,***,27,Data Science,2023-01-16,In-person
4008,***,***,42,Software Engineering,2023-09-11,Online
4009,***,***,26,Data Engineering,2026-11-17,Online
4010,***,***,31,Machine Learning,2025-09-20,Online
4011,***,***,40,Web development,2025-10-27,In-person
4012,***,***,23,Machine Learning,2027-06-28,In-person
4013,***,***,24,Data Science,2027-03-08,Online
4014,***,***,25,Data Science,2025-03-02,Online
4015,***,***,33,Machine Learning,2024-01-26,In-person
4016,***,***,40,Data Science,2024-06-01,Online
4017,***,***,40,Machine Learning,2027-07-22,Online
4018,***,***,39,Data Science,2027-05-20,In-person
4019,***,***,27,Data Science,2024-01-19,Online
4020,***,***,24,Software Engineering,2027-04-13,Online
4021,***,***,34,Data Science,2024-08-07,In-person
4022,***,***,42,Data Engineering,2024-04-15,In-person
4023,***,***,41,Data Engineering,2027-08-08,In-person
4024,***,***,26,Data Engineering,2027-03-04,In-person
4025,***,***,44,Software Engineering,2023-10-18,In-person
4026,***,***,29,Web development,2025-09-08,In-person
4027,***,***,34,Web development,2026-08-13,In-person
4028,***,***,40,Data Engineering,2027-08-12,In-person
4029,***,***,29,Machine Learning,2023-06-03,In-person
4030,***,***,22,Data Science,2024-10-28,Online
4031,***,***,29,Web development,2026-07-13,Online
4032,***,***,36,Software Engineering,2026-05-18,In-person
4033,***,***,39,Data Engineering,2025-05-08,Online
4034,***,***,30,Software Engineering,2023-05-26,In-person
4035,***,***,32,Data Engineering,2024-06-27,Online
4036,***,***,27,Data Science,2027-04-22,In-person
4037,***,***,25,Machine Learning,2024-12-19,In-person
4038,***,***,39,Machine Learning,2025-12-17,Online
4039,***,***,38,Web development,2025-03-04,In-person
4040,***,***,23,Data Science,2026-07-27,Online
4041,***,***,23,Machine Learning,2023-01-07,Online
4042,***,***,33,Machine Learning,2025-09-24,Online
4043,***,***,41,Data Science,2023-03-27,Online
4044,***,***,34,Web development,2026-09-26,Online
4045,***,***,38,Software Engineering,2023-11-24,Online
4046,***,***,22,Web development,2023-04-25,In-person
4047,***,***,41,Web development,2027-03-06,Online
4048,***,***,30,Data Engineering,2023-03-02,Online
4049,***,***,39,Machine Learning,2025-07-03,In-person
4050,***,***,38,Data Engineering,2027-02-19,In-person
4051,***,***,24,Machine Learning,2025-10-27,Online
4052,***,***,26,Software Engineering,2023-08-15,Online
4053,***,***,40,Data Engineering,2025-09-29,Online
4054,***,***,37,Data Science,2024-01-23,Online
4055,***,***,42,Data Science,2027-05-02,In-person
4056,***,***,24,Software Engineering,2026-08-28,Online
4057,***,***,27,Web development,2027-04-10,Online
4058,***,***,28,Web development,2024-12-03,In-person
4059,***,***,32,Machine Learning,2027-05-29,In-person
4060,***,***,28,Data Science,2023-12-13,Online
4061,***,***,22,Machine Learning,2022-11-27,In-person
4062,***,***,29,Web development,2023-03-22,In-person
4063,***,***,39,Web development,2027-06-21,In-person
4064,***,***,40,Data Science,2027-09-17,In-person
4065,***,***,27,Software Engineering,2026-06-04,In-person
4066,***,***,35,Data Engineering,2026-11-22,Online
4067,***,***,43,Software Engineering,2023-11-28,In-person
4068,***,***,36,Data Engineering,2024-07-19,Online
4069,***,***,36,Web development,2025-06-19,Online
4070,***,***,34,Machine Learning,2023-12-31,In-person
4071,***,***,44,Data Science,2026-05-04,Online
4072,***,***,37,Data Science,2025-08-22,Online
4073,***,***,24,Data Engineering,2025-06-21,In-person
4074,***,***,42,Machine Learning,2023-10-10,In-person
4075,***,***,41,Software Engineering,2027-01-06,In-person
4076,***,***,25,Data Engineering,2023-09-28,In-person
4077,***,***,25,Data Engineering,2023-05-01,Online
4078,***,***,25,Data Science,2026-06-20,Online
4079,***,***,35,Software Engineering,2027-03-22,Online
4080,***,***,28,Machine Learning,2026-10-22,In-person
4081,***,***,44,Data Science,2027-10-05,Online
4082,***,***,35,Data Engineering,2024-09-29,In-person
4083,***,***,26,Data Engineering,2026-06-21,Online
4084,***,***,39,Software Engineering,2026-02-22,Online
4085,***,***,24,Software Engineering,2024-04-23,In-person
4086,***,***,39,Software Engineering,2025-12-19,In-person
4087,***,***,25,Machine Learning,2027-07-14,In-person
4088,***,***,30,Web development,2027-06-17,Online
4089,***,***,23,Software Engineering,2025-02-06,Online
4090,***,***,22,Data Science,2023-07-23,In-person
4091,***,***,25,Machine Learning,2027-03-22,In-person
4092,***,***,25,Software Engineering,2025-06-09,Online
4093,***,***,36,Software Engineering,2024-07-09,In-person
4094,***,***,28,Data Science,2024-05-06,In-person
4095,***,***,42,Software Engineering,2027-05-23,In-person
4096,***,***,45,Machine Learning,2027-01-12,In-person
4097,***,***,30,Data Engineering,2025-03-13,Online
4098,***,***,39,Machine Learning,2026-07-11,Online
4099,***,***,40,Machine Learning,2027-05-29,Online
4100,***,***,39,Data Engineering,2027-04-22,In-person
4101,***,***,24,Data Science,2026-12-20,In-person
4102,***,***,26,Software Engineering,2026-08-20,Online
4103,***,***,24,Machine Learning,2026-04-04,Online
4104,***,***,45,Data Engineering,2024-08-25,In-person
4105,***,***,23,Data Science,2023-03-27,Online
4106,***,***,28,Machine Learning,2025-03-13,In-person
4107,***,***,31,Web development,2024-04-22,Online
4108,***,***,41,Web development,2022-12-30,In-person
4109,***,***,40,Web development,2027-05-30,Online
4110,***,***,33,Web development,2024-06-08,In-person
4111,***,***,26,Data Science,2024-07-25,In-person
4112,***,***,22,Machine Learning,2024-04-02,In-person
4113,***,***,34,Data Engineering,2026-05-08,In-person
4114,***,***,35,Machine Learning,2023-12-05,In-person
4115,***,***,32,Web development,2022-10-23,Online
4116,***,***,30,Web development,2026-07-13,Online
4117,***,***,41,Data Science,2027-07-06,In-person
4118,***,***,42,Machine Learning,2024-10-24,Online
4119,***,***,45,Data Engineering,2024-03-15,In-person
4120,***,***,26,Software Engineering,2023-07-17,Online
4121,***,***,35,Web development,2027-01-09,In-person
4122,***,***,26,Machine Learning,2023-02-25,Online
4123,***,***,37,Software Engineering,2026-05-08,In-person
4124,***,***,31,Machine Learning,2025-11-20,Online
4125,***,***,30,Software Engineering,2026-05-09,In-person
4126,***,***,45,Web development,2024-04-02,In-person
4127,***,***,23,Data Science,2025-12-14,Online
4128,***,***,41,Data Engineering,2026-02-22,Online
4129,***,***,30,Web development,2027-09-29,In-person
4130,***,***,25,Machine Learning,2025-03-11,Online
4131,***,***,45,Data Engineering,2027-08-21,In-person
4132,***,***,37,Web development,2024-07-23,Online
4133,***,***,40,Software Engineering,2026-08-26,In-person
4134,***,***,27,Web development,2024-07-17,Online
4135,***,***,41,Data Engineering,2025-04-16,Online
4136,***,***,25,Machine Learning,2027-02-03,Online
4137,***,***,30,Data Engineering,2025-05-11,Online
4138,***,***,22,Data Science,2025-08-19,Online
4139,***,***,28,Data Science,2023-10-28,Online
4140,***,***,39,Data Engineering,2025-01-11,Online
4141,***,***,37,Machine Learning,2024-02-01,In-person
4142,***,***,39,Web development,2025-05-17,Online
4143,***,***,34,Software Engineering,2025-11-08,In-person
4144,***,***,44,Web development,2025-09-07,In-person
4145,***,***,39,Web development,2026-12-21,Online
4146,***,***,43,Software Engineering,2025-04-10,In-person
4147,***,***,45,Web development,2026-10-25,In-person
4148,***,***,29,Web development,2025-02-26,In-person
4149,***,***,27,Data Science,2024-03-16,Online
4150,***,***,25,Data Science,2025-12-25,Online
4151,***,***,30,Software Engineering,2024-08-15,In-person
4152,***,***,24,Data Science,2025-10-15,Online
4153,***,***,40,Machine Learning,2024-06-12,Online
4154,***,***,44,Machine Learning,2026-05-30,Online
4155,***,***,27,Data Science,2023-11-28,In-person
4156,***,***,42,Machine Learning,2027-07-31,In-person
4157,***,***,23,Data Science,2023-04-09,In-person
4158,***,***,40,Web development,2024-06-29,Online
4159,***,***,30,Software Engineering,2024-04-10,In-person
4160,***,***,26,Data Science,2025-03-04,Online
4161,***,***,39,Web development,2026-05-03,In-person
4162,***,***,24,Software Engineering,2027-09-13,In-person
4163,***,***,27,Software Engineering,2024-11-25,Online
4164,***,***,33,Machine Learning,2025-09-12,Online
4165,***,***,37,Web development,2024-12-03,In-person
4166,***,***,42,Software Engineering,2026-03-12,In-person
4167,***,***,30,Machine Learning,2027-02-25,In-person
4168,***,***,45,Machine Learning,2022-11-17,Online
4169,***,***,30,Data Science,2026-07-30,In-person
4170,***,***,29,Data Science,2023-03-06,In-person
4171,***,***,35,Machine Learning,2026-05-23,Online
4172,***,***,38,Data Engineering,2027-08-19,In-person
4173,***,***,35,Software Engineering,2026-12-30,In-person
4174,***,***,34,Data Science,2026-02-11,In-person
4175,***,***,37,Web development,2022-12-13,In-person
4176,***,***,30,Data Science,2026-02-26,Online
4177,***,***,43,Machine Learning,2026-06-30,Online
4178,***,***,28,Software Engineering,2025-05-11,Online
4179,***,***,22,Data Science,2023-05-05,In-person
4180,***,***,34,Software Engineering,2024-12-29,Online
4181,***,***,24,Machine Learning,2025-10-22,Online
4182,***,***,26,Machine Learning,2024-09-14,Online
4183,***,***,44,Software Engineering,2027-07-19,Online
4184,***,***,38,Web development,2027-06-23,Online
4185,***,***,26,Web development,2022-12-28,In-person
4186,***,***,22,Data Science,2027-02-13,In-person
4187,***,***,34,Data Engineering,2025-01-03,Online
4188,***,***,34,Data Engineering,2022-11-10,In-person
4189,***,***,24,Web development,2026-08-29,In-person
4190,***,***,23,Data Engineering,2024-07-31,Online
4191,***,***,27,Software Engineering,2023-10-01,In-person
4192,***,***,40,Software Engineering,2023-02-09,Online
4193,***,***,29,Data Science,2025-11-13,In-person
4194,***,***,45,Data Engineering,2025-02-10,In-person
4195,***,***,26,Machine Learning,2025-08-21,In-person
4196,***,***,27,Software Engineering,2024-02-19,In-person
4197,***,***,25,Software Engineering,2025-12-13,Online
4198,***,***,44,Data Science,2025-11-02,In-person
4199,***,***,33,Web development,2024-10-26,Online
4200,***,***,36,Machine Learning,2026-09-12,In-person
4201,***,***,43,Data Engineering,2026-01-03,In-person
4202,***,***,45,Web development,2023-06-23,In-person
4203,***,***,44,Data Science,2025-08-22,In-person
4204,***,***,42,Data Science,2024-04-02,Online
4205,***,***,40,Web development,2023-05-30,In-person
4206,***,***,27,Software Engineering,2026-04-04,Online
4207,***,***,31,Machine Learning,2024-11-24,In-person
4208,***,***,22,Software Engineering,2023-11-06,In-person
4209,***,***,45,Machine Learning,2026-05-13,In-person
4210,***,***,24,Machine Learning,2024-05-14,In-person
4211,***,***,42,Machine Learning,2026-05-25,In-person
4212,***,***,24,Machine Learning,2023-12-04,In-person
4213,***,***,30,Web development,2027-05-07,Online
4214,***,***,24,Software Engineering,2025-05-07,In-person
4215,***,***,27,Machine Learning,2023-07-03,In-person
4216,***,***,36,Data Engineering,2027-01-16,Online
4217,***,***,37,Data Science,2023-12-30,Online
4218,***,***,33,Data Engineering,2024-09-21,Online
4219,***,***,30,Web development,2024-11-16,Online
4220,***,***,31,Data Science,2026-10-22,In-person
4221,***,***,22,Web development,2026-12-04,Online
4222,***,***,33,Web development,2024-08-31,Online
4223,***,***,41,Machine Learning,2024-09-21,In-person
4224,***,***,25,Machine Learning,2025-01-23,In-person
4225,***,***,35,Machine Learning,2027-01-12,Online
4226,***,***,26,Web development,2027-07-10,Online
4227,***,***,36,Data Engineering,2026-11-25,In-person
4228,***,***,38,Web development,2025-11-27,In-person
4229,***,***,35,Web development,2024-06-19,Online
4230,***,***,40,Web development,2023-11-23,Online
4231,***,***,25,Data Science,2026-05-08,In-person
4232,***,***,35,Machine Learning,2024-05-22,In-person
4233,***,***,28,Machine Learning,2025-06-20,Online
4234,***,***,38,Machine Learning,2023-10-20,Online
4235,***,***,30,Data Science,2022-12-26,In-person
4236,***,***,30,Data Science,2023-05-26,Online
4237,***,***,27,Data Science,2025-03-17,Online
4238,***,***,29,Software Engineering,2023-11-08,Online
4239,***,***,35,Software Engineering,2023-05-23,Online
4240,***,***,28,Software Engineering,2025-10-08,In-person
4241,***,***,23,Data Engineering,2023-06-27,In-person
4242,***,***,41,Data Science,2025-06-20,In-person
4243,***,***,28,Data Science,2026-08-03,In-person
4244,***,***,37,Data Science,2025-09-27,In-person
4245,***,***,28,Machine Learning,2023-02-25,Online
4246,***,***,24,Machine Learning,2023-05-01,In-person
4247,***,***,32,Data Science,2025-03-10,In-person
4248,***,***,23,Machine Learning,2023-01-14,In-person
4249,***,***,22,Data Science,2023-08-15,In-person
4250,***,***,38,Data Science,2025-08-02,Online
4251,***,***,33,Web development,2026-07-12,Online
4252,***,***,44,Data Science,2027-08-02,Online
4253,***,***,32,Data Engineering,2026-05-23,Online
4254,***,***,42,Machine Learning,2025-12-12,Online
4255,***,***,44,Data Engineering,2024-08-20,In-person
4256,***,***,31,Web development,2025-09-05,Online
4257,***,***,25,Software Engineering,2025-06-22,In-person
4258,***,***,39,Data Science,2025-09-05,In-person
4259,***,***,32,Data Science,2026-01-26,Online
4260,***,***,32,Data Engineering,2027-07-08,In-person
4261,***,***,40,Data Engineering,2022-10-28,Online
4262,***,***,27,Data Science,2027-06-21,Online
4263,***,***,42,Machine Learning,2027-06-28,Online
4264,***,***,22,Data Science,2023-06-05,Online
4265,***,***,26,Machine Learning,2026-04-10,Online
4266,***,***,37,Software Engineering,2027-09-24,Online
4267,***,***,31,Machine Learning,2024-06-25,In-person
4268,***,***,44,Data Engineering,2024-08-04,In-person
4269,***,***,44,Web development,2024-02-10,Online
4270,***,***,32,Data Science,2022-10-22,Online
4271,***,***,22,Data Science,2026-12-19,In-person
4272,***,***,44,Data Science,2025-04-29,In-person
4273,***,***,40,Software Engineering,2026-11-14,In-person
4274,***,***,36,Data Engineering,2027-02-07,Online
4275,***,***,43,Data Engineering,2024-03-04,Online
4276,***,***,36,Data Science,2027-04-13,In-person
4277,***,***,36,Data Science,2024-11-15,Online
4278,***,***,25,Data Engineering,2026-01-01,Online
4279,***,***,37,Web development,2026-07-24,Online
4280,***,***,32,Software Engineering,2023-07-12,In-person
4281,***,***,31,Data Science,2024-03-20,Online
4282,***,***,44,Data Engineering,2024-10-31,In-person
4283,***,***,30,Data Science,2022-11-22,Online
4284,***,***,43,Machine Learning,2027-06-29,In-person
4285,***,***,39,Data Science,2026-04-13,In-person
4286,***,***,42,Software Engineering,2025-10-12,Online
4287,***,***,24,Data Engineering,2023-11-14,Online
4288,***,***,25,Web development,2025-05-10,Online
4289,***,***,29,Software Engineering,2024-08-13,In-person
4290,***,***,44,Web development,2024-06-05,Online
4291,***,***,41,Machine Learning,2026-09-21,Online
4292,***,***,42,Software Engineering,2027-10-07,In-person
4293,***,***,28,Data Science,2025-08-29,Online
4294,***,***,26,Software Engineering,2022-10-23,In-person
4295,***,***,38,Software Engineering,2025-02-21,Online
4296,***,***,45,Web development,2025-09-28,Online
4297,***,***,29,Machine Learning,2025-08-28,Online
4298,***,***,29,Data Science,2023-05-12,In-person
4299,***,***,26,Machine Learning,2024-12-04,In-person
4300,***,***,27,Software Engineering,2024-05-10,Online
4301,***,***,33,Data Engineering,2024-01-04,In-person
4302,***,***,34,Software Engineering,2022-10-25,In-person
4303,***,***,33,Data Engineering,2024-05-03,In-person
4304,***,***,32,Web development,2023-01-30,Online
4305,***,***,44,Web development,2027-06-03,Online
4306,***,***,24,Data Engineering,2023-12-13,In-person
4307,***,***,28,Web development,2027-01-13,In-person
4308,***,***,24,Software Engineering,2023-09-13,Online
4309,***,***,24,Machine Learning,2025-05-17,Online
4310,***,***,45,Data Engineering,2026-09-20,Online
4311,***,***,39,Data Science,2027-04-03,Online
4312,***,***,35,Data Engineering,2027-07-02,Online
4313,***,***,26,Machine Learning,2025-03-14,In-person
4314,***,***,39,Machine Learning,2022-11-28,In-person
4315,***,***,35,Data Science,2025-11-12,In-person
4316,***,***,31,Machine Learning,2025-01-05,In-person
4317,***,***,35,Machine Learning,2026-03-07,Online
4318,***,***,22,Software Engineering,2027-05-11,In-person
4319,***,***,37,Data Science,2022-12-01,Online
4320,***,***,22,Data Engineering,2025-03-23,Online
4321,***,***,39,Software Engineering,2026-10-26,Online
4322,***,***,28,Web development,2027-03-25,Online
4323,***,***,24,Machine Learning,2025-07-05,Online
4324,***,***,29,Software Engineering,2027-04-24,Online
4325,***,***,35,Software Engineering,2024-07-04,In-person
4326,***,***,25,Web development,2025-07-05,Online
4327,***,***,44,Data Science,2027-09-11,In-person
4328,***,***,37,Data Science,2025-02-16,In-person
4329,***,***,23,Web development,2024-09-06,Online
4330,***,***,44,Machine Learning,2022-12-03,In-person
4331,***,***,30,Web development,2025-03-11,Online
4332,***,***,43,Data Science,2024-11-27,In-person
4333,***,***,23,Data Science,2027-10-01,In-person
4334,***,***,25,Data Science,2026-10-07,Online
4335,***,***,22,Web development,2027-01-25,In-person
4336,***,***,44,Data Engineering,2026-03-28,Online
4337,***,***,23,Web development,2023-02-12,In-person
4338,***,***,44,Software Engineering,2023-07-12,In-person
4339,***,***,24,Software Engineering,2024-09-23,Online
4340,***,***,27,Data Engineering,2024-10-09,In-person
4341,***,***,32,Software Engineering,2025-09-17,In-person
4342,***,***,39,Web development,2026-12-19,In-person
4343,***,***,38,Software Engineering,2025-10-24,Online
4344,***,***,30,Machine Learning,2026-09-27,Online
4345,***,***,36,Machine Learning,2022-10-23,In-person
4346,***,***,34,Data Science,2025-05-02,In-person
4347,***,***,33,Data Engineering,2027-09-10,Online
4348,***,***,41,Data Engineering,2026-06-17,Online
4349,***,***,22,Data Engineering,2024-02-09,Online
4350,***,***,39,Machine Learning,2026-03-26,In-person
4351,***,***,35,Machine Learning,2025-10-20,In-person
4352,***,***,42,Data Engineering,2025-04-17,Online
4353,***,***,29,Software Engineering,2024-09-14,Online
4354,***,***,41,Web development,2027-01-12,In-person
4355,***,***,43,Web development,2026-09-03,In-person
4356,***,***,22,Data Engineering,2026-04-20,Online
4357,***,***,38,Machine Learning,2023-08-19,In-person
4358,***,***,40,Data Engineering,2025-04-27,In-person
4359,***,***,30,Web development,2023-02-05,Online
4360,***,***,39,Machine Learning,2026-08-07,Online
4361,***,***,24,Web development,2023-02-02,In-person
4362,***,***,26,Software Engineering,2025-11-20,In-person
4363,***,***,36,Software Engineering,2024-04-20,In-person
4364,***,***,26,Web development,2023-08-22,Online
4365,***,***,34,Data Science,2027-07-14,Online
4366,***,***,43,Data Engineering,2025-07-12,In-person
4367,***,***,26,Data Science,2025-03-14,Online
4368,***,***,30,Web development,2023-03-12,Online
4369,***,***,34,Machine Learning,2027-08-04,In-person
4370,***,***,39,Web development,2024-09-22,In-person
4371,***,***,29,Machine Learning,2025-02-06,Online
4372,***,***,44,Web development,2027-09-14,Online
4373,***,***,37,Data Engineering,2024-04-06,Online
4374,***,***,30,Data Science,2027-04-05,Online
4375,***,***,25,Machine Learning,2025-08-25,In-person
4376,***,***,29,Machine Learning,2026-11-20,In-person
4377,***,***,36,Web development,2022-12-29,Online
4378,***,***,31,Data Engineering,2027-05-08,Online
4379,***,***,40,Data Science,2026-03-12,Online
4380,***,***,41,Data Engineering,2025-06-10,Online
4381,***,***,28,Data Engineering,2024-03-05,In-person
4382,***,***,38,Data Engineering,2023-12-26,In-person
4383,***,***,41,Data Science,2025-10-13,In-person
4384,***,***,41,Data Engineering,2023-01-21,In-person
4385,***,***,41,Machine Learning,2023-08-16,In-person
4386,***,***,42,Software Engineering,2026-07-26,In-person
4387,***,***,25,Software Engineering,2024-11-16,Online
4388,***,***,43,Data Science,2025-01-15,In-person
4389,***,***,22,Data Engineering,2024-02-20,In-person
4390,***,***,44,Data Engineering,2025-12-27,Online
4391,***,***,29,Software Engineering,2023-06-04,Online
4392,***,***,23,Data Engineering,2023-08-27,Online
4393,***,***,28,Machine Learning,2025-12-01,In-person
4394,***,***,40,Data Engineering,2026-04-03,In-person
4395,***,***,31,Data Science,2023-05-18,Online
4396,***,***,22,Web development,2026-02-28,In-person
4397,***,***,34,Data Engineering,2027-05-05,In-person
4398,***,***,41,Data Science,2027-05-15,Online
4399,***,***,26,Machine Learning,2024-09-20,Online
4400,***,***,33,Web development,2027-04-09,Online
4401,***,***,24,Machine Learning,2025-09-21,In-person
4402,***,***,42,Data Science,2027-02-27,In-person
4403,***,***,28,Data Science,2025-04-07,In-person
4404,***,***,39,Data Engineering,2025-11-07,In-person
4405,***,***,23,Data Science,2027-06-12,In-person
4406,***,***,43,Data Engineering,2024-04-30,In-person
4407,***,***,40,Web development,2027-03-19,Online
4408,***,***,38,Data Science,2024-02-13,In-person
4409,***,***,22,Data Engineering,2022-10-20,Online
4410,***,***,44,Software Engineering,2024-04-11,In-person
4411,***,***,36,Machine Learning,2022-11-06,Online
4412,***,***,23,Data Science,2024-08-13,In-person
4413,***,***,30,Data Engineering,2024-02-09,Online
4414,***,***,22,Web development,2025-11-28,Online
4415,***,***,30,Data Engineering,2022-12-23,In-person
4416,***,***,36,Web development,2024-05-13,Online
4417,***,***,36,Data Science,2027-10-05,Online
4418,***,***,24,Software Engineering,2025-10-12,Online
4419,***,***,39,Data Science,2022-12-26,Online
4420,***,***,36,Data Engineering,2026-11-02,Online
4421,***,***,36,Data Engineering,2027-01-05,Online
4422,***,***,33,Machine Learning,2023-03-20,In-person
4423,***,***,44,Machine Learning,2027-01-21,Online
4424,***,***,29,Machine Learning,2026-10-03,Online
4425,***,***,29,Software Engineering,2022-11-17,Online
4426,***,***,38,Web development,2025-05-06,Online
4427,***,***,37,Data Engineering,2025-05-21,Online
4428,***,***,38,Web development,2024-03-02,In-person
4429,***,***,36,Software Engineering,2026-03-08,In-person
4430,***,***,42,Web development,2027-07-07,Online
4431,***,***,25,Software Engineering,2023-02-11,Online
4432,***,***,43,Data Science,2025-04-25,Online
4433,***,***,24,Web development,2027-05-28,In-person
4434,***,***,43,Data Science,2024-07-12,In-person
4435,***,***,45,Web development,2023-10-20,In-person
4436,***,***,23,Data Science,2024-08-28,Online
4437,***,***,45,Software Engineering,2026-02-22,In-person
4438,***,***,37,Data Science,2025-07-09,In-person
4439,***,***,28,Data Engineering,2027-01-22,In-person
4440,***,***,35,Data Engineering,2027-03-06,In-person
4441,***,***,42,Software Engineering,2025-11-20,Online
4442,***,***,41,Machine Learning,2024-09-09,Online
4443,***,***,31,Machine Learning,2023-08-20,In-person
4444,***,***,42,Data Science,2026-05-14,In-person
4445,***,***,25,Web development,2025-02-07,In-person
4446,***,***,36,Web development,2023-04-06,Online
4447,***,***,28,Data Science,2026-04-12,Online
4448,***,***,24,Web development,2025-08-08,Online
4449,***,***,34,Data Science,2024-07-20,In-person
4450,***,***,30,Software Engineering,2026-07-23,In-person
4451,***,***,31,Data Engineering,2022-10-26,In-person
4452,***,***,43,Data Engineering,2024-06-14,In-person
4453,***,***,36,Web development,2026-10-10,In-person
4454,***,***,27,Software Engineering,2023-10-19,Online
4455,***,***,22,Software Engineering,2025-11-28,Online
4456,***,***,38,Web development,2023-11-14,In-person
4457,***,***,36,Software Engineering,2023-11-04,Online
4458,***,***,43,Software Engineering,2024-02-27,Online
4459,***,***,41,Web development,2026-08-24,Online
4460,***,***,22,Software Engineering,2024-08-15,In-person
4461,***,***,23,Software Engineering,2025-10-23,In-person
4462,***,***,40,Data Science,2023-05-15,Online
4463,***,***,42,Data Engineering,2026-02-26,Online
4464,***,***,24,Web development,2024-08-15,In-person
4465,***,***,22,Data Science,2023-05-12,Online
4466,***,***,41,Data Science,2024-07-02,In-person
4467,***,***,33,Data Engineering,2023-12-06,In-person
4468,***,***,24,Software Engineering,2027-05-11,Online
4469,***,***,41,Data Engineering,2026-12-13,In-person
4470,***,***,41,Machine Learning,2022-12-29,Online
4471,***,***,23,Data Engineering,2024-10-07,In-person
4472,***,***,28,Web development,2023-10-24,In-person
4473,***,***,26,Machine Learning,2026-09-27,In-person
4474,***,***,33,Software Engineering,2026-10-30,In-person
4475,***,***,37,Data Engineering,2026-01-15,In-person
4476,***,***,32,Software Engineering,2025-02-20,In-person
4477,***,***,45,Machine Learning,2023-04-25,Online
4478,***,***,35,Data Science,2025-01-01,In-person
4479,***,***,40,Software Engineering,2025-06-17,Online
4480,***,***,38,Software Engineering,2024-06-17,In-person
4481,***,***,36,Machine Learning,2027-06-02,In-person
4482,***,***,32,Machine Learning,2023-08-05,Online
4483,***,***,28,Web development,2024-10-29,In-person
4484,***,***,42,Machine Learning,2024-10-31,In-person
4485,***,***,26,Machine Learning,2027-02-15,In-person
4486,***,***,23,Data Science,2023-04-27,Online
4487,***,***,32,Data Science,2023-02-15,In-person
4488,***,***,24,Data Science,2026-02-05,In-person
4489,***,***,26,Data Science,2024-02-11,Online
4490,***,***,40,Machine Learning,2024-08-23,Online
4491,***,***,45,Web development,2024-12-30,Online
4492,***,***,38,Machine Learning,2024-09-25,Online
4493,***,***,39,Software Engineering,2026-11-23,Online
4494,***,***,22,Data Science,2027-02-20,In-person
4495,***,***,44,Software Engineering,2023-12-16,Online
4496,***,***,38,Data Engineering,2025-07-16,In-person
4497,***,***,22,Data Science,2026-06-26,Online
4498,***,***,34,Data Science,2025-01-08,Online
4499,***,***,32,Data Engineering,2023-04-26,Online
4500,***,***,23,Web development,2024-12-20,In-person
4501,***,***,42,Machine Learning,2026-12-18,Online
4502,***,***,35,Machine Learning,2023-05-29,In-person
4503,***,***,45,Data Science,2025-06-19,Online
4504,***,***,38,Data Science,2027-04-30,Online
4505,***,***,32,Data Engineering,2025-06-28,Online
4506,***,***,39,Machine Learning,2022-12-06,In-person
4507,***,***,26,Software Engineering,2023-02-12,Online
4508,***,***,23,Machine Learning,2026-02-16,In-person
4509,***,***,40,Web development,2026-06-01,In-person
4510,***,***,27,Web development,2026-08-02,In-person
4511,***,***,27,Machine Learning,2026-01-05,Online
4512,***,***,34,Data Science,2025-10-12,In-person
4513,***,***,36,Software Engineering,2027-08-30,Online
4514,***,***,37,Data Science,2022-11-14,In-person
4515,***,***,35,Software Engineering,2027-09-18,Online
4516,***,***,24,Machine Learning,2025-10-11,In-person
4517,***,***,35,Web development,2027-06-08,Online
4518,***,***,42,Software Engineering,2027-08-13,In-person
4519,***,***,39,Machine Learning,2026-12-08,In-person
4520,***,***,45,Data Science,2024-01-15,In-person
4521,***,***,34,Software Engineering,2026-05-30,Online
4522,***,***,39,Software Engineering,2024-09-28,Online
4523,***,***,27,Web development,2026-10-31,In-person
4524,***,***,22,Software Engineering,2027-09-22,Online
4525,***,***,25,Data Science,2022-12-07,In-person
4526,***,***,37,Machine Learning,2025-12-05,In-person
4527,***,***,40,Data Engineering,2027-04-25,In-person
4528,***,***,45,Data Science,2022-10-21,Online
4529,***,***,40,Data Science,2026-05-22,In-person
4530,***,***,23,Software Engineering,2025-02-13,In-person
4531,***,***,27,Web development,2026-10-01,In-person
4532,***,***,31,Software Engineering,2023-04-16,In-person
4533,***,***,30,Machine Learning,2027-03-06,Online
4534,***,***,44,Data Science,2023-07-15,Online
4535,***,***,31,Data Science,2026-09-22,In-person
4536,***,***,27,Machine Learning,2026-11-21,In-person
4537,***,***,22,Web development,2023-04-08,Online
4538,***,***,42,Data Science,2027-04-07,In-person
4539,***,***,35,Data Engineering,2025-06-01,Online
4540,***,***,37,Data Engineering,2023-05-26,Online
4541,***,***,29,Machine Learning,2025-03-02,Online
4542,***,***,41,Data Science,2026-08-10,Online
4543,***,***,32,Machine Learning,2022-11-30,In-person
4544,***,***,23,Data Engineering,2024-11-15,Online
4545,***,***,35,Machine Learning,2024-09-06,Online
4546,***,***,42,Machine Learning,2026-03-04,In-person
4547,***,***,25,Machine Learning,2024-08-16,Online
4548,***,***,26,Data Science,2026-06-28,In-person
4549,***,***,32,Web development,2025-12-31,Online
4550,***,***,39,Machine Learning,2024-07-20,Online
4551,***,***,28,Machine Learning,2027-10-11,In-person
4552,***,***,28,Web development,2026-12-11,In-person
4553,***,***,44,Software Engineering,2023-12-18,Online
4554,***,***,40,Machine Learning,2025-02-21,Online
4555,***,***,41,Software Engineering,2027-05-21,Online
4556,***,***,27,Data Engineering,2025-08-30,In-person
4557,***,***,36,Machine Learning,2025-04-18,In-person
4558,***,***,43,Data Engineering,2024-01-13,In-person
4559,***,***,28,Data Engineering,2025-02-06,Online
4560,***,***,23,Data Science,2027-04-07,Online
4561,***,***,23,Machine Learning,2024-05-16,Online
4562,***,***,29,Software Engineering,2026-08-10,Online
4563,***,***,41,Machine Learning,2027-01-23,In-person
4564,***,***,24,Web development,2024-11-24,Online
4565,***,***,35,Machine Learning,2025-11-07,In-person
4566,***,***,42,Web development,2027-02-08,Online
4567,***,***,45,Machine Learning,2023-01-13,In-person
4568,***,***,25,Software Engineering,2024-02-26,In-person
4569,***,***,33,Software Engineering,2024-12-28,In-person
4570,***,***,27,Machine Learning,2026-03-15,Online
4571,***,***,43,Software Engineering,2023-03-30,In-person
4572,***,***,28,Machine Learning,2024-08-02,In-person
4573,***,***,42,Software Engineering,2023-11-01,In-person
4574,***,***,43,Machine Learning,2022-11-13,Online
4575,***,***,35,Software Engineering,2026-07-24,Online
4576,***,***,26,Web development,2024-07-11,Online
4577,***,***,45,Data Science,2025-11-13,Online
4578,***,***,40,Software Engineering,2025-06-13,In-person
4579,***,***,27,Data Engineering,2024-04-17,In-person
4580,***,***,28,Web development,2022-12-26,Online
4581,***,***,31,Data Science,2027-04-26,Online
4582,***,***,31,Web development,2025-11-27,In-person
4583,***,***,40,Machine Learning,2024-04-30,In-person
4584,***,***,37,Data Engineering,2023-08-19,In-person
4585,***,***,23,Data Engineering,2023-11-06,In-person
4586,***,***,25,Machine Learning,2025-05-31,In-person
4587,***,***,40,Software Engineering,2023-07-29,Online
4588,***,***,41,Data Science,2023-01-20,Online
4589,***,***,38,Data Science,2022-12-21,In-person
4590,***,***,27,Software Engineering,2023-05-02,In-person
4591,***,***,29,Software Engineering,2025-07-04,Online
4592,***,***,39,Machine Learning,2024-03-10,In-person
4593,***,***,25,Web development,2025-08-09,Online
4594,***,***,34,Data Science,2025-07-12,In-person
4595,***,***,34,Web development,2027-05-26,Online
4596,***,***,35,Software Engineering,2024-09-26,Online
4597,***,***,28,Software Engineering,2025-12-21,In-person
4598,***,***,35,Software Engineering,2027-03-03,Online
4599,***,***,38,Software Engineering,2024-06-20,Online
4600,***,***,23,Machine Learning,2027-04-22,Online
4601,***,***,30,Machine Learning,2025-02-02,In-person
4602,***,***,28,Data Science,2024-02-09,Online
4603,***,***,39,Machine Learning,2027-09-28,Online
4604,***,***,36,Software Engineering,2024-07-13,In-person
4605,***,***,29,Software Engineering,2026-07-17,In-person
4606,***,***,26,Data Science,2023-03-12,In-person
4607,***,***,38,Data Engineering,2027-06-02,Online
4608,***,***,43,Data Science,2024-09-18,In-person
4609,***,***,40,Software Engineering,2026-07-17,In-person
4610,***,***,32,Machine Learning,2023-02-11,In-person
4611,***,***,42,Web development,2027-06-15,Online
4612,***,***,30,Data Engineering,2023-07-28,Online
4613,***,***,32,Web development,2027-08-18,Online
4614,***,***,38,Web development,2027-04-25,In-person
4615,***,***,35,Software Engineering,2027-04-16,Online
4616,***,***,27,Data Science,2025-01-24,Online
4617,***,***,39,Web development,2024-02-05,In-person
4618,***,***,28,Web development,2025-01-17,In-person
4619,***,***,35,Data Science,2027-04-26,In-person
4620,***,***,26,Data Science,2027-01-24,Online
4621,***,***,36,Data Science,2026-01-27,In-person
4622,***,***,44,Data Science,2023-01-16,In-person
4623,***,***,32,Software Engineering,2024-04-11,In-person
4624,***,***,31,Web development,2026-03-08,In-person
4625,***,***,24,Machine Learning,2027-07-15,Online
4626,***,***,33,Machine Learning,2025-12-10,Online
4627,***,***,28,Web development,2024-10-15,In-person
4628,***,***,30,Software Engineering,2025-11-03,In-person
4629,***,***,26,Software Engineering,2027-03-28,Online
4630,***,***,37,Machine Learning,2026-04-22,In-person
4631,***,***,38,Machine Learning,2024-07-28,In-person
4632,***,***,36,Web development,2027-07-12,In-person
4633,***,***,34,Software Engineering,2025-02-18,Online
4634,***,***,25,Software Engineering,2023-09-18,Online
4635,***,***,42,Web development,2023-09-19,In-person
4636,***,***,43,Data Engineering,2025-07-24,In-person
4637,***,***,29,Data Science,2023-09-23,In-person
4638,***,***,39,Data Science,2023-02-16,Online
4639,***,***,32,Web development,2027-06-07,In-person
4640,***,***,40,Software Engineering,2026-12-10,Online
4641,***,***,28,Software Engineering,2027-02-18,Online
4642,***,***,31,Data Engineering,2023-02-09,In-person
4643,***,***,37,Data Engineering,2027-04-12,Online
4644,***,***,39,Data Science,2027-03-08,In-person
4645,***,***,22,Data Science,2024-05-22,Online
4646,***,***,24,Machine Learning,2024-01-09,In-person
4647,***,***,38,Data Engineering,2027-08-09,In-person
4648,***,***,22,Software Engineering,2025-07-17,In-person
4649,***,***,25,Software Engineering,2026-03-17,In-person
4650,***,***,35,Data Science,2024-03-20,Online
4651,***,***,26,Web development,2023-09-25,In-person
4652,***,***,33,Data Engineering,2026-06-28,Online
4653,***,***,31,Machine Learning,2023-07-30,In-person
4654,***,***,28,Software Engineering,2024-07-10,In-person
4655,***,***,39,Machine Learning,2025-02-18,In-person
4656,***,***,38,Machine Learning,2027-01-25,Online
4657,***,***,23,Web development,2027-01-27,In-person
4658,***,***,26,Software Engineering,2024-08-14,In-person
4659,***,***,31,Web development,2027-06-18,In-person
4660,***,***,24,Software Engineering,2024-01-12,Online
4661,***,***,32,Data Science,2024-04-14,Online
4662,***,***,35,Software Engineering,2025-03-19,Online
4663,***,***,35,Data Science,2023-06-28,In-person
4664,***,***,23,Machine Learning,2024-07-23,Online
4665,***,***,44,Machine Learning,2026-01-15,Online
4666,***,***,29,Data Science,2026-03-15,In-person
4667,***,***,39,Web development,2023-03-23,In-person
4668,***,***,35,Data Engineering,2025-02-04,In-person
4669,***,***,23,Software Engineering,2027-09-14,Online
4670,***,***,33,Data Engineering,2024-08-29,Online
4671,***,***,25,Machine Learning,2024-02-14,Online
4672,***,***,34,Machine Learning,2027-05-21,In-person
4673,***,***,43,Software Engineering,2023-04-08,In-person
4674,***,***,43,Software Engineering,2023-09-16,Online
4675,***,***,24,Machine Learning,2023-10-03,In-person
4676,***,***,30,Software Engineering,2024-12-23,Online
4677,***,***,26,Software Engineering,2024-10-29,Online
4678,***,***,43,Data Science,2025-09-18,Online
4679,***,***,34,Machine Learning,2025-11-10,In-person
4680,***,***,29,Machine Learning,2024-09-19,Online
4681,***,***,33,Machine Learning,2023-10-15,In-person
4682,***,***,26,Data Science,2026-12-29,Online
4683,***,***,24,Data Science,2026-12-20,In-person
4684,***,***,30,Data Science,2024-10-23,In-person
4685,***,***,36,Web development,2026-09-21,Online
4686,***,***,39,Data Science,2024-08-01,In-person
4687,***,***,42,Web development,2025-05-03,Online
4688,***,***,25,Web development,2024-01-21,Online
4689,***,***,30,Web development,2025-09-19,In-person
4690,***,***,26,Web development,2024-02-03,In-person
4691,***,***,23,Data Science,2022-11-29,Online
4692,***,***,27,Data Engineering,2024-11-29,Online
4693,***,***,24,Web development,2025-04-10,In-person
4694,***,***,34,Web development,2027-06-16,In-person
4695,***,***,40,Software Engineering,2025-05-23,In-person
4696,***,***,38,Data Science,2024-02-29,Online
4697,***,***,39,Web development,2027-01-25,In-person
4698,***,***,44,Data Engineering,2026-12-18,In-person
4699,***,***,36,Software Engineering,2026-03-05,Online
4700,***,***,27,Machine Learning,2024-03-01,Online
4701,***,***,37,Data Science,2025-02-01,In-person
4702,***,***,39,Data Engineering,2025-06-21,In-person
4703,***,***,37,Data Science,2027-08-25,In-person
4704,***,***,44,Software Engineering,2024-08-24,In-person
4705,***,***,36,Software Engineering,2026-05-16,In-person
4706,***,***,41,Web development,2024-01-14,Online
4707,***,***,25,Data Science,2026-02-17,In-person
4708,***,***,31,Data Engineering,2026-11-12,In-person
4709,***,***,26,Data Science,2027-08-10,Online
4710,***,***,32,Web development,2023-05-27,In-person
4711,***,***,41,Data Science,2023-11-16,In-person
4712,***,***,36,Web development,2027-09-10,Online
4713,***,***,37,Machine Learning,2027-04-26,Online
4714,***,***,24,Machine Learning,2024-01-06,Online
4715,***,***,30,Software Engineering,2026-03-18,In-person
4716,***,***,27,Software Engineering,2024-07-25,In-person
4717,***,***,39,Data Engineering,2024-01-14,Online
4718,***,***,42,Software Engineering,2025-12-29,Online
4719,***,***,23,Data Engineering,2024-10-03,Online
4720,***,***,33,Data Science,2027-07-12,In-person
4721,***,***,24,Software Engineering,2025-12-04,In-person
4722,***,***,36,Data Engineering,2025-01-25,In-person
4723,***,***,30,Data Engineering,2027-08-24,Online
4724,***,***,27,Software Engineering,2026-03-30,Online
4725,***,***,29,Machine Learning,2024-08-12,In-person
4726,***,***,41,Data Engineering,2026-04-24,In-person
4727,***,***,26,Machine Learning,2024-03-07,In-person
4728,***,***,35,Data Science,2027-07-29,In-person
4729,***,***,33,Software Engineering,2026-01-25,In-person
4730,***,***,31,Data Science,2025-09-17,Online
4731,***,***,36,Machine Learning,2027-04-06,In-person
4732,***,***,32,Software Engineering,2027-09-03,In-person
4733,***,***,45,Data Engineering,2027-03-14,Online
4734,***,***,40,Software Engineering,2026-09-16,Online
4735,***,***,40,Data Science,2025-10-03,Online
4736,***,***,31,Machine Learning,2027-02-01,Online
4737,***,***,22,Data Engineering,2027-05-27,Online
4738,***,***,26,Machine Learning,2023-01-29,In-person
4739,***,***,29,Web development,2026-11-25,Online
4740,***,***,44,Data Engineering,2026-12-19,Online
4741,***,***,41,Data Engineering,2024-07-29,Online
4742,***,***,36,Software Engineering,2023-07-14,Online
4743,***,***,43,Data Engineering,2024-09-18,Online
4744,***,***,35,Software Engineering,2026-03-14,Online
4745,***,***,32,Machine Learning,2025-11-13,In-person
4746,***,***,37,Data Engineering,2023-02-12,In-person
4747,***,***,31,Data Engineering,2023-07-02,Online
4748,***,***,29,Data Science,2023-06-07,In-person
4749,***,***,45,Software Engineering,2024-04-19,Online
4750,***,***,22,Machine Learning,2022-12-16,In-person
4751,***,***,35,Machine Learning,2026-11-02,Online
4752,***,***,42,Data Science,2023-07-07,Online
4753,***,***,34,Software Engineering,2025-03-25,Online
4754,***,***,33,Software Engineering,2026-09-11,In-person
4755,***,***,44,Web development,2024-06-14,In-person
4756,***,***,38,Software Engineering,2025-06-14,In-person
4757,***,***,30,Machine Learning,2024-12-16,Online
4758,***,***,44,Software Engineering,2025-04-12,Online
4759,***,***,22,Software Engineering,2026-10-29,In-person
4760,***,***,37,Data Engineering,2027-04-24,Online
4761,***,***,24,Web development,2026-12-07,In-person
4762,***,***,43,Software Engineering,2025-01-09,Online
4763,***,***,33,Data Engineering,2023-01-21,In-person
4764,***,***,35,Machine Learning,2023-12-23,In-person
4765,***,***,43,Web development,2027-07-26,In-person
4766,***,***,30,Web development,2026-03-22,Online
4767,***,***,23,Software Engineering,2024-11-15,Online
4768,***,***,35,Web development,2025-09-22,In-person
4769,***,***,35,Data Science,2023-07-14,In-person
4770,***,***,45,Software Engineering,2023-04-07,Online
4771,***,***,24,Machine Learning,2023-07-19,Online
4772,***,***,33,Software Engineering,2022-12-28,Online
4773,***,***,33,Machine Learning,2025-04-30,Online
4774,***,***,40,Web development,2026-01-17,In-person
4775,***,***,38,Data Engineering,2025-10-23,In-person
4776,***,***,24,Software Engineering,2026-07-28,In-person
4777,***,***,33,Data Science,2025-09-07,In-person
4778,***,***,22,Web development,2027-05-06,In-person
4779,***,***,39,Web development,2026-10-20,Online
4780,***,***,26,Machine Learning,2025-03-01,In-person
4781,***,***,25,Machine Learning,2025-09-22,In-person
4782,***,***,34,Software Engineering,2025-12-16,In-person
4783,***,***,26,Web development,2023-01-06,In-person
4784,***,***,31,Web development,2022-10-23,In-person
4785,***,***,42,Data Engineering,2027-05-31,Online
4786,***,***,26,Machine Learning,2025-03-15,In-person
4787,***,***,25,Data Engineering,2023-01-31,Online
4788,***,***,27,Web development,2023-05-02,In-person
4789,***,***,27,Machine Learning,2023-09-07,In-person
4790,***,***,24,Data Engineering,2027-03-02,In-person
4791,***,***,24,Data Science,2023-10-05,In-person
4792,***,***,44,Data Engineering,2026-06-09,In-person
4793,***,***,35,Data Science,2023-04-05,In-person
4794,***,***,28,Data Engineering,2023-03-01,In-person
4795,***,***,37,Data Science,2023-09-07,In-person
4796,***,***,36,Machine Learning,2024-09-10,In-person
4797,***,***,41,Data Science,2027-03-16,In-person
4798,***,***,41,Data Engineering,2025-02-11,Online
4799,***,***,23,Data Science,2026-04-29,Online
4800,***,***,30,Data Engineering,2023-09-25,In-person
4801,***,***,44,Web development,2023-03-07,Online
4802,***,***,34,Data Science,2023-09-06,In-person
4803,***,***,43,Data Science,2026-09-22,Online
4804,***,***,36,Software Engineering,2024-08-29,In-person
4805,***,***,24,Data Engineering,2027-05-21,Online
4806,***,***,29,Data Engineering,2025-08-23,Online
4807,***,***,28,Data Engineering,2023-12-07,In-person
4808,***,***,31,Software Engineering,2023-03-07,In-person
4809,***,***,42,Machine Learning,2026-07-18,In-person
4810,***,***,37,Data Science,2026-01-24,In-person
4811,***,***,33,Data Science,2026-12-26,Online
4812,***,***,32,Data Science,2024-12-31,In-person
4813,***,***,31,Software Engineering,2027-09-08,In-person
4814,***,***,37,Data Engineering,2022-12-04,Online
4815,***,***,23,Software Engineering,2027-06-19,Online
4816,***,***,33,Data Science,2027-03-09,In-person
4817,***,***,34,Data Science,2026-12-03,Online
4818,***,***,31,Software Engineering,2025-03-04,In-person
4819,***,***,26,Web development,2023-02-08,Online
4820,***,***,23,Data Engineering,2026-11-08,Online
4821,***,***,33,Software Engineering,2026-09-03,Online
4822,***,***,38,Data Engineering,2027-01-22,In-person
4823,***,***,45,Data Science,2026-11-17,In-person
4824,***,***,27,Data Science,2024-10-03,Online
4825,***,***,39,Data Science,2027-05-01,In-person
4826,***,***,39,Web development,2023-07-02,Online
4827,***,***,37,Web development,2025-09-29,In-person
4828,***,***,44,Machine Learning,2023-02-13,Online
4829,***,***,29,Software Engineering,2025-01-16,Online
4830,***,***,35,Machine Learning,2026-12-30,Online
4831,***,***,40,Data Engineering,2027-08-22,Online
4832,***,***,22,Data Engineering,2026-06-17,Online
4833,***,***,42,Data Engineering,2026-06-25,Online
4834,***,***,39,Software Engineering,2024-11-15,In-person
4835,***,***,29,Data Engineering,2027-06-20,Online
4836,***,***,26,Data Engineering,2024-02-08,Online
4837,***,***,23,Machine Learning,2025-09-12,Online
4838,***,***,44,Web development,2025-10-01,Online
4839,***,***,41,Machine Learning,2023-08-03,In-person
4840,***,***,44,Data Science,2024-05-04,In-person
4841,***,***,29,Data Engineering,2025-09-01,In-person
4842,***,***,26,Machine Learning,2024-10-01,In-person
4843,***,***,23,Machine Learning,2025-04-14,In-person
4844,***,***,42,Machine Learning,2027-08-20,Online
4845,***,***,45,Data Science,2027-08-26,Online
4846,***,***,39,Data Science,2024-12-04,In-person
4847,***,***,31,Web development,2025-05-27,Online
4848,***,***,43,Machine Learning,2023-10-20,In-person
4849,***,***,33,Software Engineering,2024-02-15,Online
4850,***,***,26,Data Engineering,2023-05-04,In-person
4851,***,***,40,Data Science,2025-09-04,In-person
4852,***,***,44,Machine Learning,2026-05-15,In-person
4853,***,***,28,Machine Learning,2024-11-13,Online
4854,***,***,44,Software Engineering,2024-03-25,In-person
4855,***,***,31,Data Engineering,2025-04-16,In-person
4856,***,***,27,Software Engineering,2026-08-08,In-person
4857,***,***,41,Machine Learning,2025-07-16,Online
4858,***,***,41,Web development,2023-05-16,Online
4859,***,***,31,Data Science,2025-03-20,In-person
4860,***,***,33,Software Engineering,2027-01-11,In-person
4861,***,***,37,Data Science,2025-04-26,In-person
4862,***,***,26,Data Engineering,2024-12-12,In-person
4863,***,***,45,Software Engineering,2022-11-13,Online
4864,***,***,32,Data Science,2027-10-01,Online
4865,***,***,36,Web development,2026-03-02,Online
4866,***,***,44,Machine Learning,2023-04-15,Online
4867,***,***,26,Data Science,2023-01-19,In-person
4868,***,***,34,Machine Learning,2026-12-07,Online
4869,***,***,35,Web development,2026-07-19,Online
4870,***,***,25,Data Engineering,2026-10-06,In-person
4871,***,***,29,Data Engineering,2024-01-18,Online
4872,***,***,34,Machine Learning,2025-07-18,Online
4873,***,***,27,Machine Learning,2025-05-18,Online
4874,***,***,31,Software Engineering,2026-07-01,In-person
4875,***,***,33,Machine Learning,2025-05-14,Online
4876,***,***,44,Data Engineering,2023-01-19,In-person
4877,***,***,22,Web development,2022-11-13,Online
4878,***,***,42,Machine Learning,2027-07-29,In-person
4879,***,***,23,Machine Learning,2025-08-01,In-person
4880,***,***,23,Software Engineering,2027-10-12,In-person
4881,***,***,36,Machine Learning,2024-02-29,Online
4882,***,***,44,Data Engineering,2025-07-15,Online
4883,***,***,41,Data Science,2024-06-14,Online
4884,***,***,32,Software Engineering,2026-07-27,In-person
4885,***,***,41,Machine Learning,2023-09-14,Online
4886,***,***,39,Machine Learning,2024-06-08,Online
4887,***,***,25,Machine Learning,2025-11-24,In-person
4888,***,***,23,Software Engineering,2023-02-02,Online
4889,***,***,24,Software Engineering,2024-12-23,In-person
4890,***,***,44,Software Engineering,2023-05-18,In-person
4891,***,***,43,Machine Learning,2023-03-19,In-person
4892,***,***,40,Software Engineering,2024-09-10,Online
4893,***,***,29,Machine Learning,2025-05-28,In-person
4894,***,***,32,Web development,2027-05-01,In-person
4895,***,***,33,Data Science,2027-07-10,Online
4896,***,***,41,Data Engineering,2025-05-08,In-person
4897,***,***,41,Machine Learning,2024-02-02,In-person
4898,***,***,33,Data Engineering,2027-02-16,In-person
4899,***,***,45,Web development,2025-02-02,In-person
4900,***,***,34,Data Engineering,2024-06-08,In-person
4901,***,***,36,Data Engineering,2025-10-26,Online
4902,***,***,26,Web development,2025-05-24,In-person
4903,***,***,31,Data Engineering,2025-08-14,In-person
4904,***,***,22,Data Science,2026-04-11,In-person
4905,***,***,35,Data Engineering,2026-04-20,In-person
4906,***,***,26,Data Engineering,2022-12-06,In-person
4907,***,***,37,Data Science,2025-09-24,Online
4908,***,***,37,Machine Learning,2022-11-12,Online
4909,***,***,36,Software Engineering,2025-10-17,In-person
4910,***,***,24,Data Engineering,2025-07-23,In-person
4911,***,***,35,Data Science,2024-10-07,In-person
4912,***,***,23,Machine Learning,2027-02-22,In-person
4913,***,***,26,Data Science,2026-05-07,Online
4914,***,***,33,Data Science,2025-08-12,In-person
4915,***,***,45,Data Engineering,2027-09-03,Online
4916,***,***,45,Software Engineering,2025-10-24,In-person
4917,***,***,28,Web development,2025-08-31,Online
4918,***,***,32,Machine Learning,2024-02-07,In-person
4919,***,***,30,Machine Learning,2027-04-22,In-person
4920,***,***,22,Machine Learning,2022-10-31,Online
4921,***,***,44,Machine Learning,2022-10-27,In-person
4922,***,***,27,Data Engineering,2027-05-06,Online
4923,***,***,43,Data Engineering,2025-12-14,Online
4924,***,***,36,Data Science,2023-02-19,In-person
4925,***,***,33,Software Engineering,2025-08-24,Online
4926,***,***,31,Data Engineering,2024-10-19,Online
4927,***,***,29,Data Engineering,2027-07-10,Online
4928,***,***,34,Machine Learning,2024-10-01,Online
4929,***,***,27,Data Science,2024-07-11,In-person
4930,***,***,29,Data Engineering,2026-04-26,In-person
4931,***,***,31,Web development,2027-05-08,In-person
4932,***,***,27,Machine Learning,2026-11-11,In-person
4933,***,***,35,Software Engineering,2023-09-29,In-person
4934,***,***,42,Data Engineering,2026-01-05,In-person
4935,***,***,38,Software Engineering,2024-06-13,In-person
4936,***,***,27,Machine Learning,2027-06-12,Online
4937,***,***,34,Data Engineering,2026-11-16,In-person
4938,***,***,34,Software Engineering,2026-10-17,In-person
4939,***,***,45,Web development,2024-03-03,In-person
4940,***,***,37,Machine Learning,2025-08-19,In-person
4941,***,***,32,Data Engineering,2026-03-26,Online
4942,***,***,34,Machine Learning,2026-05-25,In-person
4943,***,***,37,Web development,2023-01-15,In-person
4944,***,***,30,Machine Learning,2027-08-25,Online
4945,***,***,23,Machine Learning,2025-01-16,Online
4946,***,***,43,Machine Learning,2024-12-15,Online
4947,***,***,23,Data Science,2025-05-28,Online
4948,***,***,42,Software Engineering,2026-01-03,Online
4949,***,***,42,Data Science,2024-12-03,In-person
4950,***,***,40,Web development,2025-10-03,In-person
4951,***,***,25,Data Engineering,2027-03-06,Online
4952,***,***,22,Data Science,2025-01-16,In-person
4953,***,***,26,Web development,2024-11-19,In-person
4954,***,***,45,Data Science,2022-10-24,In-person
4955,***,***,44,Data Science,2027-05-18,In-person
4956,***,***,36,Software Engineering,2026-01-25,In-person
4957,***,***,27,Web development,2022-11-09,In-person
4958,***,***,33,Web development,2023-06-11,Online
4959,***,***,31,Software Engineering,2025-11-07,In-person
4960,***,***,41,Web development,2023-12-02,Online
4961,***,***,33,Software Engineering,2022-12-08,Online
4962,***,***,24,Data Engineering,2025-09-15,In-person
4963,***,***,39,Data Engineering,2025-03-10,Online
4964,***,***,28,Data Science,2027-01-16,In-person
4965,***,***,36,Web development,2027-03-24,In-person
4966,***,***,40,Data Engineering,2024-03-19,In-person
4967,***,***,31,Software Engineering,2026-12-16,In-person
4968,***,***,25,Machine Learning,2024-03-31,Online
4969,***,***,29,Machine Learning,2023-10-15,Online
4970,***,***,37,Machine Learning,2026-11-09,Online
4971,***,***,28,Software Engineering,2023-12-06,In-person
4972,***,***,38,Data Engineering,2024-03-15,In-person
4973,***,***,36,Data Science,2025-12-23,In-person
4974,***,***,31,Web development,2025-12-05,In-person
4975,***,***,44,Web development,2023-01-20,In-person
4976,***,***,39,Data Engineering,2025-12-02,In-person
4977,***,***,28,Web development,2025-02-11,In-person
4978,***,***,38,Software Engineering,2023-07-13,In-person
4979,***,***,39,Software Engineering,2027-07-23,Online
4980,***,***,45,Machine Learning,2025-01-08,Online
4981,***,***,32,Data Science,2024-08-31,In-person
4982,***,***,37,Data Science,2025-08-29,In-person
4983,***,***,45,Web development,2026-06-10,Online
4984,***,***,36,Web development,2026-06-24,Online
4985,***,***,40,Data Science,2027-06-27,In-person
4986,***,***,41,Data Engineering,2026-09-01,Online
4987,***,***,29,Software Engineering,2026-10-12,Online
4988,***,***,23,Software Engineering,2027-03-08,In-person
4989,***,***,35,Data Engineering,2025-02-21,In-person
4990,***,***,32,Software Engineering,2023-10-04,Online
4991,***,***,39,Data Engineering,2025-05-26,In-person
4992,***,***,30,Data Engineering,2023-02-25,Online
4993,***,***,34,Data Engineering,2027-05-28,Online
4994,***,***,43,Software Engineering,2027-03-27,In-person
4995,***,***,44,Data Science,2025-10-07,In-person
4996,***,***,33,Machine Learning,2023-12-25,In-person
4997,***,***,35,Web development,2024-12-12,In-person
4998,***,***,22,Data Engineering,2027-04-12,Online
4999,***,***,32,Software Engineering,2026-09-02,In-person
5000,***,***,26,Data Engineering,2027-01-07,In-person
5001,***,***,38,Web development,2024-04-21,Online
5002,***,***,36,Machine Learning,2023-02-01,Online
5003,***,***,38,Software Engineering,2027-07-30,Online
5004,***,***,43,Data Engineering,2025-04-13,Online
5005,***,***,34,Web development,2023-02-25,Online
5006,***,***,31,Software Engineering,2026-02-16,Online
5007,***,***,32,Data Engineering,2024-11-05,Online
5008,***,***,22,Data Science,2023-04-19,In-person
5009,***,***,32,Web development,2027-02-13,Online
5010,***,***,42,Web development,2023-01-15,In-person
5011,***,***,27,Machine Learning,2024-06-04,Online
5012,***,***,31,Data Science,2025-10-02,Online
5013,***,***,28,Data Engineering,2026-06-20,In-person
5014,***,***,35,Machine Learning,2026-11-15,In-person
5015,***,***,42,Data Engineering,2027-08-20,Online
5016,***,***,37,Data Engineering,2024-03-04,In-person
5017,***,***,30,Data Science,2023-10-02,Online
5018,***,***,25,Data Engineering,2023-03-02,In-person
5019,***,***,44,Data Science,2023-10-29,Online
5020,***,***,41,Machine Learning,2026-08-23,In-person
5021,***,***,38,Machine Learning,2024-07-14,In-person
5022,***,***,42,Data Engineering,2025-04-23,Online
5023,***,***,32,Data Engineering,2023-07-25,In-person
5024,***,***,22,Software Engineering,2025-04-20,Online
5025,***,***,23,Machine Learning,2024-11-26,Online
5026,***,***,28,Data Engineering,2024-01-06,In-person
5027,***,***,40,Software Engineering,2025-07-13,Online
5028,***,***,36,Machine Learning,2026-03-04,Online
5029,***,***,42,Data Engineering,2023-06-27,In-person
5030,***,***,34,Machine Learning,2024-03-16,In-person
5031,***,***,38,Software Engineering,2023-03-11,In-person
5032,***,***,31,Data Engineering,2024-03-13,Online
5033,***,***,40,Data Science,2027-08-08,Online
5034,***,***,35,Machine Learning,2023-11-23,In-person
5035,***,***,38,Web development,2023-03-28,In-person
5036,***,***,27,Software Engineering,2024-04-11,Online
5037,***,***,28,Software Engineering,2027-05-04,Online
5038,***,***,32,Machine Learning,2026-03-28,In-person
5039,***,***,28,Web development,2026-07-16,Online
5040,***,***,44,Data Engineering,2025-05-09,Online
5041,***,***,33,Software Engineering,2025-05-05,Online
5042,***,***,35,Software Engineering,2025-01-07,Online
5043,***,***,36,Data Engineering,2027-08-16,In-person
5044,***,***,24,Machine Learning,2025-05-24,In-person
5045,***,***,24,Data Science,2026-07-26,In-person
5046,***,***,22,Software Engineering,2026-01-02,Online
5047,***,***,29,Data Engineering,2024-11-08,Online
5048,***,***,28,Data Science,2026-10-29,In-person
5049,***,***,27,Machine Learning,2025-07-10,In-person
5050,***,***,27,Data Engineering,2025-09-02,In-person
5051,***,***,33,Machine Learning,2025-01-05,In-person
5052,***,***,41,Web development,2023-08-10,Online
5053,***,***,27,Machine Learning,2023-11-13,Online
5054,***,***,22,Web development,2027-09-19,In-person
5055,***,***,22,Machine Learning,2027-06-10,Online
5056,***,***,40,Data Engineering,2023-11-06,Online
5057,***,***,26,Web development,2024-03-09,In-person
5058,***,***,38,Web development,2026-06-21,Online
5059,***,***,33,Data Engineering,2025-07-22,In-person
5060,***,***,27,Software Engineering,2027-07-22,In-person
5061,***,***,35,Machine Learning,2023-08-20,In-person
5062,***,***,35,Software Engineering,2025-03-01,In-person
5063,***,***,42,Web development,2025-11-15,In-person
5064,***,***,44,Software Engineering,2026-10-03,In-person
5065,***,***,35,Software Engineering,2023-01-02,In-person
5066,***,***,34,Software Engineering,2022-11-13,In-person
5067,***,***,40,Machine Learning,2024-04-04,Online
5068,***,***,25,Machine Learning,2024-03-28,In-person
5069,***,***,30,Software Engineering,2022-11-24,Online
5070,***,***,40,Machine Learning,2025-11-01,In-person
5071,***,***,24,Software Engineering,2024-05-15,In-person
5072,***,***,43,Web development,2026-08-27,In-person
5073,***,***,30,Machine Learning,2026-01-10,In-person
5074,***,***,41,Data Engineering,2023-05-14,In-person
5075,***,***,25,Data Science,2026-05-17,In-person
5076,***,***,26,Software Engineering,2025-07-28,In-person
5077,***,***,22,Web development,2025-06-26,In-person
5078,***,***,23,Web development,2027-09-29,In-person
5079,***,***,25,Machine Learning,2025-09-04,In-person
5080,***,***,40,Machine Learning,2027-06-29,Online
5081,***,***,43,Machine Learning,2023-04-05,In-person
5082,***,***,32,Data Engineering,2024-01-27,In-person
5083,***,***,32,Software Engineering,2024-07-24,In-person
5084,***,***,32,Web development,2024-03-18,In-person
5085,***,***,44,Machine Learning,2026-11-15,In-person
5086,***,***,43,Data Engineering,2027-05-28,In-person
5087,***,***,25,Data Science,2024-07-11,In-person
5088,***,***,24,Web development,2027-10-04,In-person
5089,***,***,22,Software Engineering,2023-05-05,In-person
5090,***,***,22,Data Engineering,2023-10-21,In-person
5091,***,***,29,Data Engineering,2024-08-10,In-person
5092,***,***,29,Software Engineering,2027-04-21,In-person
5093,***,***,31,Software Engineering,2023-06-26,In-person
5094,***,***,37,Data Engineering,2026-05-17,Online
5095,***,***,41,Data Engineering,2026-10-17,In-person
5096,***,***,27,Data Engineering,2025-11-11,In-person
5097,***,***,39,Data Science,2027-01-14,In-person
5098,***,***,31,Machine Learning,2023-05-10,In-person
5099,***,***,25,Machine Learning,2027-01-12,Online
5100,***,***,42,Data Science,2026-09-03,Online
5101,***,***,32,Machine Learning,2027-04-03,In-person
5102,***,***,25,Software Engineering,2025-06-20,Online
5103,***,***,44,Data Engineering,2023-12-14,Online
5104,***,***,43,Web development,2025-11-19,Online
5105,***,***,40,Web development,2026-12-14,In-person
5106,***,***,37,Machine Learning,2023-02-21,Online
5107,***,***,22,Data Science,2023-02-20,Online
5108,***,***,31,Machine Learning,2024-10-11,Online
5109,***,***,39,Machine Learning,2025-06-07,Online
5110,***,***,38,Software Engineering,2026-09-10,Online
5111,***,***,38,Web development,2023-04-11,In-person
5112,***,***,32,Data Science,2024-04-11,In-person
5113,***,***,29,Data Engineering,2026-07-14,In-person
5114,***,***,32,Data Science,2024-05-20,In-person
5115,***,***,23,Data Science,2025-04-01,Online
5116,***,***,38,Machine Learning,2025-07-16,In-person
5117,***,***,27,Web development,2023-07-27,In-person
5118,***,***,29,Data Engineering,2024-09-17,In-person
5119,***,***,39,Software Engineering,2026-04-16,In-person
5120,***,***,37,Data Engineering,2025-01-03,Online
5121,***,***,34,Web development,2024-02-03,In-person
5122,***,***,35,Machine Learning,2024-10-27,Online
5123,***,***,45,Data Engineering,2024-02-07,Online
5124,***,***,45,Data Engineering,2025-05-27,Online
5125,***,***,37,Data Science,2024-05-06,Online
5126,***,***,42,Software Engineering,2023-07-15,Online
5127,***,***,44,Software Engineering,2026-09-21,In-person
5128,***,***,28,Machine Learning,2027-09-06,Online
5129,***,***,35,Data Engineering,2026-06-29,In-person
5130,***,***,43,Software Engineering,2025-08-02,In-person
5131,***,***,38,Data Engineering,2026-09-11,In-person
5132,***,***,25,Software Engineering,2024-10-02,Online
5133,***,***,38,Machine Learning,2024-10-08,Online
5134,***,***,29,Web development,2024-12-05,In-person
5135,***,***,41,Data Science,2023-10-06,In-person
5136,***,***,36,Data Science,2022-12-11,In-person
5137,***,***,24,Data Science,2025-07-21,In-person
5138,***,***,44,Machine Learning,2024-12-14,Online
5139,***,***,27,Data Engineering,2025-01-24,Online
5140,***,***,45,Machine Learning,2026-01-12,In-person
5141,***,***,36,Machine Learning,2023-01-29,Online
5142,***,***,35,Data Science,2023-07-24,Online
5143,***,***,44,Web development,2027-06-23,In-person
5144,***,***,29,Machine Learning,2023-03-20,Online
5145,***,***,24,Data Engineering,2024-08-23,Online
5146,***,***,27,Web development,2026-01-11,In-person
5147,***,***,37,Data Engineering,2027-03-23,Online
5148,***,***,35,Machine Learning,2026-04-13,Online
5149,***,***,42,Data Engineering,2026-08-15,Online
5150,***,***,39,Data Science,2026-12-10,Online
5151,***,***,27,Web development,2023-04-23,Online
5152,***,***,36,Data Science,2024-11-14,Online
5153,***,***,41,Machine Learning,2026-03-30,In-person
5154,***,***,45,Machine Learning,2027-02-14,In-person
5155,***,***,42,Machine Learning,2025-10-23,In-person
5156,***,***,45,Data Science,2023-10-21,Online
5157,***,***,39,Data Engineering,2024-06-14,Online
5158,***,***,30,Data Engineering,2026-02-27,In-person
5159,***,***,30,Data Science,2027-01-18,Online
5160,***,***,25,Machine Learning,2026-08-25,In-person
5161,***,***,41,Web development,2026-11-29,In-person
5162,***,***,44,Software Engineering,2026-02-26,Online
5163,***,***,23,Data Engineering,2025-01-27,Online
5164,***,***,36,Software Engineering,2025-01-26,Online
5165,***,***,33,Data Science,2025-07-07,In-person
5166,***,***,31,Data Science,2023-05-27,Online
5167,***,***,40,Software Engineering,2024-12-18,In-person
5168,***,***,25,Software Engineering,2023-07-15,Online
5169,***,***,23,Machine Learning,2027-04-01,In-person
5170,***,***,39,Data Science,2024-04-14,In-person
5171,***,***,38,Web development,2027-04-01,Online
5172,***,***,34,Software Engineering,2024-10-22,In-person
5173,***,***,42,Data Engineering,2025-04-28,In-person
5174,***,***,31,Data Engineering,2025-10-20,Online
5175,***,***,34,Web development,2027-01-15,In-person
5176,***,***,30,Web development,2025-10-26,In-person
5177,***,***,33,Software Engineering,2025-07-08,In-person
5178,***,***,31,Data Engineering,2027-02-21,In-person
5179,***,***,25,Web development,2025-07-25,In-person
5180,***,***,27,Software Engineering,2026-05-15,Online
5181,***,***,41,Data Science,2025-07-21,Online
5182,***,***,45,Data Engineering,2025-01-04,Online
5183,***,***,25,Data Science,2027-01-23,Online
5184,***,***,41,Data Engineering,2026-06-08,In-person
5185,***,***,29,Machine Learning,2025-11-09,Online
5186,***,***,27,Data Engineering,2024-01-04,Online
5187,***,***,26,Machine Learning,2025-03-29,In-person
5188,***,***,28,Web development,2026-06-16,In-person
5189,***,***,23,Web development,2025-04-03,Online
5190,***,***,30,Machine Learning,2026-08-01,In-person
5191,***,***,36,Data Engineering,2026-12-14,In-person
5192,***,***,34,Software Engineering,2025-12-24,Online
5193,***,***,43,Machine Learning,2025-09-08,In-person
5194,***,***,37,Web development,2026-10-27,In-person
5195,***,***,44,Data Engineering,2027-01-11,In-person
5196,***,***,44,Data Engineering,2023-02-09,Online
5197,***,***,30,Data Science,2025-05-14,In-person
5198,***,***,22,Software Engineering,2026-03-18,In-person
5199,***,***,42,Software Engineering,2027-07-26,Online
5200,***,***,23,Machine Learning,2026-04-16,In-person
5201,***,***,40,Data Science,2023-01-01,Online
5202,***,***,29,Machine Learning,2023-10-12,Online
5203,***,***,38,Software Engineering,2023-03-10,In-person
5204,***,***,42,Web development,2027-04-22,Online
5205,***,***,35,Data Science,2023-06-10,In-person
5206,***,***,38,Data Engineering,2024-07-16,In-person
5207,***,***,28,Machine Learning,2026-07-03,In-person
5208,***,***,24,Data Engineering,2023-09-05,In-person
5209,***,***,28,Machine Learning,2023-02-14,In-person
5210,***,***,35,Data Science,2023-07-20,In-person
5211,***,***,29,Machine Learning,2026-02-16,Online
5212,***,***,33,Machine Learning,2023-03-23,In-person
5213,***,***,44,Software Engineering,2023-04-22,Online
5214,***,***,37,Web development,2027-02-27,In-person
5215,***,***,28,Data Science,2027-07-11,In-person
5216,***,***,26,Data Engineering,2024-07-02,Online
5217,***,***,31,Data Engineering,2024-05-29,Online
5218,***,***,28,Data Science,2024-07-09,In-person
5219,***,***,30,Data Science,2024-07-10,In-person
5220,***,***,42,Data Science,2024-10-05,In-person
5221,***,***,30,Data Science,2025-12-22,In-person
5222,***,***,35,Web development,2025-06-26,In-person
5223,***,***,22,Web development,2024-01-11,In-person
5224,***,***,28,Machine Learning,2023-01-08,In-person
5225,***,***,26,Data Engineering,2027-04-08,In-person
5226,***,***,41,Data Engineering,2026-11-02,In-person
5227,***,***,40,Data Science,2027-03-28,Online
5228,***,***,38,Software Engineering,2023-09-08,In-person
5229,***,***,27,Software Engineering,2026-12-26,In-person
5230,***,***,30,Data Science,2025-07-03,In-person
5231,***,***,35,Data Science,2024-03-06,In-person
5232,***,***,22,Data Engineering,2025-03-24,Online
5233,***,***,45,Data Science,2024-01-06,In-person
5234,***,***,29,Machine Learning,2023-06-06,Online
5235,***,***,41,Machine Learning,2025-09-03,Online
5236,***,***,37,Software Engineering,2024-04-18,Online
5237,***,***,23,Software Engineering,2026-05-04,Online
5238,***,***,44,Web development,2026-09-29,Online
5239,***,***,36,Machine Learning,2024-03-19,Online
5240,***,***,36,Software Engineering,2025-09-24,Online
5241,***,***,32,Data Science,2024-02-26,In-person
5242,***,***,36,Software Engineering,2024-12-03,Online
5243,***,***,23,Software Engineering,2023-04-24,Online
5244,***,***,23,Machine Learning,2025-12-15,In-person
5245,***,***,34,Software Engineering,2027-05-21,In-person
5246,***,***,30,Web development,2026-02-04,In-person
5247,***,***,45,Web development,2025-05-22,Online
5248,***,***,36,Data Engineering,2022-11-21,Online
5249,***,***,29,Software Engineering,2025-11-06,Online
5250,***,***,23,Machine Learning,2027-08-30,In-person
5251,***,***,45,Data Engineering,2027-05-04,In-person
5252,***,***,29,Web development,2024-03-23,In-person
5253,***,***,43,Data Science,2026-08-19,Online
5254,***,***,26,Software Engineering,2022-11-22,In-person
5255,***,***,24,Data Engineering,2024-05-03,Online
5256,***,***,40,Machine Learning,2023-02-28,In-person
5257,***,***,26,Machine Learning,2024-02-11,Online
5258,***,***,36,Software Engineering,2026-04-22,In-person
5259,***,***,42,Software Engineering,2023-06-14,In-person
5260,***,***,33,Data Science,2025-01-28,Online
5261,***,***,27,Data Engineering,2023-05-10,In-person
5262,***,***,32,Software Engineering,2027-07-06,Online
5263,***,***,44,Web development,2024-09-02,Online
5264,***,***,32,Machine Learning,2026-03-25,Online
5265,***,***,29,Web development,2025-09-24,Online
5266,***,***,36,Software Engineering,2023-06-01,In-person
5267,***,***,32,Data Engineering,2024-02-12,Online
5268,***,***,37,Software Engineering,2026-04-16,In-person
5269,***,***,33,Web development,2023-08-15,Online
5270,***,***,34,Machine Learning,2026-01-06,Online
5271,***,***,39,Web development,2026-10-24,In-person
5272,***,***,44,Data Engineering,2027-04-12,In-person
5273,***,***,27,Web development,2026-03-26,In-person
5274,***,***,35,Machine Learning,2026-07-12,Online
5275,***,***,40,Data Science,2026-11-11,Online
5276,***,***,38,Software Engineering,2026-09-13,In-person
5277,***,***,33,Data Science,2027-04-14,In-person
5278,***,***,28,Data Engineering,2023-02-21,In-person
5279,***,***,26,Data Science,2025-03-31,In-person
5280,***,***,22,Software Engineering,2025-06-25,In-person
5281,***,***,33,Data Engineering,2023-08-18,In-person
5282,***,***,41,Data Engineering,2025-11-03,In-person
5283,***,***,30,Data Science,2026-11-09,Online
5284,***,***,23,Web development,2024-06-24,Online
5285,***,***,23,Web development,2025-01-19,In-person
5286,***,***,22,Software Engineering,2023-02-02,Online
5287,***,***,25,Machine Learning,2027-07-10,Online
5288,***,***,26,Software Engineering,2023-07-21,Online
5289,***,***,33,Machine Learning,2023-05-04,In-person
5290,***,***,30,Web development,2023-04-15,Online
5291,***,***,37,Machine Learning,2023-07-26,Online
5292,***,***,31,Data Science,2025-04-17,Online
5293,***,***,33,Data Science,2024-03-22,Online
5294,***,***,42,Data Engineering,2024-09-29,In-person
5295,***,***,43,Data Science,2026-03-29,In-person
5296,***,***,25,Machine Learning,2025-07-08,In-person
5297,***,***,35,Web development,2023-04-07,Online
5298,***,***,39,Software Engineering,2027-06-19,Online
5299,***,***,42,Machine Learning,2026-02-19,In-person
5300,***,***,33,Data Engineering,2023-12-09,Online
5301,***,***,41,Data Science,2027-03-26,In-person
5302,***,***,41,Data Engineering,2025-04-30,Online
5303,***,***,39,Machine Learning,2027-09-26,In-person
5304,***,***,44,Data Science,2024-06-22,Online
5305,***,***,36,Data Science,2024-06-25,Online
5306,***,***,38,Data Science,2024-09-26,Online
5307,***,***,24,Data Science,2026-12-06,Online
5308,***,***,30,Data Science,2023-04-23,In-person
5309,***,***,34,Web development,2025-04-14,In-person
5310,***,***,35,Software Engineering,2025-08-14,Online
5311,***,***,31,Web development,2026-06-06,Online
5312,***,***,35,Data Engineering,2027-09-04,In-person
5313,***,***,38,Machine Learning,2023-05-06,Online
5314,***,***,33,Machine Learning,2022-12-29,In-person
5315,***,***,34,Data Engineering,2026-04-01,Online
5316,***,***,32,Software Engineering,2024-06-27,In-person
5317,***,***,40,Web development,2026-05-08,Online
5318,***,***,22,Data Science,2026-10-15,Online
5319,***,***,45,Data Engineering,2023-08-10,Online
5320,***,***,45,Software Engineering,2025-10-11,Online
5321,***,***,41,Software Engineering,2026-03-25,In-person
5322,***,***,35,Data Science,2026-08-14,Online
5323,***,***,27,Machine Learning,2025-04-22,In-person
5324,***,***,35,Software Engineering,2026-07-30,Online
5325,***,***,39,Data Science,2024-10-30,Online
5326,***,***,23,Data Science,2024-12-19,Online
5327,***,***,26,Data Engineering,2027-01-16,Online
5328,***,***,34,Machine Learning,2025-06-28,In-person
5329,***,***,36,Software Engineering,2022-11-29,Online
5330,***,***,27,Machine Learning,2023-08-01,Online
5331,***,***,28,Data Science,2023-11-28,In-person
5332,***,***,30,Web development,2023-12-16,In-person
5333,***,***,34,Software Engineering,2025-12-03,Online
5334,***,***,25,Data Science,2025-06-15,In-person
5335,***,***,25,Software Engineering,2023-08-12,Online
5336,***,***,39,Web development,2026-05-12,In-person
5337,***,***,36,Software Engineering,2027-04-29,Online
5338,***,***,38,Data Engineering,2026-10-26,Online
5339,***,***,35,Web development,2023-02-26,In-person
5340,***,***,41,Web development,2024-02-26,Online
5341,***,***,25,Machine Learning,2025-07-05,Online
5342,***,***,37,Data Engineering,2026-04-26,In-person
5343,***,***,36,Web development,2022-10-31,In-person
5344,***,***,28,Data Science,2025-01-01,In-person
5345,***,***,38,Web development,2024-01-06,Online
5346,***,***,30,Data Engineering,2027-07-22,In-person
5347,***,***,24,Web development,2027-10-16,In-person
5348,***,***,44,Data Engineering,2027-03-03,Online
5349,***,***,39,Machine Learning,2023-11-26,Online
5350,***,***,22,Data Engineering,2025-11-20,Online
5351,***,***,41,Web development,2024-01-04,Online
5352,***,***,28,Software Engineering,2025-09-03,Online
5353,***,***,32,Software Engineering,2026-07-26,In-person
5354,***,***,23,Web development,2024-08-30,In-person
5355,***,***,44,Software Engineering,2026-03-18,Online
5356,***,***,24,Data Science,2025-09-17,In-person
5357,***,***,22,Web development,2024-07-19,Online
5358,***,***,30,Software Engineering,2027-09-27,In-person
5359,***,***,37,Web development,2025-08-26,In-person
5360,***,***,36,Data Engineering,2024-04-30,In-person
5361,***,***,38,Data Science,2024-05-31,Online
5362,***,***,35,Data Science,2024-08-20,Online
5363,***,***,37,Software Engineering,2023-04-16,Online
5364,***,***,33,Data Science,2027-09-17,In-person
5365,***,***,32,Data Science,2023-09-21,Online
5366,***,***,35,Software Engineering,2025-12-02,Online
5367,***,***,31,Machine Learning,2023-04-08,In-person
5368,***,***,34,Data Science,2024-10-17,Online
5369,***,***,43,Software Engineering,2026-03-09,In-person
5370,***,***,25,Data Science,2027-10-11,In-person
5371,***,***,28,Machine Learning,2024-05-23,Online
5372,***,***,24,Data Science,2026-12-07,In-person
5373,***,***,26,Machine Learning,2024-02-07,Online
5374,***,***,35,Data Engineering,2025-01-30,Online
5375,***,***,24,Machine Learning,2023-02-08,In-person
5376,***,***,22,Machine Learning,2025-04-16,In-person
5377,***,***,36,Data Engineering,2027-02-07,In-person
5378,***,***,43,Software Engineering,2025-11-04,Online
5379,***,***,32,Data Engineering,2025-11-07,Online
5380,***,***,38,Software Engineering,2025-09-01,Online
5381,***,***,42,Web development,2024-12-17,In-person
5382,***,***,41,Machine Learning,2025-01-04,Online
5383,***,***,40,Web development,2023-11-09,In-person
5384,***,***,34,Data Engineering,2025-10-11,Online
5385,***,***,30,Web development,2026-05-10,In-person
5386,***,***,24,Machine Learning,2027-09-30,Online
5387,***,***,31,Data Engineering,2023-11-21,Online
5388,***,***,22,Data Engineering,2025-10-24,Online
5389,***,***,39,Software Engineering,2023-03-16,Online
5390,***,***,34,Machine Learning,2023-10-22,In-person
5391,***,***,26,Software Engineering,2027-05-12,In-person
5392,***,***,38,Software Engineering,2025-01-18,In-person
5393,***,***,35,Web development,2024-07-27,In-person
5394,***,***,41,Web development,2026-10-09,In-person
5395,***,***,44,Web development,2024-06-05,Online
5396,***,***,30,Software Engineering,2025-01-28,Online
5397,***,***,39,Data Science,2027-07-12,Online
5398,***,***,27,Data Science,2024-05-28,Online
5399,***,***,32,Software Engineering,2027-01-19,In-person
5400,***,***,45,Web development,2023-11-29,Online
5401,***,***,35,Machine Learning,2024-09-21,In-person
5402,***,***,25,Software Engineering,2027-07-16,In-person
5403,***,***,37,Web development,2024-12-09,Online
5404,***,***,41,Software Engineering,2024-11-12,In-person
5405,***,***,35,Data Science,2025-04-03,Online
5406,***,***,28,Web development,2026-11-25,In-person
5407,***,***,40,Machine Learning,2025-06-07,In-person
5408,***,***,29,Software Engineering,2024-05-10,Online
5409,***,***,22,Data Science,2027-09-18,In-person
5410,***,***,35,Data Engineering,2026-03-12,In-person
5411,***,***,44,Web development,2024-05-20,In-person
5412,***,***,42,Web development,2026-09-23,In-person
5413,***,***,44,Web development,2026-06-10,Online
5414,***,***,28,Data Engineering,2025-05-11,Online
5415,***,***,45,Machine Learning,2025-08-26,In-person
5416,***,***,28,Data Engineering,2024-05-08,Online
5417,***,***,25,Software Engineering,2026-09-12,In-person
5418,***,***,32,Software Engineering,2026-01-05,In-person
5419,***,***,41,Web development,2024-08-23,In-person
5420,***,***,31,Data Engineering,2025-01-02,Online
5421,***,***,35,Software Engineering,2024-02-21,In-person
5422,***,***,32,Web development,2024-08-03,Online
5423,***,***,37,Web development,2024-10-12,Online
5424,***,***,36,Machine Learning,2026-10-19,Online
5425,***,***,33,Machine Learning,2023-11-22,In-person
5426,***,***,45,Software Engineering,2023-07-03,Online
5427,***,***,32,Web development,2023-09-23,In-person
5428,***,***,36,Data Science,2025-06-09,Online
5429,***,***,37,Web development,2027-07-23,Online
5430,***,***,25,Web development,2026-05-04,In-person
5431,***,***,44,Software Engineering,2027-05-25,Online
5432,***,***,34,Machine Learning,2025-12-26,In-person
5433,***,***,26,Web development,2026-10-08,In-person
5434,***,***,26,Software Engineering,2025-01-20,In-person
5435,***,***,28,Software Engineering,2023-12-30,Online
5436,***,***,44,Software Engineering,2023-03-02,Online
5437,***,***,37,Data Science,2026-03-10,Online
5438,***,***,34,Data Engineering,2026-04-12,In-person
5439,***,***,42,Data Science,2023-06-06,Online
5440,***,***,25,Web development,2024-01-17,Online
5441,***,***,25,Data Science,2026-11-18,Online
5442,***,***,27,Web development,2024-02-01,Online
5443,***,***,38,Data Engineering,2025-09-27,In-person
5444,***,***,29,Software Engineering,2023-05-11,Online
5445,***,***,26,Data Engineering,2025-06-30,Online
5446,***,***,22,Software Engineering,2026-06-25,Online
5447,***,***,23,Machine Learning,2027-08-17,In-person
5448,***,***,22,Web development,2027-05-06,Online
5449,***,***,29,Data Science,2027-04-16,In-person
5450,***,***,38,Data Science,2024-04-08,Online
5451,***,***,32,Machine Learning,2026-07-20,In-person
5452,***,***,23,Software Engineering,2023-09-23,In-person
5453,***,***,45,Web development,2025-06-18,In-person
5454,***,***,30,Machine Learning,2027-04-24,Online
5455,***,***,34,Data Engineering,2026-02-23,Online
5456,***,***,26,Data Science,2025-03-25,In-person
5457,***,***,43,Web development,2024-07-27,In-person
5458,***,***,44,Data Engineering,2026-06-08,In-person
5459,***,***,23,Software Engineering,2026-09-29,Online
5460,***,***,22,Web development,2025-01-23,Online
5461,***,***,40,Data Engineering,2027-07-25,In-person
5462,***,***,39,Data Science,2026-06-10,Online
5463,***,***,43,Machine Learning,2023-03-22,In-person
5464,***,***,22,Data Engineering,2027-05-29,In-person
5465,***,***,34,Machine Learning,2025-09-11,Online
5466,***,***,29,Software Engineering,2024-07-30,Online
5467,***,***,42,Machine Learning,2023-12-16,Online
5468,***,***,36,Data Engineering,2025-06-21,Online
5469,***,***,40,Data Science,2025-09-28,Online
5470,***,***,30,Data Engineering,2025-09-21,In-person
5471,***,***,41,Data Science,2023-08-11,In-person
5472,***,***,29,Data Engineering,2023-11-19,Online
5473,***,***,35,Web development,2024-03-27,Online
5474,***,***,45,Data Engineering,2027-01-14,Online
5475,***,***,35,Machine Learning,2027-09-22,Online
5476,***,***,23,Data Science,2027-07-20,Online
5477,***,***,28,Web development,2027-07-06,Online
5478,***,***,41,Software Engineering,2025-09-05,Online
5479,***,***,24,Software Engineering,2027-05-19,Online
5480,***,***,44,Machine Learning,2023-03-14,In-person
5481,***,***,24,Data Engineering,2027-05-25,In-person
5482,***,***,32,Data Science,2024-05-17,Online
5483,***,***,36,Software Engineering,2024-09-25,Online
5484,***,***,35,Data Engineering,2023-01-03,In-person
5485,***,***,26,Data Engineering,2026-01-15,In-person
5486,***,***,44,Data Science,2025-12-22,Online
5487,***,***,27,Data Engineering,2026-02-09,In-person
5488,***,***,44,Machine Learning,2025-12-14,Online
5489,***,***,34,Web development,2024-12-06,In-person
5490,***,***,36,Web development,2027-01-13,Online
5491,***,***,38,Data Science,2025-10-27,In-person
5492,***,***,45,Data Engineering,2026-01-26,In-person
5493,***,***,41,Data Science,2027-02-28,Online
5494,***,***,35,Data Science,2024-02-27,Online
5495,***,***,22,Data Engineering,2026-02-25,In-person
5496,***,***,38,Software Engineering,2023-09-24,Online
5497,***,***,45,Data Science,2025-05-09,In-person
5498,***,***,39,Software Engineering,2027-01-17,Online
5499,***,***,40,Software Engineering,2024-09-13,In-person
5500,***,***,39,Software Engineering,2025-04-24,Online
5501,***,***,45,Data Engineering,2023-02-14,Online
5502,***,***,22,Data Engineering,2025-05-13,Online
5503,***,***,23,Software Engineering,2027-05-23,Online
5504,***,***,44,Data Engineering,2027-08-04,In-person
5505,***,***,39,Machine Learning,2025-04-09,Online
5506,***,***,33,Data Science,2022-12-09,Online
5507,***,***,23,Data Engineering,2024-11-21,Online
5508,***,***,27,Data Engineering,2023-12-15,In-person
5509,***,***,23,Machine Learning,2025-08-13,Online
5510,***,***,25,Web development,2023-06-19,Online
5511,***,***,26,Data Engineering,2025-05-24,Online
5512,***,***,39,Web development,2022-11-01,In-person
5513,***,***,25,Machine Learning,2026-12-12,Online
5514,***,***,29,Web development,2027-08-17,Online
5515,***,***,39,Software Engineering,2023-02-22,In-person
5516,***,***,29,Data Science,2024-10-11,In-person
5517,***,***,36,Data Science,2025-06-17,Online
5518,***,***,37,Data Science,2025-06-23,In-person
5519,***,***,36,Machine Learning,2027-09-19,In-person
5520,***,***,42,Machine Learning,2023-04-02,In-person
5521,***,***,23,Machine Learning,2024-11-30,In-person
5522,***,***,44,Data Engineering,2025-04-08,Online
5523,***,***,31,Data Science,2025-05-24,Online
5524,***,***,44,Machine Learning,2023-02-13,In-person
5525,***,***,37,Machine Learning,2024-03-22,Online
5526,***,***,22,Machine Learning,2026-07-13,Online
5527,***,***,42,Software Engineering,2026-05-08,In-person
5528,***,***,30,Software Engineering,2022-11-10,In-person
5529,***,***,41,Data Engineering,2027-09-01,In-person
5530,***,***,34,Data Engineering,2027-07-06,Online
5531,***,***,43,Machine Learning,2023-09-19,In-person
5532,***,***,37,Data Engineering,2022-12-25,In-person
5533,***,***,30,Data Science,2025-05-12,In-person
5534,***,***,22,Data Engineering,2024-02-29,Online
5535,***,***,34,Data Science,2024-02-05,Online
5536,***,***,42,Web development,2026-11-01,Online
5537,***,***,26,Web development,2025-01-12,In-person
5538,***,***,25,Data Science,2026-11-08,Online
5539,***,***,26,Data Science,2023-07-13,In-person
5540,***,***,31,Data Science,2026-12-25,In-person
5541,***,***,37,Machine Learning,2026-01-08,Online
5542,***,***,43,Software Engineering,2026-11-17,In-person
5543,***,***,27,Data Engineering,2026-02-26,In-person
5544,***,***,42,Web development,2027-02-10,In-person
5545,***,***,36,Data Engineering,2027-06-29,In-person
5546,***,***,45,Software Engineering,2024-06-14,Online
5547,***,***,23,Data Science,2023-02-28,Online
5548,***,***,39,Web development,2025-03-03,In-person
5549,***,***,43,Software Engineering,2023-09-16,In-person
5550,***,***,26,Web development,2023-06-17,Online
5551,***,***,42,Web development,2023-04-17,Online
5552,***,***,37,Data Engineering,2027-10-02,In-person
5553,***,***,27,Software Engineering,2025-05-05,Online
5554,***,***,33,Web development,2023-11-23,In-person
5555,***,***,41,Data Engineering,2025-10-01,In-person
5556,***,***,43,Software Engineering,2025-05-23,Online
5557,***,***,26,Software Engineering,2023-10-23,Online
5558,***,***,32,Machine Learning,2023-02-13,In-person
5559,***,***,33,Software Engineering,2027-08-23,Online
5560,***,***,36,Data Engineering,2027-04-15,Online
5561,***,***,43,Data Science,2023-04-27,Online
5562,***,***,29,Web development,2025-01-02,In-person
5563,***,***,38,Data Engineering,2026-02-01,Online
5564,***,***,33,Web development,2026-12-09,Online
5565,***,***,41,Software Engineering,2027-06-23,In-person
5566,***,***,40,Software Engineering,2025-02-09,In-person
5567,***,***,33,Data Science,2023-09-19,Online
5568,***,***,41,Machine Learning,2026-12-31,Online
5569,***,***,28,Software Engineering,2022-12-01,In-person
5570,***,***,44,Data Engineering,2026-09-04,In-person
5571,***,***,38,Web development,2026-08-08,Online
5572,***,***,36,Data Science,2027-10-11,In-person
5573,***,***,29,Machine Learning,2027-04-16,In-person
5574,***,***,28,Data Science,2027-01-15,Online
5575,***,***,23,Data Engineering,2024-12-15,Online
5576,***,***,28,Software Engineering,2025-01-19,Online
5577,***,***,30,Machine Learning,2023-08-05,In-person
5578,***,***,27,Web development,2023-06-13,Online
5579,***,***,39,Software Engineering,2026-03-22,Online
5580,***,***,37,Software Engineering,2027-05-13,In-person
5581,***,***,26,Web development,2023-11-02,Online
5582,***,***,29,Data Science,2024-07-26,In-person
5583,***,***,35,Data Science,2025-07-22,In-person
5584,***,***,35,Data Engineering,2026-09-28,In-person
5585,***,***,42,Machine Learning,2025-07-31,In-person
5586,***,***,24,Data Engineering,2024-05-28,Online
5587,***,***,44,Machine Learning,2024-11-29,Online
5588,***,***,37,Data Engineering,2025-01-22,In-person
5589,***,***,34,Data Science,2026-11-27,Online
5590,***,***,26,Data Engineering,2027-04-18,Online
5591,***,***,42,Data Engineering,2024-12-22,Online
5592,***,***,29,Data Engineering,2023-02-02,Online
5593,***,***,32,Machine Learning,2023-11-19,Online
5594,***,***,30,Software Engineering,2027-09-18,Online
5595,***,***,34,Machine Learning,2023-04-03,Online
5596,***,***,32,Data Engineering,2024-05-29,In-person
5597,***,***,24,Web development,2024-05-10,Online
5598,***,***,26,Machine Learning,2026-12-13,Online
5599,***,***,25,Web development,2027-04-14,In-person
5600,***,***,41,Machine Learning,2024-09-03,In-person
5601,***,***,24,Software Engineering,2026-05-15,In-person
5602,***,***,43,Data Engineering,2023-10-11,In-person
5603,***,***,24,Web development,2025-10-18,In-person
5604,***,***,42,Software Engineering,2026-11-10,In-person
5605,***,***,44,Data Engineering,2026-01-22,In-person
5606,***,***,29,Web development,2027-09-24,Online
5607,***,***,37,Data Engineering,2023-09-27,In-person
5608,***,***,30,Data Science,2027-08-04,Online
5609,***,***,43,Data Engineering,2023-11-29,In-person
5610,***,***,29,Web development,2025-12-11,In-person
5611,***,***,30,Machine Learning,2023-01-03,In-person
5612,***,***,34,Data Science,2024-12-04,In-person
5613,***,***,28,Web development,2026-02-03,Online
5614,***,***,26,Machine Learning,2024-11-04,In-person
5615,***,***,28,Data Science,2023-05-31,Online
5616,***,***,31,Web development,2024-07-06,In-person
5617,***,***,34,Machine Learning,2025-12-21,Online
5618,***,***,23,Machine Learning,2025-08-11,Online
5619,***,***,28,Data Science,2025-06-01,Online
5620,***,***,44,Data Engineering,2025-02-25,In-person
5621,***,***,42,Web development,2027-03-09,Online
5622,***,***,26,Software Engineering,2025-09-19,In-person
5623,***,***,36,Web development,2024-01-31,Online
5624,***,***,30,Web development,2023-03-11,Online
5625,***,***,34,Web development,2023-09-14,In-person
5626,***,***,40,Machine Learning,2026-07-19,Online
5627,***,***,34,Data Engineering,2023-03-11,In-person
5628,***,***,33,Data Science,2026-10-12,Online
5629,***,***,39,Web development,2023-02-12,Online
5630,***,***,41,Data Science,2025-07-17,In-person
5631,***,***,27,Software Engineering,2027-08-12,Online
5632,***,***,35,Web development,2027-01-26,In-person
5633,***,***,34,Data Engineering,2025-11-28,Online
5634,***,***,41,Data Science,2025-11-05,Online
5635,***,***,34,Data Engineering,2023-01-17,Online
5636,***,***,32,Web development,2023-01-08,Online
5637,***,***,34,Software Engineering,2026-11-22,Online
5638,***,***,22,Data Science,2023-06-06,Online
5639,***,***,35,Data Engineering,2025-06-20,Online
5640,***,***,40,Web development,2024-04-28,In-person
5641,***,***,27,Data Science,2023-05-16,Online
5642,***,***,29,Machine Learning,2025-04-27,Online
5643,***,***,45,Web development,2026-12-19,In-person
5644,***,***,31,Data Engineering,2025-10-04,In-person
5645,***,***,35,Data Science,2027-06-26,Online
5646,***,***,33,Software Engineering,2023-10-08,Online
5647,***,***,43,Data Science,2027-05-07,In-person
5648,***,***,28,Data Science,2025-06-06,In-person
5649,***,***,36,Data Science,2025-02-01,Online
5650,***,***,30,Data Engineering,2024-11-13,Online
5651,***,***,34,Web development,2024-05-25,In-person
5652,***,***,34,Web development,2026-10-19,Online
5653,***,***,41,Data Engineering,2027-01-25,Online
5654,***,***,23,Data Engineering,2026-09-18,In-person
5655,***,***,39,Web development,2026-12-07,In-person
5656,***,***,22,Data Engineering,2026-02-27,In-person
5657,***,***,38,Web development,2026-10-04,In-person
5658,***,***,22,Software Engineering,2025-01-08,Online
5659,***,***,41,Data Engineering,2023-09-13,Online
5660,***,***,41,Data Science,2023-10-29,In-person
5661,***,***,30,Web development,2027-07-21,Online
5662,***,***,32,Data Engineering,2025-12-29,Online
5663,***,***,34,Data Science,2027-08-26,In-person
5664,***,***,31,Software Engineering,2023-06-28,In-person
5665,***,***,37,Data Engineering,2027-10-14,In-person
5666,***,***,29,Data Engineering,2025-02-09,In-person
5667,***,***,37,Software Engineering,2025-07-17,In-person
5668,***,***,36,Data Science,2025-11-09,Online
5669,***,***,30,Data Engineering,2026-04-09,Online
5670,***,***,24,Web development,2025-01-30,In-person
5671,***,***,27,Data Science,2027-06-15,Online
5672,***,***,42,Data Science,2027-03-25,In-person
5673,***,***,34,Software Engineering,2025-07-19,Online
5674,***,***,41,Machine Learning,2024-09-13,Online
5675,***,***,31,Software Engineering,2027-05-31,Online
5676,***,***,34,Data Science,2023-07-23,Online
5677,***,***,41,Software Engineering,2025-05-31,In-person
5678,***,***,27,Web development,2026-07-26,In-person
5679,***,***,32,Software Engineering,2026-10-19,In-person
5680,***,***,34,Data Engineering,2024-10-08,Online
5681,***,***,31,Machine Learning,2027-05-22,Online
5682,***,***,32,Software Engineering,2025-03-06,Online
5683,***,***,40,Software Engineering,2026-08-12,In-person
5684,***,***,41,Data Science,2026-02-10,Online
5685,***,***,22,Data Science,2025-08-22,Online
5686,***,***,44,Data Engineering,2024-02-17,Online
5687,***,***,25,Web development,2027-01-15,In-person
5688,***,***,29,Web development,2027-07-23,In-person
5689,***,***,32,Web development,2026-02-19,In-person
5690,***,***,22,Web development,2024-11-24,In-person
5691,***,***,27,Data Engineering,2026-02-07,In-person
5692,***,***,40,Web development,2025-06-22,In-person
5693,***,***,44,Data Science,2025-01-10,In-person
5694,***,***,28,Data Engineering,2023-05-22,Online
5695,***,***,45,Web development,2025-09-24,Online
5696,***,***,37,Software Engineering,2023-08-03,In-person
5697,***,***,30,Web development,2024-10-01,Online
5698,***,***,41,Software Engineering,2023-04-20,Online
5699,***,***,25,Data Engineering,2025-07-24,Online
5700,***,***,35,Machine Learning,2023-06-23,Online
5701,***,***,28,Software Engineering,2023-03-26,Online
5702,***,***,41,Data Engineering,2023-07-06,In-person
5703,***,***,24,Software Engineering,2025-03-19,In-person
5704,***,***,36,Data Science,2027-03-09,Online
5705,***,***,38,Data Science,2024-01-18,Online
5706,***,***,22,Web development,2023-08-02,Online
5707,***,***,45,Web development,2024-05-08,In-person
5708,***,***,37,Web development,2027-05-07,Online
5709,***,***,36,Data Science,2026-05-30,In-person
5710,***,***,34,Data Science,2027-04-27,In-person
5711,***,***,29,Software Engineering,2022-11-19,In-person
5712,***,***,26,Data Engineering,2026-06-05,In-person
5713,***,***,25,Machine Learning,2026-11-20,Online
5714,***,***,25,Web development,2023-08-09,In-person
5715,***,***,38,Data Engineering,2026-11-13,In-person
5716,***,***,43,Data Science,2027-02-13,Online
5717,***,***,41,Software Engineering,2024-04-18,In-person
5718,***,***,43,Software Engineering,2025-11-30,Online
5719,***,***,41,Machine Learning,2026-01-10,Online
5720,***,***,31,Machine Learning,2025-12-05,In-person
5721,***,***,26,Web development,2026-11-06,Online
5722,***,***,28,Data Engineering,2025-04-06,Online
5723,***,***,23,Data Engineering,2025-01-21,In-person
5724,***,***,42,Web development,2023-04-26,Online
5725,***,***,34,Machine Learning,2024-12-16,Online
5726,***,***,31,Data Engineering,2027-09-20,In-person
5727,***,***,26,Data Science,2027-08-01,In-person
5728,***,***,29,Software Engineering,2024-07-26,In-person
5729,***,***,38,Web development,2023-07-27,Online
5730,***,***,36,Software Engineering,2025-07-30,Online
5731,***,***,25,Data Science,2027-07-21,Online
5732,***,***,45,Machine Learning,2023-06-15,In-person
5733,***,***,30,Web development,2025-03-12,Online
5734,***,***,35,Machine Learning,2027-07-07,Online
5735,***,***,44,Software Engineering,2023-04-03,Online
5736,***,***,32,Machine Learning,2027-03-24,Online
5737,***,***,27,Web development,2023-10-14,Online
5738,***,***,30,Machine Learning,2027-03-17,In-person
5739,***,***,43,Software Engineering,2026-02-19,Online
5740,***,***,27,Software Engineering,2024-11-08,Online
5741,***,***,25,Software Engineering,2023-07-18,Online
5742,***,***,25,Software Engineering,2026-06-30,In-person
5743,***,***,35,Software Engineering,2024-12-20,In-person
5744,***,***,26,Data Science,2023-09-11,In-person
5745,***,***,32,Data Science,2025-12-21,In-person
5746,***,***,33,Machine Learning,2024-03-01,In-person
5747,***,***,41,Data Science,2026-07-22,In-person
5748,***,***,26,Data Engineering,2023-07-28,In-person
5749,***,***,33,Data Science,2026-01-02,Online
5750,***,***,40,Data Science,2023-09-20,In-person
5751,***,***,33,Data Science,2027-03-14,In-person
5752,***,***,44,Machine Learning,2027-01-05,In-person
5753,***,***,31,Machine Learning,2027-04-26,Online
5754,***,***,38,Software Engineering,2026-07-24,In-person
5755,***,***,39,Web development,2027-06-13,Online
5756,***,***,35,Software Engineering,2024-12-23,Online
5757,***,***,27,Machine Learning,2026-05-22,Online
5758,***,***,39,Machine Learning,2027-01-02,Online
5759,***,***,45,Web development,2027-04-02,Online
5760,***,***,24,Data Engineering,2027-03-06,In-person
5761,***,***,30,Data Engineering,2026-08-25,In-person
5762,***,***,28,Data Engineering,2024-05-08,Online
5763,***,***,41,Machine Learning,2025-08-14,Online
5764,***,***,39,Machine Learning,2026-09-15,Online
5765,***,***,31,Data Science,2024-06-21,In-person
5766,***,***,27,Data Science,2023-03-20,Online
5767,***,***,28,Machine Learning,2024-11-27,Online
5768,***,***,41,Machine Learning,2024-04-03,In-person
5769,***,***,26,Software Engineering,2025-01-28,In-person
5770,***,***,44,Data Science,2025-03-27,Online
5771,***,***,30,Data Engineering,2025-12-02,Online
5772,***,***,25,Machine Learning,2024-07-31,In-person
5773,***,***,25,Data Science,2024-01-31,Online
5774,***,***,22,Web development,2025-03-11,In-person
5775,***,***,44,Data Science,2027-04-12,In-person
5776,***,***,24,Data Science,2024-02-10,In-person
5777,***,***,34,Data Engineering,2026-01-15,In-person
5778,***,***,35,Machine Learning,2024-07-03,In-person
5779,***,***,23,Web development,2023-10-11,Online
5780,***,***,35,Machine Learning,2023-03-09,In-person
5781,***,***,27,Data Engineering,2024-10-15,In-person
5782,***,***,26,Data Engineering,2025-06-26,In-person
5783,***,***,41,Machine Learning,2026-03-02,In-person
5784,***,***,22,Web development,2025-07-22,In-person
5785,***,***,27,Machine Learning,2023-12-12,Online
5786,***,***,22,Software Engineering,2023-03-12,Online
5787,***,***,35,Data Engineering,2026-02-16,Online
5788,***,***,40,Data Science,2023-11-30,In-person
5789,***,***,25,Machine Learning,2025-10-16,In-person
5790,***,***,39,Web development,2025-12-13,Online
5791,***,***,22,Data Science,2023-04-18,In-person
5792,***,***,23,Data Science,2026-11-10,Online
5793,***,***,39,Web development,2022-11-05,In-person
5794,***,***,29,Data Engineering,2025-03-04,Online
5795,***,***,35,Software Engineering,2026-01-22,In-person
5796,***,***,42,Data Science,2026-05-26,In-person
5797,***,***,22,Data Engineering,2025-11-12,In-person
5798,***,***,40,Software Engineering,2023-11-20,Online
5799,***,***,30,Machine Learning,2027-02-04,Online
5800,***,***,28,Web development,2022-10-25,In-person
5801,***,***,24,Web development,2027-08-22,In-person
5802,***,***,43,Software Engineering,2025-10-04,Online
5803,***,***,33,Software Engineering,2025-07-01,Online
5804,***,***,25,Software Engineering,2023-07-06,In-person
5805,***,***,45,Data Science,2024-06-28,Online
5806,***,***,37,Web development,2026-05-22,Online
5807,***,***,29,Data Science,2023-05-22,In-person
5808,***,***,44,Data Science,2026-04-04,In-person
5809,***,***,35,Data Science,2024-08-24,In-person
5810,***,***,24,Web development,2026-07-09,In-person
5811,***,***,45,Web development,2025-06-04,Online
5812,***,***,40,Data Engineering,2027-01-26,Online
5813,***,***,27,Machine Learning,2025-04-29,In-person
5814,***,***,24,Data Engineering,2026-01-10,In-person
5815,***,***,42,Machine Learning,2025-09-09,Online
5816,***,***,34,Machine Learning,2024-01-05,In-person
5817,***,***,40,Web development,2026-03-02,In-person
5818,***,***,30,Software Engineering,2024-06-30,Online
5819,***,***,24,Data Science,2026-08-01,Online
5820,***,***,38,Data Science,2026-02-06,Online
5821,***,***,30,Web development,2024-02-22,In-person
5822,***,***,29,Machine Learning,2023-10-25,In-person
5823,***,***,41,Software Engineering,2024-10-01,Online
5824,***,***,22,Web development,2024-10-05,Online
5825,***,***,33,Software Engineering,2025-06-12,In-person
5826,***,***,30,Data Science,2026-10-15,In-person
5827,***,***,23,Data Engineering,2023-04-18,In-person
5828,***,***,24,Software Engineering,2026-08-16,Online
5829,***,***,43,Machine Learning,2023-05-11,Online
5830,***,***,40,Web development,2027-07-30,In-person
5831,***,***,25,Machine Learning,2025-10-02,In-person
5832,***,***,39,Software Engineering,2024-12-10,Online
5833,***,***,27,Data Engineering,2025-01-14,Online
5834,***,***,26,Machine Learning,2025-09-03,In-person
5835,***,***,25,Machine Learning,2025-09-09,Online
5836,***,***,33,Software Engineering,2023-11-17,In-person
5837,***,***,26,Data Engineering,2027-07-19,In-person
5838,***,***,27,Data Engineering,2025-08-05,In-person
5839,***,***,43,Data Engineering,2026-12-06,Online
5840,***,***,23,Data Engineering,2025-02-04,Online
5841,***,***,40,Data Science,2022-11-07,Online
5842,***,***,33,Software Engineering,2027-03-11,In-person
5843,***,***,41,Software Engineering,2023-11-28,Online
5844,***,***,38,Data Science,2022-11-14,In-person
5845,***,***,44,Software Engineering,2026-01-29,Online
5846,***,***,44,Machine Learning,2025-11-15,Online
5847,***,***,43,Software Engineering,2025-02-19,Online
5848,***,***,25,Software Engineering,2025-02-17,Online
5849,***,***,33,Data Engineering,2027-02-09,In-person
5850,***,***,39,Data Engineering,2023-07-12,In-person
5851,***,***,36,Software Engineering,2024-07-02,In-person
5852,***,***,37,Software Engineering,2025-12-10,Online
5853,***,***,30,Data Engineering,2025-09-04,Online
5854,***,***,36,Software Engineering,2026-05-01,Online
5855,***,***,31,Data Engineering,2025-09-28,Online
5856,***,***,38,Web development,2027-07-26,In-person
5857,***,***,44,Data Science,2024-08-30,Online
5858,***,***,31,Data Science,2023-08-05,In-person
5859,***,***,34,Machine Learning,2024-12-06,Online
5860,***,***,27,Machine Learning,2023-09-25,Online
5861,***,***,39,Data Science,2026-11-05,Online
5862,***,***,43,Data Engineering,2025-11-22,In-person
5863,***,***,41,Web development,2023-06-03,Online
5864,***,***,45,Web development,2024-03-23,Online
5865,***,***,33,Data Science,2026-06-20,Online
5866,***,***,40,Software Engineering,2024-09-20,In-person
5867,***,***,39,Data Science,2023-04-23,Online
5868,***,***,28,Software Engineering,2026-12-03,Online
5869,***,***,22,Software Engineering,2025-02-23,Online
5870,***,***,41,Data Science,2025-09-20,In-person
5871,***,***,23,Web development,2026-09-15,Online
5872,***,***,33,Software Engineering,2026-12-16,In-person
5873,***,***,29,Machine Learning,2027-02-25,In-person
5874,***,***,34,Data Science,2027-02-11,In-person
5875,***,***,36,Data Engineering,2025-12-25,In-person
5876,***,***,45,Web development,2024-02-27,Online
5877,***,***,25,Data Science,2026-07-15,In-person
5878,***,***,28,Web development,2023-07-03,Online
5879,***,***,35,Software Engineering,2024-04-19,In-person
5880,***,***,34,Data Engineering,2026-10-17,Online
5881,***,***,22,Web development,2024-02-03,In-person
5882,***,***,23,Data Science,2024-10-16,In-person
5883,***,***,27,Machine Learning,2024-06-30,In-person
5884,***,***,28,Data Engineering,2024-08-04,Online
5885,***,***,30,Data Science,2025-01-16,Online
5886,***,***,25,Machine Learning,2023-09-04,In-person
5887,***,***,27,Data Engineering,2025-06-26,In-person
5888,***,***,24,Web development,2027-10-17,In-person
5889,***,***,31,Software Engineering,2024-01-12,Online
5890,***,***,31,Web development,2025-10-01,Online
5891,***,***,24,Machine Learning,2024-12-11,Online
5892,***,***,39,Software Engineering,2024-04-22,Online
5893,***,***,45,Data Engineering,2026-02-09,In-person
5894,***,***,27,Data Engineering,2023-04-15,Online
5895,***,***,37,Data Science,2027-08-15,In-person
5896,***,***,35,Software Engineering,2024-07-24,In-person
5897,***,***,32,Web development,2025-03-13,Online
5898,***,***,41,Data Engineering,2026-04-30,Online
5899,***,***,34,Machine Learning,2024-07-01,Online
5900,***,***,28,Data Engineering,2022-12-15,In-person
5901,***,***,45,Machine Learning,2027-04-05,Online
5902,***,***,33,Data Engineering,2024-07-07,Online
5903,***,***,33,Web development,2025-07-09,In-person
5904,***,***,24,Software Engineering,2027-10-02,Online
5905,***,***,33,Web development,2026-01-15,In-person
5906,***,***,32,Data Science,2024-07-17,Online
5907,***,***,45,Machine Learning,2023-01-08,In-person
5908,***,***,24,Machine Learning,2026-07-02,In-person
5909,***,***,40,Software Engineering,2022-10-23,In-person
5910,***,***,25,Machine Learning,2025-03-27,In-person
5911,***,***,25,Data Science,2025-08-03,In-person
5912,***,***,28,Data Engineering,2023-07-13,In-person
5913,***,***,23,Machine Learning,2024-10-01,In-person
5914,***,***,22,Software Engineering,2025-12-10,Online
5915,***,***,41,Software Engineering,2023-09-04,In-person
5916,***,***,41,Data Engineering,2026-04-16,Online
5917,***,***,24,Machine Learning,2026-02-01,Online
5918,***,***,45,Data Engineering,2024-01-14,In-person
5919,***,***,22,Software Engineering,2023-04-19,Online
5920,***,***,37,Software Engineering,2027-05-27,In-person
5921,***,***,41,Machine Learning,2027-05-04,Online
5922,***,***,45,Data Engineering,2024-07-23,Online
5923,***,***,26,Web development,2026-12-16,In-person
5924,***,***,32,Data Science,2026-03-10,Online
5925,***,***,29,Web development,2024-01-26,In-person
5926,***,***,36,Web development,2026-11-22,In-person
5927,***,***,37,Software Engineering,2025-05-14,In-person
5928,***,***,30,Web development,2027-08-22,In-person
5929,***,***,44,Machine Learning,2024-03-20,Online
5930,***,***,34,Software Engineering,2023-06-23,In-person
5931,***,***,42,Data Engineering,2025-11-16,Online
5932,***,***,37,Data Engineering,2023-04-11,Online
5933,***,***,44,Data Engineering,2024-04-01,Online
5934,***,***,43,Machine Learning,2026-08-03,In-person
5935,***,***,25,Data Engineering,2027-07-23,In-person
5936,***,***,39,Software Engineering,2027-08-17,Online
5937,***,***,41,Data Science,2027-09-14,In-person
5938,***,***,41,Data Engineering,2027-10-15,Online
5939,***,***,45,Web development,2026-12-09,Online
5940,***,***,35,Data Science,2024-10-06,Online
5941,***,***,29,Machine Learning,2025-01-11,Online
5942,***,***,38,Data Engineering,2023-02-22,Online
5943,***,***,37,Software Engineering,2027-07-02,In-person
5944,***,***,23,Web development,2022-12-03,In-person
5945,***,***,23,Web development,2026-04-18,Online
5946,***,***,22,Data Engineering,2025-02-21,Online
5947,***,***,29,Data Science,2025-08-20,In-person
5948,***,***,30,Web development,2026-11-22,Online
5949,***,***,39,Data Science,2025-02-04,In-person
5950,***,***,28,Data Science,2025-02-12,In-person
5951,***,***,26,Data Science,2027-05-14,Online
5952,***,***,45,Machine Learning,2025-01-02,In-person
5953,***,***,23,Software Engineering,2025-07-22,In-person
5954,***,***,30,Data Engineering,2027-03-21,Online
5955,***,***,38,Web development,2026-01-28,Online
5956,***,***,33,Data Engineering,2024-05-15,In-person
5957,***,***,38,Data Engineering,2026-01-19,In-person
5958,***,***,37,Data Engineering,2023-07-23,In-person
5959,***,***,28,Data Science,2025-05-16,Online
5960,***,***,35,Web development,2025-03-31,Online
5961,***,***,22,Data Science,2025-12-15,In-person
5962,***,***,36,Machine Learning,2026-02-11,In-person
5963,***,***,32,Data Engineering,2025-08-10,Online
5964,***,***,33,Data Engineering,2026-01-03,In-person
5965,***,***,30,Web development,2024-01-20,Online
5966,***,***,40,Data Science,2023-10-02,In-person
5967,***,***,31,Data Science,2027-07-22,In-person
5968,***,***,35,Data Engineering,2026-05-28,Online
5969,***,***,31,Data Science,2027-09-01,Online
5970,***,***,39,Web development,2026-06-02,Online
5971,***,***,22,Data Engineering,2027-08-14,In-person
5972,***,***,44,Web development,2025-01-19,In-person
5973,***,***,23,Software Engineering,2025-11-02,In-person
5974,***,***,42,Data Science,2022-10-21,In-person
5975,***,***,38,Data Science,2027-09-27,Online
5976,***,***,43,Data Science,2026-07-10,Online
5977,***,***,37,Web development,2023-02-02,In-person
5978,***,***,33,Data Engineering,2026-05-31,In-person
5979,***,***,42,Data Engineering,2023-02-12,In-person
5980,***,***,43,Software Engineering,2022-11-26,In-person
5981,***,***,39,Data Engineering,2023-08-05,In-person
5982,***,***,26,Machine Learning,2023-11-08,In-person
5983,***,***,23,Data Engineering,2026-11-04,In-person
5984,***,***,26,Web development,2026-04-26,Online
5985,***,***,28,Data Engineering,2024-07-28,Online
5986,***,***,34,Web development,2025-06-20,In-person
5987,***,***,35,Machine Learning,2026-05-23,In-person
5988,***,***,30,Software Engineering,2025-08-31,Online
5989,***,***,25,Machine Learning,2024-01-23,Online
5990,***,***,24,Web development,2027-05-14,In-person
5991,***,***,43,Data Engineering,2027-04-27,Online
5992,***,***,39,Data Science,2024-11-18,Online
5993,***,***,36,Software Engineering,2025-10-22,In-person
5994,***,***,39,Software Engineering,2024-02-26,In-person
5995,***,***,37,Data Engineering,2027-06-14,Online
5996,***,***,40,Web development,2026-04-13,In-person
5997,***,***,43,Web development,2024-03-28,In-person
5998,***,***,23,Machine Learning,2025-01-16,Online
5999,***,***,26,Data Engineering,2023-12-02,Online
6000,***,***,45,Machine Learning,2022-11-01,Online
6001,***,***,26,Web development,2023-08-21,Online
6002,***,***,43,Machine Learning,2023-11-27,Online
6003,***,***,34,Data Engineering,2025-10-26,In-person
6004,***,***,43,Web development,2025-08-29,Online
6005,***,***,31,Data Science,2026-05-14,Online
6006,***,***,27,Machine Learning,2026-05-28,Online
6007,***,***,34,Web development,2024-12-03,Online
6008,***,***,43,Machine Learning,2025-08-29,Online
6009,***,***,43,Web development,2026-05-23,Online
6010,***,***,25,Machine Learning,2023-04-17,In-person
6011,***,***,34,Data Engineering,2024-09-06,In-person
6012,***,***,34,Data Science,2025-07-04,Online
6013,***,***,39,Software Engineering,2026-10-28,Online
6014,***,***,43,Software Engineering,2024-09-04,In-person
6015,***,***,38,Data Science,2023-11-15,Online
6016,***,***,28,Data Science,2022-11-14,In-person
6017,***,***,39,Machine Learning,2025-02-20,In-person
6018,***,***,45,Machine Learning,2027-03-07,Online
6019,***,***,42,Software Engineering,2023-09-28,In-person
6020,***,***,22,Machine Learning,2023-09-02,In-person
6021,***,***,29,Software Engineering,2025-03-06,Online
6022,***,***,33,Data Science,2026-02-04,Online
6023,***,***,38,Data Engineering,2025-09-21,In-person
6024,***,***,26,Machine Learning,2023-08-11,Online
6025,***,***,39,Data Science,2024-11-16,In-person
6026,***,***,28,Web development,2027-05-20,In-person
6027,***,***,38,Web development,2026-10-24,In-person
6028,***,***,23,Web development,2026-12-01,In-person
6029,***,***,30,Web development,2027-08-24,Online
6030,***,***,31,Machine Learning,2025-11-20,In-person
6031,***,***,27,Machine Learning,2024-11-17,In-person
6032,***,***,35,Data Engineering,2024-03-12,Online
6033,***,***,23,Software Engineering,2024-06-11,Online
6034,***,***,44,Machine Learning,2023-12-25,In-person
6035,***,***,37,Data Engineering,2023-06-16,Online
6036,***,***,30,Web development,2026-07-06,Online
6037,***,***,45,Web development,2024-09-22,In-person
6038,***,***,23,Web development,2026-11-05,In-person
6039,***,***,38,Software Engineering,2025-02-15,Online
6040,***,***,26,Software Engineering,2026-04-25,In-person
6041,***,***,39,Web development,2027-05-11,In-person
6042,***,***,38,Data Science,2025-05-29,Online
6043,***,***,39,Data Science,2025-06-25,Online
6044,***,***,24,Web development,2027-05-26,In-person
6045,***,***,27,Web development,2023-06-16,Online
6046,***,***,23,Data Science,2025-03-26,In-person
6047,***,***,43,Data Science,2025-12-22,Online
6048,***,***,37,Software Engineering,2025-04-13,In-person
6049,***,***,36,Data Engineering,2026-06-04,Online
6050,***,***,29,Data Engineering,2023-11-25,In-person
6051,***,***,33,Data Science,2025-09-22,In-person
6052,***,***,24,Data Engineering,2023-05-17,Online
6053,***,***,23,Machine Learning,2023-01-05,Online
6054,***,***,44,Data Science,2027-03-09,In-person
6055,***,***,32,Data Engineering,2025-07-31,Online
6056,***,***,25,Software Engineering,2026-03-06,Online
6057,***,***,44,Machine Learning,2023-06-21,In-person
6058,***,***,23,Software Engineering,2027-07-30,Online
6059,***,***,40,Software Engineering,2024-08-19,Online
6060,***,***,36,Software Engineering,2023-05-17,In-person
6061,***,***,35,Web development,2024-07-18,In-person
6062,***,***,30,Software Engineering,2026-12-02,In-person
6063,***,***,31,Web development,2024-05-12,In-person
6064,***,***,41,Machine Learning,2026-03-23,Online
6065,***,***,38,Data Science,2024-12-12,In-person
6066,***,***,40,Software Engineering,2025-02-21,In-person
6067,***,***,37,Data Science,2024-04-24,In-person
6068,***,***,27,Data Science,2024-02-28,Online
6069,***,***,25,Web development,2023-01-27,Online
6070,***,***,45,Web development,2023-01-08,Online
6071,***,***,40,Machine Learning,2024-03-14,In-person
6072,***,***,38,Data Science,2024-11-07,Online
6073,***,***,30,Data Science,2027-02-06,Online
6074,***,***,22,Data Science,2025-07-28,In-person
6075,***,***,30,Data Science,2027-03-14,In-person
6076,***,***,30,Data Science,2023-08-29,In-person
6077,***,***,23,Machine Learning,2023-01-22,In-person
6078,***,***,35,Data Engineering,2026-06-23,Online
6079,***,***,33,Software Engineering,2027-07-06,In-person
6080,***,***,40,Data Science,2023-09-30,In-person
6081,***,***,38,Data Engineering,2027-02-02,In-person
6082,***,***,45,Machine Learning,2027-05-14,Online
6083,***,***,45,Web development,2027-10-02,Online
6084,***,***,35,Web development,2026-12-26,In-person
6085,***,***,44,Data Science,2023-11-01,In-person
6086,***,***,44,Software Engineering,2023-06-17,Online
6087,***,***,30,Data Science,2026-06-26,Online
6088,***,***,28,Data Engineering,2022-11-13,In-person
6089,***,***,27,Machine Learning,2023-03-24,Online
6090,***,***,43,Web development,2026-10-28,Online
6091,***,***,44,Data Science,2027-09-21,In-person
6092,***,***,45,Data Engineering,2023-05-01,In-person
6093,***,***,42,Data Science,2027-03-07,Online
6094,***,***,42,Software Engineering,2026-11-19,In-person
6095,***,***,28,Data Engineering,2023-09-30,In-person
6096,***,***,40,Data Engineering,2023-05-27,In-person
6097,***,***,39,Web development,2026-08-06,In-person
6098,***,***,36,Web development,2026-05-03,Online
6099,***,***,44,Data Science,2023-04-01,In-person
6100,***,***,37,Web development,2027-04-15,In-person
6101,***,***,42,Data Engineering,2026-01-15,In-person
6102,***,***,42,Machine Learning,2026-12-15,In-person
6103,***,***,25,Data Science,2024-12-01,In-person
6104,***,***,37,Machine Learning,2023-11-16,Online
6105,***,***,25,Data Science,2024-09-10,In-person
6106,***,***,31,Machine Learning,2023-11-27,In-person
6107,***,***,42,Software Engineering,2024-05-26,In-person
6108,***,***,38,Web development,2024-02-07,Online
6109,***,***,31,Software Engineering,2023-06-19,Online
6110,***,***,22,Web development,2027-08-08,Online
6111,***,***,32,Software Engineering,2023-01-04,Online
6112,***,***,24,Data Engineering,2026-02-09,Online
6113,***,***,30,Data Science,2023-06-06,In-person
6114,***,***,26,Data Engineering,2023-10-10,In-person
6115,***,***,39,Data Science,2023-09-24,In-person
6116,***,***,24,Data Engineering,2027-07-29,In-person
6117,***,***,41,Data Science,2024-11-10,Online
6118,***,***,31,Software Engineering,2026-09-26,Online
6119,***,***,35,Machine Learning,2026-07-13,Online
6120,***,***,34,Machine Learning,2024-11-24,Online
6121,***,***,37,Web development,2027-08-17,In-person
6122,***,***,33,Data Engineering,2025-09-18,Online
6123,***,***,25,Data Engineering,2024-12-22,In-person
6124,***,***,40,Web development,2024-03-05,In-person
6125,***,***,38,Web development,2027-06-15,Online
6126,***,***,25,Data Engineering,2026-06-07,Online
6127,***,***,36,Data Science,2026-05-27,In-person
6128,***,***,32,Software Engineering,2025-08-10,Online
6129,***,***,35,Data Science,2022-11-26,In-person
6130,***,***,37,Machine Learning,2025-08-06,In-person
6131,***,***,30,Data Science,2023-09-11,In-person
6132,***,***,35,Data Engineering,2024-06-01,Online
6133,***,***,33,Software Engineering,2027-05-29,In-person
6134,***,***,24,Data Science,2024-08-30,Online
6135,***,***,37,Machine Learning,2025-04-08,Online
6136,***,***,37,Data Science,2024-06-16,Online
6137,***,***,40,Data Science,2024-10-28,Online
6138,***,***,38,Data Science,2023-11-18,Online
6139,***,***,38,Machine Learning,2025-01-01,In-person
6140,***,***,22,Machine Learning,2023-06-09,In-person
6141,***,***,40,Web development,2024-10-18,Online
6142,***,***,28,Machine Learning,2025-04-06,In-person
6143,***,***,25,Data Engineering,2026-07-29,In-person
6144,***,***,38,Software Engineering,2025-06-08,In-person
6145,***,***,24,Web development,2022-11-03,Online
6146,***,***,37,Data Engineering,2022-12-13,Online
6147,***,***,27,Data Engineering,2027-06-17,In-person
6148,***,***,25,Data Science,2022-12-10,In-person
6149,***,***,29,Data Engineering,2024-04-14,In-person
6150,***,***,39,Data Engineering,2023-08-03,In-person
6151,***,***,27,Data Science,2027-06-25,In-person
6152,***,***,24,Software Engineering,2022-12-19,Online
6153,***,***,31,Software Engineering,2023-01-10,In-person
6154,***,***,43,Web development,2027-03-14,Online
6155,***,***,42,Data Engineering,2027-04-06,In-person
6156,***,***,36,Web development,2027-09-30,Online
6157,***,***,35,Software Engineering,2022-11-11,Online
6158,***,***,25,Software Engineering,2026-04-30,Online
6159,***,***,39,Data Engineering,2025-06-09,Online
6160,***,***,44,Data Science,2025-04-30,Online
6161,***,***,39,Web development,2023-02-13,In-person
6162,***,***,42,Machine Learning,2023-09-26,Online
6163,***,***,30,Machine Learning,2025-11-17,Online
6164,***,***,45,Data Science,2027-02-07,In-person
6165,***,***,22,Data Engineering,2026-11-26,In-person
6166,***,***,22,Web development,2023-02-09,In-person
6167,***,***,37,Software Engineering,2025-09-07,Online
6168,***,***,27,Web development,2026-06-28,Online
6169,***,***,22,Web development,2025-08-03,Online
6170,***,***,44,Web development,2025-10-30,Online
6171,***,***,25,Data Science,2026-04-14,In-person
6172,***,***,32,Web development,2026-10-13,Online
6173,***,***,44,Machine Learning,2026-11-29,In-person
6174,***,***,33,Software Engineering,2023-06-12,In-person
6175,***,***,38,Machine Learning,2022-11-21,In-person
6176,***,***,34,Software Engineering,2026-12-06,Online
6177,***,***,26,Data Science,2022-10-28,In-person
6178,***,***,28,Web development,2025-10-05,Online
6179,***,***,27,Web development,2025-03-28,Online
6180,***,***,38,Machine Learning,2026-04-25,In-person
6181,***,***,28,Data Engineering,2024-03-08,Online
6182,***,***,37,Data Science,2026-09-21,In-person
6183,***,***,26,Software Engineering,2027-07-30,In-person
6184,***,***,36,Web development,2024-06-12,In-person
6185,***,***,30,Data Engineering,2027-10-11,Online
6186,***,***,37,Data Science,2024-10-06,In-person
6187,***,***,40,Web development,2023-12-22,In-person
6188,***,***,38,Machine Learning,2024-08-28,In-person
6189,***,***,26,Web development,2024-06-23,In-person
6190,***,***,28,Data Science,2026-07-17,In-person
6191,***,***,42,Data Science,2025-07-13,Online
6192,***,***,37,Web development,2023-10-24,In-person
6193,***,***,23,Machine Learning,2023-03-11,In-person
6194,***,***,24,Software Engineering,2024-08-02,Online
6195,***,***,39,Data Science,2025-02-24,In-person
6196,***,***,26,Software Engineering,2024-08-22,Online
6197,***,***,39,Machine Learning,2025-07-09,In-person
6198,***,***,41,Software Engineering,2027-08-04,In-person
6199,***,***,42,Data Engineering,2023-06-25,In-person
6200,***,***,43,Data Engineering,2023-11-18,In-person
6201,***,***,30,Machine Learning,2027-04-15,In-person
6202,***,***,32,Data Engineering,2025-11-15,Online
6203,***,***,40,Software Engineering,2024-04-02,Online
6204,***,***,30,Data Engineering,2027-07-13,Online
6205,***,***,39,Data Science,2024-02-23,In-person
6206,***,***,35,Data Engineering,2024-10-21,In-person
6207,***,***,27,Web development,2027-03-26,In-person
6208,***,***,35,Software Engineering,2027-02-23,In-person
6209,***,***,40,Machine Learning,2023-03-10,Online
6210,***,***,39,Software Engineering,2025-05-05,In-person
6211,***,***,37,Data Engineering,2022-12-03,In-person
6212,***,***,31,Data Engineering,2026-01-17,In-person
6213,***,***,45,Software Engineering,2024-09-21,In-person
6214,***,***,34,Data Science,2024-12-21,In-person
6215,***,***,39,Software Engineering,2024-05-12,In-person
6216,***,***,38,Software Engineering,2026-08-28,In-person
6217,***,***,34,Web development,2022-10-19,In-person
6218,***,***,38,Machine Learning,2027-07-08,Online
6219,***,***,25,Software Engineering,2026-09-14,Online
6220,***,***,26,Software Engineering,2023-05-22,In-person
6221,***,***,26,Data Science,2026-12-04,In-person
6222,***,***,41,Web development,2027-07-28,In-person
6223,***,***,38,Machine Learning,2023-08-21,In-person
6224,***,***,31,Data Science,2024-10-03,Online
6225,***,***,24,Data Engineering,2027-05-07,Online
6226,***,***,41,Software Engineering,2024-07-13,Online
6227,***,***,29,Data Science,2023-03-15,In-person
6228,***,***,42,Web development,2024-11-05,In-person
6229,***,***,36,Data Engineering,2025-05-30,In-person
6230,***,***,36,Data Engineering,2024-09-19,Online
6231,***,***,41,Machine Learning,2027-07-01,In-person
6232,***,***,38,Data Engineering,2024-05-18,Online
6233,***,***,23,Machine Learning,2025-08-08,In-person
6234,***,***,33,Data Science,2026-09-11,In-person
6235,***,***,38,Software Engineering,2026-11-27,Online
6236,***,***,37,Web development,2026-12-14,In-person
6237,***,***,26,Software Engineering,2024-11-24,Online
6238,***,***,29,Data Science,2026-05-20,In-person
6239,***,***,43,Data Engineering,2024-08-08,In-person
6240,***,***,25,Data Science,2022-11-17,Online
6241,***,***,43,Web development,2027-02-06,Online
6242,***,***,39,Web development,2024-07-04,Online
6243,***,***,28,Software Engineering,2024-04-15,In-person
6244,***,***,38,Data Science,2025-08-23,Online
6245,***,***,28,Web development,2023-12-28,In-person
6246,***,***,23,Data Engineering,2024-07-19,In-person
6247,***,***,43,Machine Learning,2025-11-09,Online
6248,***,***,40,Data Science,2023-12-13,In-person
6249,***,***,44,Software Engineering,2023-10-20,In-person
6250,***,***,41,Software Engineering,2024-12-21,In-person
6251,***,***,37,Machine Learning,2027-03-22,Online
6252,***,***,27,Data Science,2027-08-04,Online
6253,***,***,26,Data Engineering,2024-02-06,Online
6254,***,***,39,Web development,2024-03-03,In-person
6255,***,***,23,Data Engineering,2023-08-02,Online
6256,***,***,25,Web development,2022-11-17,Online
6257,***,***,25,Machine Learning,2023-08-23,Online
6258,***,***,22,Data Engineering,2022-11-30,Online
6259,***,***,38,Data Science,2025-10-11,In-person
6260,***,***,40,Software Engineering,2023-07-04,Online
6261,***,***,34,Data Science,2024-06-08,Online
6262,***,***,44,Data Science,2024-08-08,Online
6263,***,***,44,Web development,2025-11-29,In-person
6264,***,***,24,Data Science,2023-02-27,In-person
6265,***,***,35,Software Engineering,2025-12-12,Online
6266,***,***,23,Data Engineering,2024-10-05,In-person
6267,***,***,28,Data Engineering,2025-10-22,In-person
6268,***,***,42,Data Engineering,2025-11-25,In-person
6269,***,***,34,Software Engineering,2027-05-23,In-person
6270,***,***,34,Data Engineering,2025-06-12,In-person
6271,***,***,25,Software Engineering,2026-01-03,In-person
6272,***,***,35,Data Science,2025-07-13,In-person
6273,***,***,37,Data Engineering,2025-10-23,In-person
6274,***,***,31,Machine Learning,2023-01-16,Online
6275,***,***,37,Data Engineering,2025-07-25,In-person
6276,***,***,33,Software Engineering,2025-09-15,In-person
6277,***,***,41,Software Engineering,2023-02-21,In-person
6278,***,***,26,Web development,2024-12-06,In-person
6279,***,***,43,Machine Learning,2022-12-24,Online
6280,***,***,30,Data Engineering,2023-05-28,Online
6281,***,***,38,Data Engineering,2025-10-30,In-person
6282,***,***,32,Machine Learning,2026-06-22,In-person
6283,***,***,24,Machine Learning,2023-10-20,Online
6284,***,***,32,Data Science,2024-01-18,Online
6285,***,***,30,Software Engineering,2025-02-15,Online
6286,***,***,35,Web development,2024-11-11,In-person
6287,***,***,41,Data Science,2024-01-18,Online
6288,***,***,22,Web development,2024-12-29,Online
6289,***,***,30,Software Engineering,2025-01-29,Online
6290,***,***,24,Software Engineering,2025-08-11,In-person
6291,***,***,44,Software Engineering,2027-03-23,Online
6292,***,***,22,Data Engineering,2023-11-05,In-person
6293,***,***,31,Software Engineering,2023-11-23,In-person
6294,***,***,36,Software Engineering,2027-06-29,Online
6295,***,***,27,Data Engineering,2027-02-11,Online
6296,***,***,43,Data Science,2025-11-24,Online
6297,***,***,45,Data Engineering,2025-05-15,Online
6298,***,***,23,Data Engineering,2024-05-28,In-person
6299,***,***,42,Software Engineering,2026-09-18,In-person
6300,***,***,35,Data Science,2026-05-02,Online
6301,***,***,40,Software Engineering,2027-01-08,Online
6302,***,***,25,Data Engineering,2024-02-19,Online
6303,***,***,22,Software Engineering,2023-03-14,Online
6304,***,***,30,Data Engineering,2027-05-05,Online
6305,***,***,31,Software Engineering,2027-02-19,Online
6306,***,***,44,Data Science,2023-07-06,Online
6307,***,***,23,Data Science,2027-01-11,Online
6308,***,***,39,Web development,2027-05-23,Online
6309,***,***,22,Data Engineering,2024-08-09,Online
6310,***,***,45,Data Science,2026-04-06,Online
6311,***,***,45,Web development,2025-10-23,Online
6312,***,***,45,Software Engineering,2026-06-25,Online
6313,***,***,28,Data Science,2026-04-12,In-person
6314,***,***,35,Machine Learning,2022-10-28,Online
6315,***,***,41,Machine Learning,2027-09-14,Online
6316,***,***,45,Web development,2025-03-17,Online
6317,***,***,39,Web development,2023-03-04,Online
6318,***,***,31,Data Science,2027-06-30,In-person
6319,***,***,45,Machine Learning,2023-08-07,In-person
6320,***,***,26,Data Science,2025-08-02,Online
6321,***,***,23,Data Engineering,2024-04-24,In-person
6322,***,***,28,Data Science,2025-01-08,Online
6323,***,***,45,Data Science,2026-08-08,In-person
6324,***,***,27,Machine Learning,2026-12-27,In-person
6325,***,***,45,Data Engineering,2025-06-09,In-person
6326,***,***,37,Data Science,2024-01-02,In-person
6327,***,***,30,Web development,2025-02-20,Online
6328,***,***,25,Software Engineering,2027-01-27,Online
6329,***,***,28,Machine Learning,2024-12-30,Online
6330,***,***,34,Web development,2025-05-04,In-person
6331,***,***,37,Software Engineering,2024-08-18,Online
6332,***,***,44,Machine Learning,2024-02-17,Online
6333,***,***,24,Web development,2027-07-20,In-person
6334,***,***,32,Web development,2027-08-01,In-person
6335,***,***,24,Machine Learning,2026-02-27,Online
6336,***,***,38,Web development,2024-05-30,In-person
6337,***,***,28,Software Engineering,2027-10-10,In-person
6338,***,***,31,Machine Learning,2027-04-27,Online
6339,***,***,43,Data Science,2025-12-13,In-person
6340,***,***,23,Data Science,2024-07-11,Online
6341,***,***,37,Machine Learning,2027-08-19,In-person
6342,***,***,28,Data Engineering,2022-12-29,Online
6343,***,***,37,Data Engineering,2023-12-30,In-person
6344,***,***,38,Data Science,2027-05-13,Online
6345,***,***,30,Software Engineering,2025-06-01,Online
6346,***,***,24,Machine Learning,2026-10-12,In-person
6347,***,***,29,Software Engineering,2026-09-17,In-person
6348,***,***,27,Software Engineering,2024-03-27,Online
6349,***,***,42,Machine Learning,2024-01-01,Online
6350,***,***,25,Data Engineering,2024-11-02,In-person
6351,***,***,29,Software Engineering,2024-01-17,Online
6352,***,***,23,Web development,2026-02-04,In-person
6353,***,***,39,Data Engineering,2024-05-25,Online
6354,***,***,41,Data Science,2023-11-12,In-person
6355,***,***,33,Machine Learning,2026-11-17,In-person
6356,***,***,28,Software Engineering,2023-08-03,Online
6357,***,***,23,Data Engineering,2026-06-04,Online
6358,***,***,40,Machine Learning,2024-07-21,Online
6359,***,***,41,Data Science,2024-06-26,Online
6360,***,***,23,Software Engineering,2025-09-27,In-person
6361,***,***,40,Data Science,2024-09-09,In-person
6362,***,***,27,Web development,2026-10-25,In-person
6363,***,***,28,Data Science,2023-01-27,Online
6364,***,***,33,Web development,2022-10-19,Online
6365,***,***,38,Data Science,2024-10-23,In-person
6366,***,***,41,Data Science,2026-04-05,In-person
6367,***,***,37,Data Science,2023-06-28,In-person
6368,***,***,35,Machine Learning,2023-09-20,In-person
6369,***,***,44,Data Engineering,2023-02-13,Online
6370,***,***,37,Data Engineering,2025-01-17,In-person
6371,***,***,38,Software Engineering,2025-05-08,Online
6372,***,***,41,Data Engineering,2025-08-20,In-person
6373,***,***,41,Web development,2024-01-28,In-person
6374,***,***,22,Machine Learning,2023-07-22,Online
6375,***,***,28,Web development,2025-11-24,Online
6376,***,***,29,Data Engineering,2025-01-12,In-person
6377,***,***,27,Machine Learning,2026-09-09,Online
6378,***,***,31,Machine Learning,2026-02-27,Online
6379,***,***,44,Data Engineering,2025-06-03,In-person
6380,***,***,43,Web development,2027-03-19,In-person
6381,***,***,25,Data Engineering,2024-07-05,In-person
6382,***,***,42,Web development,2024-02-20,In-person
6383,***,***,29,Web development,2026-02-15,Online
6384,***,***,26,Data Science,2027-01-08,Online
6385,***,***,35,Data Science,2023-12-19,Online
6386,***,***,43,Web development,2023-02-28,In-person
6387,***,***,23,Data Science,2026-07-27,Online
6388,***,***,43,Machine Learning,2027-04-29,In-person
6389,***,***,38,Data Science,2025-12-17,In-person
6390,***,***,25,Machine Learning,2025-12-07,In-person
6391,***,***,31,Data Science,2026-01-21,In-person
6392,***,***,24,Machine Learning,2023-10-26,In-person
6393,***,***,37,Software Engineering,2026-05-06,Online
6394,***,***,27,Web development,2026-09-02,Online
6395,***,***,44,Software Engineering,2024-09-02,Online
6396,***,***,42,Data Engineering,2025-12-09,Online
6397,***,***,43,Data Engineering,2022-12-14,In-person
6398,***,***,43,Machine Learning,2023-09-03,Online
6399,***,***,31,Machine Learning,2026-08-16,In-person
6400,***,***,43,Data Science,2024-12-17,Online
6401,***,***,44,Web development,2022-11-22,Online
6402,***,***,28,Data Science,2023-11-20,Online
6403,***,***,23,Machine Learning,2024-06-19,In-person
6404,***,***,39,Data Engineering,2025-11-01,In-person
6405,***,***,25,Data Engineering,2027-06-20,In-person
6406,***,***,32,Data Science,2023-09-20,Online
6407,***,***,34,Web development,2022-11-02,Online
6408,***,***,33,Data Engineering,2023-03-14,In-person
6409,***,***,41,Machine Learning,2024-11-26,Online
6410,***,***,30,Data Science,2025-06-08,Online
6411,***,***,22,Data Engineering,2025-01-05,In-person
6412,***,***,43,Software Engineering,2023-01-28,In-person
6413,***,***,37,Data Engineering,2026-04-07,In-person
6414,***,***,44,Data Engineering,2026-07-22,Online
6415,***,***,32,Software Engineering,2023-07-11,In-person
6416,***,***,23,Web development,2022-11-25,Online
6417,***,***,23,Web development,2025-07-27,In-person
6418,***,***,42,Software Engineering,2027-04-28,Online
6419,***,***,31,Data Engineering,2023-01-04,Online
6420,***,***,24,Data Science,2026-02-22,Online
6421,***,***,25,Machine Learning,2026-04-13,Online
6422,***,***,32,Software Engineering,2024-04-27,Online
6423,***,***,23,Data Engineering,2027-05-03,In-person
6424,***,***,31,Data Science,2026-06-29,In-person
6425,***,***,23,Data Science,2026-04-25,Online
6426,***,***,45,Machine Learning,2023-05-28,Online
6427,***,***,26,Data Science,2026-08-14,Online
6428,***,***,43,Software Engineering,2025-06-05,In-person
6429,***,***,24,Data Science,2025-04-16,In-person
6430,***,***,23,Web development,2027-08-24,Online
6431,***,***,44,Data Science,2024-10-25,In-person
6432,***,***,32,Machine Learning,2025-05-06,Online
6433,***,***,42,Data Science,2025-11-13,In-person
6434,***,***,23,Web development,2023-04-07,Online
6435,***,***,32,Data Engineering,2026-01-23,In-person
6436,***,***,35,Data Science,2023-03-03,In-person
6437,***,***,32,Data Engineering,2027-03-16,In-person
6438,***,***,28,Software Engineering,2026-07-26,Online
6439,***,***,44,Web development,2024-03-25,Online
6440,***,***,27,Software Engineering,2022-12-31,In-person
6441,***,***,31,Machine Learning,2025-12-05,In-person
6442,***,***,33,Machine Learning,2027-06-19,Online
6443,***,***,26,Machine Learning,2026-03-23,Online
6444,***,***,27,Data Engineering,2026-02-07,Online
6445,***,***,36,Machine Learning,2026-11-04,In-person
6446,***,***,40,Data Science,2026-07-10,In-person
6447,***,***,25,Data Engineering,2026-07-26,In-person
6448,***,***,23,Machine Learning,2023-02-17,In-person
6449,***,***,26,Data Engineering,2027-09-12,Online
6450,***,***,37,Data Science,2026-05-22,In-person
6451,***,***,26,Software Engineering,2027-03-22,In-person
6452,***,***,34,Web development,2026-11-23,Online
6453,***,***,38,Machine Learning,2023-03-12,In-person
6454,***,***,42,Data Engineering,2024-11-13,In-person
6455,***,***,27,Software Engineering,2022-11-06,In-person
6456,***,***,24,Machine Learning,2026-06-16,Online
6457,***,***,24,Software Engineering,2025-02-12,Online
6458,***,***,27,Data Science,2023-01-24,In-person
6459,***,***,32,Web development,2027-01-07,Online
6460,***,***,28,Data Science,2023-07-18,In-person
6461,***,***,34,Machine Learning,2025-12-08,Online
6462,***,***,23,Data Science,2024-06-20,Online
6463,***,***,39,Data Science,2023-07-28,In-person
6464,***,***,22,Machine Learning,2025-10-04,In-person
6465,***,***,37,Data Science,2025-12-02,In-person
6466,***,***,32,Data Engineering,2025-08-13,Online
6467,***,***,37,Data Science,2024-06-07,In-person
6468,***,***,24,Web development,2027-10-12,In-person
6469,***,***,43,Web development,2023-04-18,In-person
6470,***,***,27,Software Engineering,2026-11-12,Online
6471,***,***,41,Data Engineering,2025-12-14,In-person
6472,***,***,23,Data Science,2024-07-18,Online
6473,***,***,22,Machine Learning,2026-12-03,Online
6474,***,***,38,Software Engineering,2025-04-08,Online
6475,***,***,44,Software Engineering,2026-04-01,In-person
6476,***,***,26,Software Engineering,2023-07-18,In-person
6477,***,***,44,Software Engineering,2024-10-10,In-person
6478,***,***,28,Software Engineering,2026-05-24,In-person
6479,***,***,34,Machine Learning,2025-03-13,In-person
6480,***,***,32,Web development,2025-09-14,Online
6481,***,***,24,Web development,2023-03-25,In-person
6482,***,***,39,Data Engineering,2027-09-21,In-person
6483,***,***,32,Data Science,2027-05-26,In-person
6484,***,***,45,Data Science,2026-07-08,In-person
6485,***,***,37,Data Science,2023-03-22,Online
6486,***,***,28,Machine Learning,2027-08-28,Online
6487,***,***,42,Software Engineering,2023-07-30,Online
6488,***,***,31,Machine Learning,2025-12-13,In-person
6489,***,***,45,Machine Learning,2024-01-04,Online
6490,***,***,44,Software Engineering,2022-12-13,In-person
6491,***,***,36,Web development,2025-07-20,In-person
6492,***,***,28,Data Engineering,2026-05-28,Online
6493,***,***,41,Data Engineering,2026-03-10,Online
6494,***,***,40,Data Science,2024-03-07,In-person
6495,***,***,23,Web development,2024-11-05,In-person
6496,***,***,44,Web development,2026-11-01,In-person
6497,***,***,44,Data Science,2026-04-18,Online
6498,***,***,30,Web development,2027-02-24,Online
6499,***,***,33,Data Engineering,2022-10-27,In-person
6500,***,***,25,Software Engineering,2025-02-09,In-person
6501,***,***,41,Software Engineering,2026-09-27,Online
6502,***,***,35,Machine Learning,2025-01-17,In-person
6503,***,***,31,Machine Learning,2024-06-10,Online
6504,***,***,35,Web development,2026-11-27,Online
6505,***,***,27,Web development,2026-11-30,In-person
6506,***,***,24,Data Science,2026-11-03,Online
6507,***,***,25,Machine Learning,2025-03-15,In-person
6508,***,***,26,Web development,2027-10-02,Online
6509,***,***,45,Machine Learning,2025-12-29,Online
6510,***,***,33,Web development,2026-08-02,Online
6511,***,***,42,Machine Learning,2026-09-09,Online
6512,***,***,37,Web development,2023-08-20,Online
6513,***,***,42,Machine Learning,2024-10-03,In-person
6514,***,***,38,Data Science,2024-05-11,In-person
6515,***,***,38,Data Science,2026-08-31,Online
6516,***,***,45,Web development,2025-05-27,Online
6517,***,***,27,Data Science,2023-08-12,Online
6518,***,***,44,Data Engineering,2027-09-09,Online
6519,***,***,42,Machine Learning,2027-08-25,In-person
6520,***,***,23,Web development,2023-01-12,Online
6521,***,***,25,Data Engineering,2022-11-13,Online
6522,***,***,38,Web development,2023-06-09,Online
6523,***,***,29,Data Science,2023-04-27,In-person
6524,***,***,40,Data Engineering,2025-10-16,In-person
6525,***,***,36,Data Engineering,2025-08-12,Online
6526,***,***,24,Software Engineering,2025-09-03,Online
6527,***,***,37,Software Engineering,2027-06-21,In-person
6528,***,***,45,Data Science,2025-12-18,Online
6529,***,***,39,Data Engineering,2027-01-24,In-person
6530,***,***,39,Data Science,2027-07-03,Online
6531,***,***,43,Software Engineering,2023-01-28,In-person
6532,***,***,35,Data Engineering,2027-06-20,Online
6533,***,***,26,Web development,2025-08-16,Online
6534,***,***,39,Data Engineering,2023-10-14,Online
6535,***,***,30,Software Engineering,2026-09-24,Online
6536,***,***,31,Data Engineering,2023-11-29,In-person
6537,***,***,44,Software Engineering,2024-07-27,Online
6538,***,***,31,Machine Learning,2026-07-15,In-person
6539,***,***,44,Machine Learning,2027-02-24,In-person
6540,***,***,29,Data Science,2024-10-04,In-person
6541,***,***,40,Software Engineering,2024-06-04,In-person
6542,***,***,28,Web development,2026-05-04,Online
6543,***,***,32,Data Science,2024-01-17,In-person
6544,***,***,28,Data Engineering,2024-12-30,Online
6545,***,***,29,Data Science,2025-12-14,Online
6546,***,***,37,Web development,2027-06-01,Online
6547,***,***,23,Data Science,2024-11-02,Online
6548,***,***,26,Software Engineering,2023-12-29,In-person
6549,***,***,22,Data Science,2025-06-10,In-person
6550,***,***,39,Data Science,2025-07-13,Online
6551,***,***,32,Machine Learning,2023-01-08,In-person
6552,***,***,40,Web development,2027-06-20,In-person
6553,***,***,29,Data Engineering,2022-11-10,Online
6554,***,***,33,Machine Learning,2026-04-15,In-person
6555,***,***,35,Machine Learning,2024-11-05,In-person
6556,***,***,30,Software Engineering,2022-10-22,In-person
6557,***,***,30,Data Engineering,2025-05-23,Online
6558,***,***,31,Software Engineering,2025-02-10,In-person
6559,***,***,41,Web development,2023-09-19,In-person
6560,***,***,35,Data Engineering,2022-12-13,In-person
6561,***,***,40,Machine Learning,2026-07-11,Online
6562,***,***,36,Web development,2025-02-21,Online
6563,***,***,39,Machine Learning,2027-09-18,Online
6564,***,***,43,Software Engineering,2025-02-22,Online
6565,***,***,36,Software Engineering,2024-08-28,Online
6566,***,***,44,Data Science,2025-12-05,Online
6567,***,***,24,Data Science,2023-06-23,In-person
6568,***,***,42,Data Science,2025-09-08,In-person
6569,***,***,37,Data Engineering,2025-06-25,Online
6570,***,***,37,Data Science,2025-06-23,In-person
6571,***,***,36,Machine Learning,2022-11-16,In-person
6572,***,***,32,Data Science,2024-12-22,In-person
6573,***,***,41,Machine Learning,2023-04-16,Online
6574,***,***,28,Data Engineering,2023-06-21,Online
6575,***,***,29,Data Science,2027-07-10,Online
6576,***,***,29,Data Science,2027-01-22,Online
6577,***,***,45,Machine Learning,2027-04-10,In-person
6578,***,***,26,Web development,2023-01-01,Online
6579,***,***,24,Software Engineering,2025-01-02,Online
6580,***,***,41,Data Engineering,2023-09-10,Online
6581,***,***,26,Web development,2024-02-22,In-person
6582,***,***,45,Machine Learning,2025-10-11,In-person
6583,***,***,45,Data Engineering,2023-02-15,In-person
6584,***,***,31,Data Science,2024-01-05,Online
6585,***,***,39,Data Science,2022-12-10,In-person
6586,***,***,24,Machine Learning,2024-04-02,In-person
6587,***,***,31,Web development,2027-03-15,Online
6588,***,***,26,Machine Learning,2025-03-18,In-person
6589,***,***,44,Software Engineering,2025-11-08,Online
6590,***,***,25,Software Engineering,2026-09-23,In-person
6591,***,***,38,Web development,2022-11-18,In-person
6592,***,***,39,Data Science,2023-08-24,Online
6593,***,***,25,Software Engineering,2025-08-26,Online
6594,***,***,42,Software Engineering,2024-01-03,In-person
6595,***,***,41,Data Engineering,2023-12-08,Online
6596,***,***,24,Software Engineering,2027-03-21,Online
6597,***,***,25,Web development,2023-03-06,In-person
6598,***,***,28,Data Science,2024-02-13,In-person
6599,***,***,24,Software Engineering,2026-04-25,In-person
6600,***,***,24,Data Engineering,2025-05-10,Online
6601,***,***,27,Machine Learning,2025-05-12,Online
6602,***,***,24,Data Engineering,2024-09-26,Online
6603,***,***,39,Web development,2023-01-03,Online
6604,***,***,39,Machine Learning,2025-11-04,In-person
6605,***,***,43,Data Engineering,2026-03-22,Online
6606,***,***,35,Software Engineering,2024-02-17,In-person
6607,***,***,39,Machine Learning,2023-08-12,Online
6608,***,***,33,Data Engineering,2025-03-20,In-person
6609,***,***,41,Data Engineering,2024-05-03,In-person
6610,***,***,43,Data Science,2024-04-07,Online
6611,***,***,44,Web development,2024-08-30,In-person
6612,***,***,29,Software Engineering,2024-04-05,Online
6613,***,***,36,Software Engineering,2025-03-28,In-person
6614,***,***,31,Web development,2026-09-09,In-person
6615,***,***,42,Web development,2027-01-04,In-person
6616,***,***,36,Data Engineering,2026-06-30,Online
6617,***,***,22,Data Science,2023-03-03,Online
6618,***,***,24,Web development,2024-04-01,In-person
6619,***,***,29,Software Engineering,2023-07-23,In-person
6620,***,***,34,Data Science,2022-12-14,Online
6621,***,***,38,Data Engineering,2024-02-23,In-person
6622,***,***,26,Machine Learning,2025-03-19,Online
6623,***,***,36,Web development,2024-06-24,Online
6624,***,***,33,Machine Learning,2026-06-18,In-person
6625,***,***,22,Data Science,2026-08-28,In-person
6626,***,***,28,Software Engineering,2023-03-11,Online
6627,***,***,36,Web development,2026-03-06,Online
6628,***,***,31,Machine Learning,2026-08-24,In-person
6629,***,***,23,Web development,2024-04-27,In-person
6630,***,***,22,Data Science,2025-07-29,Online
6631,***,***,31,Data Engineering,2024-07-23,In-person
6632,***,***,41,Software Engineering,2024-11-16,In-person
6633,***,***,36,Software Engineering,2025-10-12,Online
6634,***,***,23,Data Science,2023-05-24,In-person
6635,***,***,27,Data Engineering,2027-02-06,In-person
6636,***,***,24,Software Engineering,2027-06-15,Online
6637,***,***,26,Data Engineering,2024-12-01,In-person
6638,***,***,27,Software Engineering,2026-01-30,Online
6639,***,***,38,Data Science,2027-02-13,Online
6640,***,***,40,Software Engineering,2027-10-12,In-person
6641,***,***,39,Data Science,2023-05-19,In-person
6642,***,***,34,Software Engineering,2027-08-18,Online
6643,***,***,27,Web development,2024-11-08,In-person
6644,***,***,35,Software Engineering,2027-07-26,In-person
6645,***,***,37,Software Engineering,2024-07-18,Online
6646,***,***,32,Data Engineering,2024-06-22,Online
6647,***,***,41,Software Engineering,2024-05-21,In-person
6648,***,***,35,Machine Learning,2024-12-06,In-person
6649,***,***,43,Web development,2026-03-23,Online
6650,***,***,24,Web development,2026-02-14,Online
6651,***,***,44,Web development,2025-10-07,In-person
6652,***,***,22,Web development,2026-01-07,Online
6653,***,***,37,Machine Learning,2025-12-06,Online
6654,***,***,42,Data Science,2025-12-14,Online
6655,***,***,27,Machine Learning,2024-12-09,In-person
6656,***,***,23,Machine Learning,2027-03-15,In-person
6657,***,***,30,Machine Learning,2024-04-13,Online
6658,***,***,24,Web development,2022-10-21,Online
6659,***,***,34,Machine Learning,2024-08-26,Online
6660,***,***,27,Web development,2024-09-30,Online
6661,***,***,42,Data Science,2023-12-21,In-person
6662,***,***,28,Data Engineering,2023-10-07,Online
6663,***,***,40,Software Engineering,2025-10-09,Online
6664,***,***,40,Software Engineering,2024-03-06,Online
6665,***,***,24,Web development,2025-05-23,Online
6666,***,***,45,Software Engineering,2025-03-20,In-person
6667,***,***,33,Software Engineering,2026-01-04,In-person
6668,***,***,26,Data Engineering,2025-12-19,Online
6669,***,***,29,Machine Learning,2027-07-10,Online
6670,***,***,34,Machine Learning,2026-04-28,Online
6671,***,***,24,Data Science,2025-02-05,In-person
6672,***,***,44,Software Engineering,2025-04-21,In-person
6673,***,***,44,Software Engineering,2026-06-11,Online
6674,***,***,42,Software Engineering,2027-03-14,In-person
6675,***,***,31,Machine Learning,2025-06-13,In-person
6676,***,***,28,Machine Learning,2025-06-21,Online
6677,***,***,37,Data Engineering,2024-07-16,In-person
6678,***,***,37,Machine Learning,2026-03-11,In-person
6679,***,***,24,Software Engineering,2022-12-31,Online
6680,***,***,29,Machine Learning,2026-10-06,In-person
6681,***,***,23,Machine Learning,2026-05-27,In-person
6682,***,***,26,Data Engineering,2023-07-14,Online
6683,***,***,31,Data Science,2027-06-15,Online
6684,***,***,42,Machine Learning,2027-09-06,In-person
6685,***,***,39,Web development,2023-09-14,In-person
6686,***,***,26,Data Science,2024-09-19,In-person
6687,***,***,29,Web development,2027-06-10,Online
6688,***,***,38,Web development,2027-03-28,Online
6689,***,***,37,Software Engineering,2024-04-30,In-person
6690,***,***,30,Software Engineering,2027-02-18,Online
6691,***,***,41,Web development,2025-01-06,Online
6692,***,***,26,Machine Learning,2024-07-25,In-person
6693,***,***,41,Software Engineering,2026-05-05,Online
6694,***,***,26,Machine Learning,2024-07-22,In-person
6695,***,***,32,Machine Learning,2025-04-27,In-person
6696,***,***,39,Software Engineering,2023-01-25,In-person
6697,***,***,24,Software Engineering,2024-12-28,In-person
6698,***,***,44,Data Science,2024-09-01,Online
6699,***,***,25,Web development,2025-07-09,In-person
6700,***,***,34,Web development,2026-01-13,In-person
6701,***,***,44,Data Science,2026-04-07,In-person
6702,***,***,22,Data Science,2024-07-14,In-person
6703,***,***,44,Data Engineering,2025-12-07,In-person
6704,***,***,38,Software Engineering,2024-04-27,Online
6705,***,***,43,Data Engineering,2026-01-23,Online
6706,***,***,22,Machine Learning,2025-10-11,In-person
6707,***,***,34,Data Science,2025-07-18,In-person
6708,***,***,39,Machine Learning,2024-02-08,Online
6709,***,***,39,Data Engineering,2023-08-21,Online
6710,***,***,25,Software Engineering,2023-11-26,In-person
6711,***,***,32,Data Science,2024-08-24,In-person
6712,***,***,27,Software Engineering,2025-12-29,Online
6713,***,***,45,Data Science,2025-10-06,Online
6714,***,***,33,Data Science,2026-07-20,Online
6715,***,***,25,Data Science,2025-02-11,In-person
6716,***,***,43,Machine Learning,2024-05-01,Online
6717,***,***,42,Software Engineering,2027-09-13,In-person
6718,***,***,27,Web development,2026-01-15,Online
6719,***,***,29,Machine Learning,2026-03-23,In-person
6720,***,***,41,Data Engineering,2022-11-07,Online
6721,***,***,41,Web development,2026-12-04,In-person
6722,***,***,40,Data Science,2024-06-04,Online
6723,***,***,28,Data Science,2026-03-03,In-person
6724,***,***,29,Machine Learning,2023-02-22,In-person
6725,***,***,32,Software Engineering,2022-11-08,In-person
6726,***,***,23,Software Engineering,2024-02-12,Online
6727,***,***,36,Data Engineering,2023-05-19,In-person
6728,***,***,36,Web development,2027-03-27,In-person
6729,***,***,29,Data Engineering,2026-01-14,Online
6730,***,***,44,Software Engineering,2027-06-27,Online
6731,***,***,43,Software Engineering,2022-12-24,Online
6732,***,***,45,Software Engineering,2024-07-14,In-person
6733,***,***,36,Data Science,2024-01-26,Online
6734,***,***,44,Web development,2022-11-27,Online
6735,***,***,35,Web development,2024-07-21,Online
6736,***,***,44,Data Engineering,2025-05-14,Online
6737,***,***,43,Machine Learning,2022-12-28,Online
6738,***,***,27,Data Science,2023-11-25,In-person
6739,***,***,39,Data Science,2022-12-28,Online
6740,***,***,34,Web development,2023-04-15,In-person
6741,***,***,33,Software Engineering,2025-04-09,Online
6742,***,***,32,Web development,2025-01-07,In-person
6743,***,***,23,Software Engineering,2023-05-21,Online
6744,***,***,35,Data Engineering,2024-02-03,In-person
6745,***,***,36,Data Science,2024-04-20,In-person
6746,***,***,36,Software Engineering,2023-09-26,Online
6747,***,***,22,Machine Learning,2024-11-11,Online
6748,***,***,23,Data Science,2024-10-15,In-person
6749,***,***,42,Data Science,2026-10-29,Online
6750,***,***,33,Data Science,2026-09-07,In-person
6751,***,***,23,Web development,2023-08-17,Online
6752,***,***,23,Software Engineering,2024-12-14,Online
6753,***,***,22,Machine Learning,2024-05-10,Online
6754,***,***,39,Machine Learning,2023-05-12,Online
6755,***,***,44,Data Science,2027-08-18,In-person
6756,***,***,25,Software Engineering,2026-04-30,Online
6757,***,***,36,Data Engineering,2023-06-17,Online
6758,***,***,40,Software Engineering,2026-07-18,In-person
6759,***,***,43,Web development,2023-03-14,In-person
6760,***,***,44,Data Engineering,2023-07-22,Online
6761,***,***,42,Software Engineering,2026-12-16,In-person
6762,***,***,23,Web development,2026-03-27,Online
6763,***,***,29,Machine Learning,2026-07-07,Online
6764,***,***,30,Machine Learning,2027-09-29,Online
6765,***,***,37,Software Engineering,2027-06-19,Online
6766,***,***,44,Software Engineering,2024-03-08,Online
6767,***,***,43,Machine Learning,2026-09-21,In-person
6768,***,***,41,Data Science,2027-06-22,In-person
6769,***,***,22,Software Engineering,2027-04-19,In-person
6770,***,***,35,Software Engineering,2023-06-22,In-person
6771,***,***,25,Data Engineering,2026-05-24,In-person
6772,***,***,31,Data Science,2023-01-27,Online
6773,***,***,29,Data Engineering,2027-04-03,In-person
6774,***,***,23,Data Engineering,2026-01-31,Online
6775,***,***,23,Software Engineering,2026-05-25,In-person
6776,***,***,30,Software Engineering,2025-12-13,Online
6777,***,***,43,Web development,2024-07-27,In-person
6778,***,***,37,Web development,2027-10-12,In-person
6779,***,***,22,Data Science,2026-01-19,In-person
6780,***,***,24,Data Science,2024-09-26,Online
6781,***,***,30,Data Engineering,2025-07-31,In-person
6782,***,***,35,Machine Learning,2024-05-19,In-person
6783,***,***,43,Data Science,2025-07-26,In-person
6784,***,***,25,Data Science,2026-01-14,In-person
6785,***,***,38,Machine Learning,2025-01-05,In-person
6786,***,***,37,Data Science,2023-02-19,Online
6787,***,***,41,Data Engineering,2027-08-19,Online
6788,***,***,35,Software Engineering,2024-10-30,Online
6789,***,***,22,Machine Learning,2026-02-09,Online
6790,***,***,30,Machine Learning,2024-08-24,In-person
6791,***,***,28,Data Science,2026-09-08,In-person
6792,***,***,23,Machine Learning,2024-10-12,Online
6793,***,***,29,Web development,2027-10-11,Online
6794,***,***,22,Data Engineering,2027-04-13,Online
6795,***,***,39,Data Engineering,2026-09-21,Online
6796,***,***,45,Data Science,2024-12-10,In-person
6797,***,***,24,Data Engineering,2024-10-19,In-person
6798,***,***,41,Data Engineering,2024-09-02,In-person
6799,***,***,44,Data Science,2024-01-16,In-person
6800,***,***,23,Web development,2024-08-14,Online
6801,***,***,40,Machine Learning,2025-06-18,Online
6802,***,***,23,Data Engineering,2027-08-11,Online
6803,***,***,22,Data Science,2026-09-12,Online
6804,***,***,42,Machine Learning,2025-10-24,In-person
6805,***,***,45,Data Science,2025-10-08,In-person
6806,***,***,35,Data Engineering,2024-10-22,Online
6807,***,***,31,Data Engineering,2023-03-17,In-person
6808,***,***,45,Machine Learning,2026-02-11,In-person
6809,***,***,33,Machine Learning,2023-05-14,In-person
6810,***,***,42,Software Engineering,2026-02-20,Online
6811,***,***,34,Machine Learning,2025-05-04,In-person
6812,***,***,40,Data Engineering,2026-05-25,Online
6813,***,***,45,Data Engineering,2023-01-02,In-person
6814,***,***,36,Web development,2023-01-19,In-person
6815,***,***,23,Data Science,2023-12-01,Online
6816,***,***,32,Web development,2024-01-04,In-person
6817,***,***,38,Software Engineering,2025-06-15,Online
6818,***,***,27,Software Engineering,2024-08-13,In-person
6819,***,***,25,Data Science,2025-01-12,In-person
6820,***,***,31,Software Engineering,2024-02-03,In-person
6821,***,***,43,Data Science,2025-08-19,In-person
6822,***,***,33,Web development,2024-06-03,In-person
6823,***,***,29,Software Engineering,2025-02-28,Online
6824,***,***,34,Machine Learning,2026-01-22,Online
6825,***,***,32,Data Engineering,2025-12-16,In-person
6826,***,***,29,Web development,2027-05-30,In-person
6827,***,***,42,Software Engineering,2024-11-16,In-person
6828,***,***,40,Software Engineering,2026-07-18,In-person
6829,***,***,43,Web development,2023-11-01,In-person
6830,***,***,37,Machine Learning,2022-11-29,In-person
6831,***,***,27,Data Engineering,2027-05-20,Online
6832,***,***,23,Web development,2027-05-29,In-person
6833,***,***,27,Web development,2026-10-26,Online
6834,***,***,26,Software Engineering,2023-08-07,Online
6835,***,***,27,Machine Learning,2024-05-11,Online
6836,***,***,27,Software Engineering,2023-03-13,In-person
6837,***,***,35,Web development,2024-10-26,Online
6838,***,***,44,Machine Learning,2023-04-21,In-person
6839,***,***,24,Software Engineering,2025-09-01,In-person
6840,***,***,35,Machine Learning,2024-07-03,In-person
6841,***,***,39,Data Science,2025-04-10,Online
6842,***,***,38,Data Science,2027-05-10,Online
6843,***,***,34,Web development,2023-09-27,In-person
6844,***,***,28,Web development,2023-07-06,In-person
6845,***,***,45,Data Science,2025-06-30,Online
6846,***,***,33,Web development,2026-03-19,In-person
6847,***,***,39,Web development,2025-11-09,In-person
6848,***,***,22,Data Engineering,2027-03-21,In-person
6849,***,***,24,Web development,2027-06-03,Online
6850,***,***,45,Software Engineering,2023-09-20,Online
6851,***,***,23,Machine Learning,2027-09-16,In-person
6852,***,***,43,Data Engineering,2027-07-01,In-person
6853,***,***,27,Web development,2027-06-19,Online
6854,***,***,44,Web development,2024-12-24,In-person
6855,***,***,41,Data Science,2026-09-05,In-person
6856,***,***,43,Data Engineering,2026-09-28,Online
6857,***,***,36,Software Engineering,2025-09-27,In-person
6858,***,***,27,Machine Learning,2027-10-13,In-person
6859,***,***,33,Data Engineering,2025-02-07,Online
6860,***,***,39,Software Engineering,2024-09-03,Online
6861,***,***,33,Data Engineering,2026-12-09,In-person
6862,***,***,33,Web development,2025-06-02,In-person
6863,***,***,34,Software Engineering,2027-06-27,Online
6864,***,***,42,Web development,2024-07-09,In-person
6865,***,***,39,Web development,2026-03-08,In-person
6866,***,***,33,Software Engineering,2022-11-21,In-person
6867,***,***,38,Machine Learning,2027-07-12,Online
6868,***,***,38,Data Science,2026-03-14,In-person
6869,***,***,39,Data Science,2024-08-21,Online
6870,***,***,35,Machine Learning,2027-02-21,In-person
6871,***,***,26,Data Science,2025-12-19,Online
6872,***,***,37,Data Science,2025-06-24,Online
6873,***,***,30,Software Engineering,2024-10-10,In-person
6874,***,***,43,Machine Learning,2023-11-13,In-person
6875,***,***,29,Data Engineering,2025-03-17,Online
6876,***,***,35,Machine Learning,2024-12-20,In-person
6877,***,***,31,Machine Learning,2022-12-14,In-person
6878,***,***,31,Data Engineering,2023-11-11,In-person
6879,***,***,33,Data Science,2024-01-02,In-person
6880,***,***,23,Data Engineering,2025-09-12,In-person
6881,***,***,34,Software Engineering,2025-07-24,Online
6882,***,***,26,Software Engineering,2025-02-23,Online
6883,***,***,32,Software Engineering,2023-12-01,Online
6884,***,***,43,Web development,2027-04-05,In-person
6885,***,***,39,Data Engineering,2026-12-01,Online
6886,***,***,22,Machine Learning,2023-11-03,Online
6887,***,***,24,Data Science,2026-01-02,In-person
6888,***,***,23,Machine Learning,2025-11-22,Online
6889,***,***,26,Software Engineering,2025-07-17,In-person
6890,***,***,24,Software Engineering,2023-08-01,In-person
6891,***,***,42,Data Science,2025-11-06,In-person
6892,***,***,29,Data Engineering,2025-01-02,In-person
6893,***,***,33,Data Engineering,2024-07-27,Online
6894,***,***,30,Machine Learning,2025-01-13,In-person
6895,***,***,34,Data Engineering,2023-01-12,In-person
6896,***,***,29,Data Science,2027-03-11,In-person
6897,***,***,25,Machine Learning,2027-07-03,Online
6898,***,***,33,Data Science,2023-02-28,Online
6899,***,***,41,Machine Learning,2024-12-19,Online
6900,***,***,37,Machine Learning,2024-01-20,Online
6901,***,***,37,Software Engineering,2025-08-28,In-person
6902,***,***,45,Web development,2025-04-18,Online
6903,***,***,40,Web development,2026-03-29,Online
6904,***,***,22,Software Engineering,2023-04-06,Online
6905,***,***,36,Data Science,2026-10-13,In-person
6906,***,***,26,Software Engineering,2023-08-27,In-person
6907,***,***,37,Web development,2024-10-15,In-person
6908,***,***,36,Data Engineering,2023-04-23,In-person
6909,***,***,35,Machine Learning,2026-07-20,In-person
6910,***,***,26,Data Science,2025-07-29,Online
6911,***,***,28,Data Science,2025-08-12,Online
6912,***,***,23,Machine Learning,2025-10-23,Online
6913,***,***,41,Machine Learning,2026-04-29,In-person
6914,***,***,23,Software Engineering,2023-07-09,Online
6915,***,***,22,Data Science,2023-11-27,Online
6916,***,***,31,Software Engineering,2024-12-21,In-person
6917,***,***,28,Software Engineering,2024-10-04,Online
6918,***,***,34,Software Engineering,2025-10-08,In-person
6919,***,***,23,Data Engineering,2027-09-01,Online
6920,***,***,41,Software Engineering,2022-10-20,Online
6921,***,***,34,Data Engineering,2025-11-20,Online
6922,***,***,24,Data Engineering,2025-01-18,Online
6923,***,***,22,Data Engineering,2024-08-25,Online
6924,***,***,33,Machine Learning,2024-09-29,In-person
6925,***,***,32,Machine Learning,2023-02-05,Online
6926,***,***,35,Data Science,2026-01-03,In-person
6927,***,***,38,Machine Learning,2026-04-01,In-person
6928,***,***,45,Data Engineering,2027-07-19,In-person
6929,***,***,28,Machine Learning,2026-03-24,Online
6930,***,***,23,Web development,2024-10-30,In-person
6931,***,***,24,Data Engineering,2024-02-28,Online
6932,***,***,42,Data Science,2025-04-16,In-person
6933,***,***,42,Software Engineering,2025-05-23,In-person
6934,***,***,43,Software Engineering,2026-02-28,Online
6935,***,***,37,Software Engineering,2025-11-08,Online
6936,***,***,43,Machine Learning,2025-05-23,In-person
6937,***,***,40,Web development,2026-04-12,Online
6938,***,***,43,Web development,2024-08-27,In-person
6939,***,***,28,Web development,2025-09-20,In-person
6940,***,***,33,Data Science,2025-01-25,In-person
6941,***,***,38,Data Engineering,2023-01-24,Online
6942,***,***,43,Data Science,2024-11-08,In-person
6943,***,***,45,Data Science,2024-04-06,In-person
6944,***,***,43,Data Science,2024-06-07,In-person
6945,***,***,26,Web development,2027-10-15,In-person
6946,***,***,22,Data Engineering,2024-10-09,In-person
6947,***,***,29,Data Science,2027-04-18,In-person
6948,***,***,24,Data Science,2023-07-12,In-person
6949,***,***,31,Data Science,2026-12-06,Online
6950,***,***,24,Web development,2025-09-27,In-person
6951,***,***,29,Web development,2027-03-01,Online
6952,***,***,45,Data Engineering,2027-08-01,In-person
6953,***,***,22,Software Engineering,2024-07-24,In-person
6954,***,***,38,Data Science,2025-01-10,Online
6955,***,***,40,Software Engineering,2026-04-16,In-person
6956,***,***,41,Machine Learning,2023-06-13,In-person
6957,***,***,23,Software Engineering,2026-08-23,In-person
6958,***,***,33,Data Engineering,2026-12-17,In-person
6959,***,***,32,Data Science,2023-01-13,In-person
6960,***,***,44,Web development,2026-12-06,Online
6961,***,***,43,Web development,2025-11-27,Online
6962,***,***,25,Data Science,2026-09-30,In-person
6963,***,***,42,Web development,2024-01-30,In-person
6964,***,***,26,Web development,2027-08-25,Online
6965,***,***,25,Data Engineering,2025-01-15,Online
6966,***,***,38,Data Engineering,2024-07-20,Online
6967,***,***,27,Machine Learning,2026-03-26,In-person
6968,***,***,45,Machine Learning,2023-11-22,Online
6969,***,***,40,Machine Learning,2027-03-13,In-person
6970,***,***,33,Machine Learning,2023-01-06,Online
6971,***,***,34,Software Engineering,2024-02-27,Online
6972,***,***,45,Data Engineering,2025-08-27,In-person
6973,***,***,30,Software Engineering,2024-06-01,Online
6974,***,***,45,Data Engineering,2025-09-10,In-person
6975,***,***,31,Data Engineering,2023-11-27,In-person
6976,***,***,23,Machine Learning,2024-02-20,In-person
6977,***,***,28,Web development,2026-02-22,Online
6978,***,***,29,Data Science,2027-02-16,In-person
6979,***,***,43,Data Engineering,2023-09-23,Online
6980,***,***,22,Software Engineering,2024-11-09,Online
6981,***,***,34,Machine Learning,2023-02-10,Online
6982,***,***,38,Web development,2025-02-11,Online
6983,***,***,28,Software Engineering,2026-08-29,In-person
6984,***,***,37,Data Engineering,2027-07-31,In-person
6985,***,***,44,Web development,2025-07-24,Online
6986,***,***,35,Data Engineering,2027-04-18,Online
6987,***,***,25,Software Engineering,2025-05-21,In-person
6988,***,***,35,Data Science,2027-05-26,In-person
6989,***,***,23,Software Engineering,2024-01-13,Online
6990,***,***,38,Machine Learning,2026-02-11,Online
6991,***,***,43,Data Engineering,2026-08-26,In-person
6992,***,***,23,Data Science,2023-10-28,Online
6993,***,***,31,Software Engineering,2023-03-20,Online
6994,***,***,35,Data Engineering,2024-07-10,Online
6995,***,***,30,Software Engineering,2026-03-27,Online
6996,***,***,27,Data Science,2026-07-08,In-person
6997,***,***,23,Software Engineering,2023-09-11,In-person
6998,***,***,36,Software Engineering,2025-03-23,Online
6999,***,***,35,Data Engineering,2023-02-16,Online
7000,***,***,26,Web development,2027-07-22,In-person
7001,***,***,36,Data Science,2026-09-28,In-person
7002,***,***,25,Data Science,2025-08-15,Online
7003,***,***,31,Data Engineering,2023-04-29,Online
7004,***,***,32,Software Engineering,2026-09-07,Online
7005,***,***,22,Data Engineering,2024-06-27,Online
7006,***,***,34,Data Science,2025-06-16,In-person
7007,***,***,27,Machine Learning,2027-06-16,In-person
7008,***,***,26,Data Science,2023-11-04,In-person
7009,***,***,25,Software Engineering,2024-02-21,In-person
7010,***,***,36,Machine Learning,2027-08-29,In-person
7011,***,***,45,Data Engineering,2023-09-13,Online
7012,***,***,33,Data Engineering,2025-03-20,Online
7013,***,***,25,Web development,2026-01-11,In-person
7014,***,***,31,Software Engineering,2027-03-28,In-person
7015,***,***,45,Software Engineering,2024-11-09,Online
7016,***,***,45,Web development,2025-01-14,Online
7017,***,***,27,Machine Learning,2024-12-23,In-person
7018,***,***,41,Software Engineering,2027-04-22,Online
7019,***,***,29,Data Engineering,2026-10-01,In-person
7020,***,***,37,Web development,2027-04-23,Online
7021,***,***,33,Web development,2023-06-16,Online
7022,***,***,31,Data Engineering,2025-03-07,Online
7023,***,***,41,Software Engineering,2024-05-13,In-person
7024,***,***,29,Web development,2023-02-18,In-person
7025,***,***,33,Machine Learning,2026-04-11,Online
7026,***,***,34,Software Engineering,2024-07-18,Online
7027,***,***,35,Machine Learning,2026-09-13,Online
7028,***,***,31,Machine Learning,2026-02-01,Online
7029,***,***,33,Data Science,2024-07-17,Online
7030,***,***,28,Data Science,2024-05-27,Online
7031,***,***,45,Software Engineering,2026-11-24,Online
7032,***,***,26,Data Engineering,2022-10-18,In-person
7033,***,***,41,Machine Learning,2024-10-14,Online
7034,***,***,27,Web development,2025-03-17,Online
7035,***,***,33,Data Engineering,2024-10-12,In-person
7036,***,***,32,Software Engineering,2024-06-08,In-person
7037,***,***,26,Data Engineering,2025-11-15,Online
7038,***,***,32,Data Science,2025-05-23,Online
7039,***,***,43,Web development,2023-02-25,In-person
7040,***,***,34,Web development,2023-09-28,Online
7041,***,***,41,Web development,2025-11-14,In-person
7042,***,***,24,Web development,2023-07-16,Online
7043,***,***,42,Web development,2024-04-28,In-person
7044,***,***,30,Data Engineering,2023-10-23,Online
7045,***,***,43,Machine Learning,2026-09-26,Online
7046,***,***,25,Machine Learning,2023-04-27,In-person
7047,***,***,32,Machine Learning,2025-09-05,Online
7048,***,***,28,Software Engineering,2024-03-23,In-person
7049,***,***,24,Software Engineering,2025-05-21,In-person
7050,***,***,37,Machine Learning,2025-03-15,In-person
7051,***,***,31,Web development,2025-11-07,In-person
7052,***,***,36,Data Science,2027-01-11,Online
7053,***,***,44,Software Engineering,2026-08-09,In-person
7054,***,***,27,Machine Learning,2026-01-25,In-person
7055,***,***,42,Software Engineering,2024-06-28,In-person
7056,***,***,42,Data Science,2026-04-10,Online
7057,***,***,40,Web development,2025-08-18,Online
7058,***,***,41,Machine Learning,2024-01-15,Online
7059,***,***,44,Data Engineering,2025-11-10,Online
7060,***,***,26,Web development,2027-09-02,Online
7061,***,***,42,Data Engineering,2027-05-16,In-person
7062,***,***,30,Software Engineering,2024-10-26,In-person
7063,***,***,22,Data Engineering,2027-02-15,Online
7064,***,***,35,Web development,2022-11-20,Online
7065,***,***,42,Data Science,2024-01-22,In-person
7066,***,***,39,Machine Learning,2024-08-04,Online
7067,***,***,39,Machine Learning,2025-12-23,In-person
7068,***,***,34,Web development,2026-05-28,In-person
7069,***,***,36,Data Science,2027-04-06,In-person
7070,***,***,22,Software Engineering,2023-09-07,In-person
7071,***,***,27,Data Engineering,2026-07-24,In-person
7072,***,***,41,Web development,2027-05-05,Online
7073,***,***,43,Software Engineering,2023-02-04,Online
7074,***,***,32,Machine Learning,2025-09-03,In-person
7075,***,***,22,Data Science,2024-10-12,In-person
7076,***,***,32,Web development,2025-01-28,Online
7077,***,***,27,Data Science,2023-03-24,In-person
7078,***,***,22,Machine Learning,2027-01-26,Online
7079,***,***,28,Machine Learning,2026-09-13,Online
7080,***,***,29,Software Engineering,2025-11-07,In-person
7081,***,***,27,Data Engineering,2023-01-04,Online
7082,***,***,25,Data Science,2026-08-08,Online
7083,***,***,30,Data Engineering,2026-06-20,Online
7084,***,***,23,Data Science,2023-08-29,Online
7085,***,***,25,Software Engineering,2026-05-18,In-person
7086,***,***,36,Machine Learning,2023-10-09,In-person
7087,***,***,39,Machine Learning,2025-03-28,Online
7088,***,***,37,Data Science,2023-07-26,In-person
7089,***,***,34,Web development,2024-01-06,Online
7090,***,***,43,Data Science,2023-02-18,In-person
7091,***,***,39,Data Engineering,2027-03-16,In-person
7092,***,***,24,Machine Learning,2026-03-03,In-person
7093,***,***,36,Data Engineering,2024-08-19,Online
7094,***,***,37,Data Engineering,2027-06-19,Online
7095,***,***,36,Software Engineering,2027-09-23,In-person
7096,***,***,25,Web development,2027-01-01,In-person
7097,***,***,30,Data Engineering,2027-02-18,In-person
7098,***,***,27,Data Engineering,2027-07-28,In-person
7099,***,***,34,Software Engineering,2023-03-07,In-person
7100,***,***,31,Machine Learning,2025-04-12,Online
7101,***,***,23,Machine Learning,2024-05-21,In-person
7102,***,***,31,Machine Learning,2027-06-30,In-person
7103,***,***,37,Software Engineering,2025-06-29,Online
7104,***,***,25,Software Engineering,2024-01-30,In-person
7105,***,***,24,Data Engineering,2027-07-17,Online
7106,***,***,36,Web development,2027-06-22,Online
7107,***,***,38,Software Engineering,2022-11-21,In-person
7108,***,***,43,Software Engineering,2026-04-21,In-person
7109,***,***,22,Machine Learning,2022-11-06,In-person
7110,***,***,36,Data Science,2024-12-24,In-person
7111,***,***,24,Web development,2024-12-29,Online
7112,***,***,41,Machine Learning,2025-05-19,In-person
7113,***,***,40,Machine Learning,2025-04-29,In-person
7114,***,***,38,Data Science,2025-08-26,Online
7115,***,***,34,Data Engineering,2025-06-14,Online
7116,***,***,35,Machine Learning,2027-07-04,Online
7117,***,***,39,Software Engineering,2024-08-10,Online
7118,***,***,31,Web development,2022-11-12,Online
7119,***,***,33,Data Engineering,2027-05-16,Online
7120,***,***,29,Data Science,2027-03-13,Online
7121,***,***,26,Data Science,2027-07-31,Online
7122,***,***,45,Data Engineering,2025-04-12,Online
7123,***,***,36,Data Engineering,2023-03-18,In-person
7124,***,***,38,Machine Learning,2022-11-11,Online
7125,***,***,26,Machine Learning,2027-09-10,In-person
7126,***,***,37,Web development,2026-03-18,Online
7127,***,***,31,Data Engineering,2025-02-11,In-person
7128,***,***,40,Data Engineering,2023-05-13,Online
7129,***,***,26,Data Engineering,2024-12-28,In-person
7130,***,***,40,Machine Learning,2024-12-06,Online
7131,***,***,38,Data Science,2025-08-01,In-person
7132,***,***,44,Data Science,2024-04-14,In-person
7133,***,***,40,Web development,2025-03-08,In-person
7134,***,***,27,Web development,2027-06-22,In-person
7135,***,***,34,Data Engineering,2027-04-04,Online
7136,***,***,28,Machine Learning,2026-01-21,In-person
7137,***,***,45,Data Engineering,2023-03-20,In-person
7138,***,***,24,Machine Learning,2026-01-14,Online
7139,***,***,24,Data Science,2026-02-02,In-person
7140,***,***,23,Web development,2024-02-29,In-person
7141,***,***,29,Software Engineering,2026-02-18,Online
7142,***,***,40,Data Engineering,2025-06-20,In-person
7143,***,***,39,Machine Learning,2027-02-15,Online
7144,***,***,25,Machine Learning,2022-11-03,Online
7145,***,***,32,Web development,2025-08-19,In-person
7146,***,***,24,Data Engineering,2025-11-19,Online
7147,***,***,26,Data Science,2027-05-15,Online
7148,***,***,31,Web development,2026-06-13,In-person
7149,***,***,43,Data Science,2027-03-22,In-person
7150,***,***,36,Machine Learning,2024-01-30,In-person
7151,***,***,32,Web development,2023-06-20,In-person
7152,***,***,36,Software Engineering,2025-03-14,In-person
7153,***,***,34,Web development,2027-07-02,In-person
7154,***,***,41,Machine Learning,2024-09-04,Online
7155,***,***,43,Software Engineering,2026-07-21,Online
7156,***,***,28,Software Engineering,2023-12-24,Online
7157,***,***,43,Web development,2022-11-08,Online
7158,***,***,23,Software Engineering,2024-08-18,In-person
7159,***,***,42,Machine Learning,2024-05-13,Online
7160,***,***,23,Data Science,2024-12-08,Online
7161,***,***,36,Machine Learning,2025-12-20,Online
7162,***,***,33,Data Engineering,2026-09-25,Online
7163,***,***,33,Data Science,2026-10-17,Online
7164,***,***,30,Machine Learning,2023-09-11,Online
7165,***,***,25,Web development,2024-06-26,In-person
7166,***,***,24,Software Engineering,2025-03-27,In-person
7167,***,***,38,Web development,2023-06-30,Online
7168,***,***,37,Data Science,2023-08-19,In-person
7169,***,***,36,Machine Learning,2024-12-28,In-person
7170,***,***,29,Data Engineering,2022-11-14,Online
7171,***,***,44,Web development,2025-09-28,Online
7172,***,***,42,Data Engineering,2027-01-16,Online
7173,***,***,36,Data Engineering,2024-12-09,In-person
7174,***,***,39,Web development,2022-11-07,Online
7175,***,***,37,Data Engineering,2022-12-14,Online
7176,***,***,41,Software Engineering,2027-03-14,In-person
7177,***,***,45,Software Engineering,2026-09-30,Online
7178,***,***,41,Web development,2026-08-26,In-person
7179,***,***,28,Web development,2023-12-24,In-person
7180,***,***,44,Data Engineering,2024-10-05,In-person
7181,***,***,37,Machine Learning,2027-04-22,In-person
7182,***,***,24,Machine Learning,2026-04-24,Online
7183,***,***,25,Machine Learning,2023-07-22,Online
7184,***,***,38,Machine Learning,2026-08-29,Online
7185,***,***,28,Software Engineering,2026-11-02,In-person
7186,***,***,37,Machine Learning,2023-08-18,In-person
7187,***,***,29,Data Engineering,2025-10-10,Online
7188,***,***,43,Data Engineering,2023-05-11,Online
7189,***,***,27,Software Engineering,2023-07-20,In-person
7190,***,***,45,Data Engineering,2025-09-16,Online
7191,***,***,22,Web development,2026-06-26,Online
7192,***,***,41,Data Science,2027-09-10,In-person
7193,***,***,22,Data Science,2026-07-13,In-person
7194,***,***,40,Machine Learning,2027-03-05,Online
7195,***,***,25,Web development,2024-12-10,Online
7196,***,***,34,Web development,2027-03-09,In-person
7197,***,***,34,Data Engineering,2024-05-02,In-person
7198,***,***,44,Web development,2025-03-16,Online
7199,***,***,35,Data Science,2024-01-13,In-person
7200,***,***,44,Machine Learning,2025-03-30,In-person
7201,***,***,41,Web development,2025-11-11,In-person
7202,***,***,42,Data Engineering,2025-12-30,In-person
7203,***,***,35,Web development,2026-10-10,Online
7204,***,***,45,Data Science,2024-11-06,In-person
7205,***,***,35,Machine Learning,2027-06-08,Online
7206,***,***,30,Web development,2026-05-22,Online
7207,***,***,33,Data Engineering,2027-07-09,In-person
7208,***,***,45,Data Engineering,2023-02-08,In-person
7209,***,***,34,Machine Learning,2022-10-26,In-person
7210,***,***,41,Data Science,2024-03-05,In-person
7211,***,***,27,Machine Learning,2023-11-24,Online
7212,***,***,37,Software Engineering,2024-06-06,Online
7213,***,***,36,Web development,2023-06-06,Online
7214,***,***,39,Data Engineering,2025-01-11,Online
7215,***,***,25,Data Engineering,2023-09-15,In-person
7216,***,***,29,Data Science,2024-08-20,Online
7217,***,***,41,Machine Learning,2025-09-17,In-person
7218,***,***,37,Data Science,2024-02-16,In-person
7219,***,***,30,Data Science,2026-12-14,In-person
7220,***,***,33,Web development,2027-07-06,Online
7221,***,***,38,Data Engineering,2024-02-27,In-person
7222,***,***,40,Machine Learning,2023-11-01,Online
7223,***,***,31,Machine Learning,2024-04-17,Online
7224,***,***,27,Data Science,2027-02-19,In-person
7225,***,***,37,Machine Learning,2023-09-03,Online
7226,***,***,44,Machine Learning,2026-08-12,In-person
7227,***,***,25,Data Science,2025-12-10,In-person
7228,***,***,30,Software Engineering,2023-01-24,In-person
7229,***,***,34,Data Science,2026-03-12,Online
7230,***,***,38,Data Science,2023-12-10,Online
7231,***,***,34,Data Engineering,2022-12-11,Online
7232,***,***,43,Machine Learning,2025-03-13,Online
7233,***,***,43,Web development,2025-06-19,In-person
7234,***,***,42,Machine Learning,2025-10-08,Online
7235,***,***,39,Data Science,2026-08-27,In-person
7236,***,***,29,Data Science,2025-01-27,In-person
7237,***,***,37,Web development,2026-07-15,In-person
7238,***,***,43,Machine Learning,2025-05-30,In-person
7239,***,***,24,Machine Learning,2023-01-10,Online
7240,***,***,26,Software Engineering,2027-06-24,In-person
7241,***,***,22,Machine Learning,2027-03-25,In-person
7242,***,***,31,Data Science,2024-09-19,In-person
7243,***,***,27,Data Engineering,2022-11-09,Online
7244,***,***,29,Software Engineering,2023-04-09,In-person
7245,***,***,40,Data Science,2026-05-02,In-person
7246,***,***,22,Software Engineering,2023-11-19,In-person
7247,***,***,26,Web development,2025-12-16,In-person
7248,***,***,44,Software Engineering,2023-04-20,In-person
7249,***,***,35,Web development,2027-05-16,Online
7250,***,***,45,Data Science,2026-06-01,In-person
7251,***,***,36,Data Science,2024-07-12,Online
7252,***,***,40,Software Engineering,2024-04-17,In-person
7253,***,***,30,Machine Learning,2023-09-25,Online
7254,***,***,34,Machine Learning,2024-10-19,Online
7255,***,***,36,Web development,2025-10-24,In-person
7256,***,***,33,Software Engineering,2023-09-27,Online
7257,***,***,42,Software Engineering,2026-06-04,Online
7258,***,***,30,Web development,2024-04-07,Online
7259,***,***,36,Web development,2024-05-19,Online
7260,***,***,25,Data Engineering,2027-06-18,In-person
7261,***,***,35,Data Engineering,2023-07-13,In-person
7262,***,***,45,Web development,2026-01-12,Online
7263,***,***,35,Data Engineering,2022-11-16,In-person
7264,***,***,38,Data Science,2027-02-04,Online
7265,***,***,36,Data Science,2024-02-10,In-person
7266,***,***,27,Data Science,2027-07-25,Online
7267,***,***,43,Data Science,2025-03-12,Online
7268,***,***,38,Machine Learning,2024-03-30,Online
7269,***,***,28,Machine Learning,2023-06-21,In-person
7270,***,***,36,Software Engineering,2024-12-05,Online
7271,***,***,25,Software Engineering,2024-12-24,In-person
7272,***,***,43,Data Science,2027-10-17,In-person
7273,***,***,27,Web development,2026-05-21,Online
7274,***,***,41,Software Engineering,2023-08-29,Online
7275,***,***,44,Web development,2023-12-01,Online
7276,***,***,23,Data Science,2025-08-18,Online
7277,***,***,44,Web development,2023-08-14,In-person
7278,***,***,27,Data Engineering,2025-02-18,In-person
7279,***,***,42,Software Engineering,2022-12-11,Online
7280,***,***,26,Machine Learning,2023-09-12,Online
7281,***,***,43,Data Engineering,2027-04-07,Online
7282,***,***,39,Data Science,2023-08-28,Online
7283,***,***,33,Software Engineering,2026-01-25,In-person
7284,***,***,22,Software Engineering,2024-04-18,In-person
7285,***,***,33,Web development,2022-10-28,In-person
7286,***,***,37,Software Engineering,2027-03-12,Online
7287,***,***,31,Data Engineering,2025-06-09,Online
7288,***,***,45,Data Engineering,2026-09-12,In-person
7289,***,***,44,Web development,2023-12-08,Online
7290,***,***,26,Software Engineering,2023-07-08,In-person
7291,***,***,31,Data Science,2026-12-20,Online
7292,***,***,34,Data Science,2025-10-12,In-person
7293,***,***,41,Data Science,2022-12-20,Online
7294,***,***,37,Software Engineering,2025-10-22,Online
7295,***,***,22,Machine Learning,2027-09-15,In-person
7296,***,***,37,Software Engineering,2024-11-11,In-person
7297,***,***,43,Data Engineering,2025-08-04,In-person
7298,***,***,27,Web development,2023-02-18,In-person
7299,***,***,35,Data Engineering,2027-06-14,Online
7300,***,***,28,Web development,2025-03-28,In-person
7301,***,***,37,Data Science,2024-02-14,In-person
7302,***,***,28,Data Science,2022-11-17,Online
7303,***,***,33,Software Engineering,2025-07-27,Online
7304,***,***,29,Data Science,2025-09-12,In-person
7305,***,***,33,Machine Learning,2023-06-03,Online
7306,***,***,36,Machine Learning,2027-04-14,Online
7307,***,***,35,Machine Learning,2023-04-09,In-person
7308,***,***,45,Data Science,2023-05-14,Online
7309,***,***,25,Software Engineering,2025-11-30,Online
7310,***,***,31,Data Engineering,2024-03-16,In-person
7311,***,***,22,Web development,2025-07-25,In-person
7312,***,***,33,Web development,2024-02-08,Online
7313,***,***,32,Data Science,2023-05-20,In-person
7314,***,***,26,Web development,2027-02-23,Online
7315,***,***,25,Data Science,2027-02-10,In-person
7316,***,***,40,Data Engineering,2023-04-06,Online
7317,***,***,30,Machine Learning,2027-10-11,Online
7318,***,***,32,Data Science,2025-08-17,In-person
7319,***,***,45,Web development,2025-09-19,Online
7320,***,***,35,Software Engineering,2023-09-18,In-person
7321,***,***,24,Machine Learning,2026-08-10,In-person
7322,***,***,23,Web development,2023-05-26,Online
7323,***,***,31,Web development,2023-10-18,Online
7324,***,***,43,Machine Learning,2026-09-16,In-person
7325,***,***,36,Data Engineering,2025-07-24,Online
7326,***,***,36,Data Engineering,2022-10-18,In-person
7327,***,***,30,Software Engineering,2025-01-15,Online
7328,***,***,37,Web development,2024-02-15,In-person
7329,***,***,27,Data Science,2027-06-26,Online
7330,***,***,37,Data Engineering,2023-03-07,In-person
7331,***,***,25,Software Engineering,2024-07-13,In-person
7332,***,***,41,Software Engineering,2027-08-07,In-person
7333,***,***,38,Data Science,2027-09-06,Online
7334,***,***,38,Web development,2023-12-25,Online
7335,***,***,36,Data Science,2027-06-10,In-person
7336,***,***,30,Data Science,2025-06-27,In-person
7337,***,***,39,Data Science,2027-06-15,In-person
7338,***,***,25,Software Engineering,2024-07-19,In-person
7339,***,***,25,Data Engineering,2024-11-14,Online
7340,***,***,28,Data Engineering,2024-01-05,In-person
7341,***,***,23,Web development,2026-10-06,In-person
7342,***,***,42,Software Engineering,2026-07-09,In-person
7343,***,***,35,Data Engineering,2025-05-08,In-person
7344,***,***,26,Web development,2024-01-13,Online
7345,***,***,37,Data Engineering,2023-07-02,Online
7346,***,***,40,Machine Learning,2025-10-11,In-person
7347,***,***,39,Software Engineering,2023-12-08,In-person
7348,***,***,28,Web development,2025-03-17,Online
7349,***,***,45,Web development,2024-09-01,In-person
7350,***,***,35,Data Engineering,2023-09-16,Online
7351,***,***,25,Data Engineering,2026-12-13,Online
7352,***,***,36,Software Engineering,2024-07-18,In-person
7353,***,***,38,Data Science,2023-09-02,In-person
7354,***,***,25,Software Engineering,2027-03-05,Online
7355,***,***,23,Machine Learning,2023-03-10,In-person
7356,***,***,45,Web development,2025-12-10,In-person
7357,***,***,31,Machine Learning,2026-04-09,In-person
7358,***,***,37,Data Science,2024-12-26,Online
7359,***,***,29,Machine Learning,2022-10-20,Online
7360,***,***,41,Machine Learning,2026-05-07,In-person
7361,***,***,25,Machine Learning,2024-11-10,Online
7362,***,***,38,Machine Learning,2027-06-01,In-person
7363,***,***,45,Web development,2023-01-21,Online
7364,***,***,39,Data Engineering,2026-04-25,Online
7365,***,***,27,Data Engineering,2023-08-01,Online
7366,***,***,23,Data Engineering,2027-01-06,Online
7367,***,***,43,Web development,2024-12-02,In-person
7368,***,***,31,Data Science,2027-06-26,Online
7369,***,***,36,Machine Learning,2026-09-21,Online
7370,***,***,36,Machine Learning,2027-06-25,Online
7371,***,***,41,Software Engineering,2027-02-24,In-person
7372,***,***,30,Machine Learning,2023-12-28,Online
7373,***,***,29,Data Science,2024-08-29,Online
7374,***,***,35,Software Engineering,2025-05-18,Online
7375,***,***,25,Software Engineering,2025-01-15,In-person
7376,***,***,41,Data Science,2025-10-07,In-person
7377,***,***,43,Machine Learning,2024-11-12,Online
7378,***,***,42,Web development,2025-09-25,Online
7379,***,***,40,Software Engineering,2022-10-24,In-person
7380,***,***,26,Web development,2024-01-16,In-person
7381,***,***,33,Software Engineering,2024-01-21,Online
7382,***,***,40,Software Engineering,2027-04-09,Online
7383,***,***,36,Data Engineering,2023-07-11,Online
7384,***,***,41,Data Science,2024-08-03,In-person
7385,***,***,36,Web development,2025-06-28,In-person
7386,***,***,32,Machine Learning,2026-07-18,Online
7387,***,***,45,Data Science,2023-06-09,Online
7388,***,***,36,Data Engineering,2026-08-29,In-person
7389,***,***,34,Web development,2023-07-01,Online
7390,***,***,45,Web development,2027-06-29,Online
7391,***,***,41,Web development,2026-10-17,Online
7392,***,***,43,Data Science,2026-08-07,In-person
7393,***,***,22,Machine Learning,2026-07-17,In-person
7394,***,***,35,Machine Learning,2027-07-26,In-person
7395,***,***,35,Software Engineering,2024-01-25,Online
7396,***,***,23,Data Science,2024-02-26,In-person
7397,***,***,34,Data Engineering,2023-03-29,Online
7398,***,***,41,Data Science,2024-08-16,Online
7399,***,***,26,Data Engineering,2023-04-04,Online
7400,***,***,33,Web development,2026-06-09,In-person
7401,***,***,33,Data Engineering,2027-08-16,In-person
7402,***,***,39,Machine Learning,2023-06-18,Online
7403,***,***,25,Machine Learning,2026-06-11,In-person
7404,***,***,30,Web development,2026-03-05,Online
7405,***,***,29,Data Engineering,2027-01-31,In-person
7406,***,***,35,Data Science,2022-11-28,Online
7407,***,***,27,Data Science,2024-11-28,In-person
7408,***,***,23,Data Engineering,2024-12-09,Online
7409,***,***,29,Machine Learning,2027-07-24,In-person
7410,***,***,25,Data Science,2026-08-21,In-person
7411,***,***,35,Data Science,2023-09-27,Online
7412,***,***,38,Data Engineering,2027-09-23,Online
7413,***,***,42,Machine Learning,2024-07-24,In-person
7414,***,***,40,Data Science,2023-12-18,Online
7415,***,***,23,Software Engineering,2027-05-23,Online
7416,***,***,35,Web development,2024-06-19,In-person
7417,***,***,38,Web development,2026-11-29,In-person
7418,***,***,33,Data Science,2027-05-06,Online
7419,***,***,28,Data Engineering,2025-05-26,Online
7420,***,***,41,Data Science,2023-11-07,In-person
7421,***,***,25,Machine Learning,2024-11-20,Online
7422,***,***,32,Data Science,2023-07-16,In-person
7423,***,***,30,Software Engineering,2025-05-01,Online
7424,***,***,26,Data Science,2024-01-06,Online
7425,***,***,23,Software Engineering,2024-12-10,Online
7426,***,***,37,Data Engineering,2023-03-25,In-person
7427,***,***,30,Data Engineering,2022-11-13,Online
7428,***,***,25,Data Engineering,2023-06-12,In-person
7429,***,***,36,Web development,2024-12-12,Online
7430,***,***,40,Data Engineering,2025-10-25,Online
7431,***,***,31,Web development,2026-03-14,Online
7432,***,***,34,Data Science,2025-01-30,In-person
7433,***,***,34,Data Engineering,2023-10-30,In-person
7434,***,***,43,Data Engineering,2023-11-18,In-person
7435,***,***,36,Machine Learning,2022-11-02,Online
7436,***,***,32,Machine Learning,2023-02-11,In-person
7437,***,***,25,Data Engineering,2025-06-25,Online
7438,***,***,25,Web development,2027-06-27,In-person
7439,***,***,28,Machine Learning,2026-04-10,Online
7440,***,***,27,Web development,2025-02-01,In-person
7441,***,***,42,Data Engineering,2027-01-03,Online
7442,***,***,33,Data Science,2024-02-28,In-person
7443,***,***,29,Software Engineering,2025-03-09,Online
7444,***,***,36,Web development,2025-11-20,In-person
7445,***,***,24,Software Engineering,2022-12-23,In-person
7446,***,***,33,Web development,2023-12-11,Online
7447,***,***,36,Software Engineering,2025-02-27,Online
7448,***,***,32,Data Science,2027-01-05,In-person
7449,***,***,27,Data Engineering,2025-02-13,In-person
7450,***,***,30,Data Science,2023-11-21,In-person
7451,***,***,33,Machine Learning,2024-02-11,In-person
7452,***,***,37,Data Engineering,2026-11-17,Online
7453,***,***,32,Data Science,2027-08-27,Online
7454,***,***,36,Web development,2024-08-12,Online
7455,***,***,32,Data Science,2027-07-11,Online
7456,***,***,40,Software Engineering,2023-02-18,In-person
7457,***,***,36,Web development,2022-12-26,In-person
7458,***,***,45,Data Engineering,2026-08-09,Online
7459,***,***,39,Web development,2027-08-15,In-person
7460,***,***,26,Software Engineering,2026-01-04,Online
7461,***,***,34,Data Science,2027-05-08,In-person
7462,***,***,45,Machine Learning,2026-07-01,In-person
7463,***,***,28,Data Science,2025-07-03,In-person
7464,***,***,45,Data Science,2023-01-24,Online
7465,***,***,40,Software Engineering,2023-01-25,In-person
7466,***,***,30,Data Science,2025-12-07,Online
7467,***,***,31,Web development,2027-05-06,Online
7468,***,***,45,Data Engineering,2027-07-25,In-person
7469,***,***,44,Data Engineering,2025-06-21,Online
7470,***,***,32,Software Engineering,2026-11-14,Online
7471,***,***,31,Data Science,2024-07-14,In-person
7472,***,***,40,Software Engineering,2027-01-27,Online
7473,***,***,35,Data Engineering,2024-01-09,Online
7474,***,***,25,Web development,2025-01-12,In-person
7475,***,***,35,Machine Learning,2026-05-07,Online
7476,***,***,38,Machine Learning,2025-06-30,Online
7477,***,***,29,Data Engineering,2025-02-12,In-person
7478,***,***,40,Machine Learning,2026-06-07,In-person
7479,***,***,29,Data Science,2023-06-23,Online
7480,***,***,24,Machine Learning,2026-11-29,In-person
7481,***,***,33,Machine Learning,2024-09-28,Online
7482,***,***,27,Web development,2025-06-22,In-person
7483,***,***,22,Software Engineering,2022-12-03,Online
7484,***,***,26,Machine Learning,2023-06-24,In-person
7485,***,***,26,Data Science,2025-07-10,Online
7486,***,***,26,Software Engineering,2025-03-16,In-person
7487,***,***,42,Machine Learning,2026-08-22,Online
7488,***,***,33,Web development,2026-11-12,Online
7489,***,***,39,Software Engineering,2024-04-30,Online
7490,***,***,23,Machine Learning,2024-05-31,Online
7491,***,***,28,Data Engineering,2027-09-13,In-person
7492,***,***,28,Software Engineering,2027-04-06,Online
7493,***,***,45,Software Engineering,2024-06-06,Online
7494,***,***,27,Data Engineering,2023-08-17,In-person
7495,***,***,35,Data Science,2025-07-19,In-person
7496,***,***,40,Software Engineering,2026-03-16,Online
7497,***,***,42,Machine Learning,2023-07-06,In-person
7498,***,***,40,Software Engineering,2025-07-09,Online
7499,***,***,33,Software Engineering,2027-10-04,In-person
7500,***,***,41,Data Science,2024-06-09,Online
7501,***,***,24,Data Science,2022-11-22,In-person
7502,***,***,34,Machine Learning,2024-09-07,Online
7503,***,***,33,Machine Learning,2024-10-24,In-person
7504,***,***,39,Software Engineering,2023-11-06,Online
7505,***,***,41,Machine Learning,2022-10-25,Online
7506,***,***,23,Web development,2025-10-12,In-person
7507,***,***,36,Data Engineering,2027-05-10,In-person
7508,***,***,25,Web development,2023-10-18,In-person
7509,***,***,42,Software Engineering,2024-02-11,Online
7510,***,***,31,Web development,2023-09-23,In-person
7511,***,***,23,Data Engineering,2026-06-25,Online
7512,***,***,36,Data Science,2023-12-31,In-person
7513,***,***,32,Software Engineering,2027-07-11,In-person
7514,***,***,35,Data Science,2026-08-29,In-person
7515,***,***,44,Machine Learning,2023-02-19,In-person
7516,***,***,45,Web development,2026-05-20,In-person
7517,***,***,35,Data Science,2023-10-03,In-person
7518,***,***,33,Web development,2023-10-19,In-person
7519,***,***,28,Web development,2027-01-23,In-person
7520,***,***,27,Machine Learning,2026-09-14,Online
7521,***,***,34,Software Engineering,2023-03-30,In-person
7522,***,***,25,Data Science,2026-12-26,In-person
7523,***,***,25,Data Engineering,2025-03-28,Online
7524,***,***,25,Web development,2027-10-12,In-person
7525,***,***,22,Data Science,2025-06-13,Online
7526,***,***,36,Data Engineering,2024-03-30,In-person
7527,***,***,23,Web development,2023-09-10,Online
7528,***,***,31,Software Engineering,2026-04-29,Online
7529,***,***,35,Machine Learning,2024-07-17,In-person
7530,***,***,32,Software Engineering,2024-01-26,Online
7531,***,***,31,Data Science,2027-07-05,Online
7532,***,***,24,Machine Learning,2025-01-15,In-person
7533,***,***,44,Data Science,2025-02-05,In-person
7534,***,***,26,Machine Learning,2023-11-21,In-person
7535,***,***,23,Data Science,2023-04-27,Online
7536,***,***,38,Data Science,2024-12-25,In-person
7537,***,***,38,Web development,2026-07-31,Online
7538,***,***,45,Software Engineering,2025-11-07,Online
7539,***,***,30,Data Science,2022-10-20,In-person
7540,***,***,26,Data Engineering,2027-02-10,In-person
7541,***,***,44,Web development,2023-04-21,Online
7542,***,***,24,Data Science,2027-09-27,In-person
7543,***,***,36,Software Engineering,2025-12-19,Online
7544,***,***,34,Software Engineering,2024-08-24,Online
7545,***,***,24,Software Engineering,2025-04-28,In-person
7546,***,***,32,Machine Learning,2026-08-29,Online
7547,***,***,27,Web development,2026-01-22,Online
7548,***,***,38,Web development,2024-05-22,Online
7549,***,***,31,Software Engineering,2025-09-07,Online
7550,***,***,39,Data Engineering,2027-09-22,Online
7551,***,***,28,Data Engineering,2027-06-02,In-person
7552,***,***,33,Web development,2024-08-14,Online
7553,***,***,36,Data Science,2026-06-04,In-person
7554,***,***,30,Data Engineering,2025-08-23,In-person
7555,***,***,30,Data Engineering,2027-07-04,Online
7556,***,***,22,Software Engineering,2023-08-29,Online
7557,***,***,33,Data Engineering,2024-06-18,In-person
7558,***,***,40,Machine Learning,2023-08-23,Online
7559,***,***,28,Software Engineering,2023-04-04,Online
7560,***,***,28,Machine Learning,2024-03-12,Online
7561,***,***,29,Data Engineering,2023-04-25,Online
7562,***,***,28,Software Engineering,2025-10-26,Online
7563,***,***,35,Software Engineering,2025-01-26,Online
7564,***,***,33,Data Engineering,2027-03-10,In-person
7565,***,***,35,Data Science,2027-09-22,In-person
7566,***,***,36,Data Engineering,2026-07-12,In-person
7567,***,***,30,Data Engineering,2025-02-27,Online
7568,***,***,42,Data Science,2027-02-13,Online
7569,***,***,25,Data Engineering,2026-01-13,In-person
7570,***,***,26,Web development,2023-11-18,Online
7571,***,***,25,Software Engineering,2024-07-15,In-person
7572,***,***,28,Data Engineering,2025-02-14,Online
7573,***,***,28,Data Engineering,2023-07-22,In-person
7574,***,***,35,Software Engineering,2024-01-06,In-person
7575,***,***,29,Web development,2024-03-02,In-person
7576,***,***,36,Software Engineering,2027-01-26,Online
7577,***,***,38,Data Engineering,2025-01-12,Online
7578,***,***,45,Data Science,2025-03-30,In-person
7579,***,***,38,Software Engineering,2022-11-13,In-person
7580,***,***,44,Data Engineering,2026-01-11,Online
7581,***,***,34,Web development,2023-01-15,In-person
7582,***,***,34,Software Engineering,2027-05-29,Online
7583,***,***,38,Software Engineering,2025-01-16,Online
7584,***,***,42,Data Science,2024-12-06,Online
7585,***,***,37,Software Engineering,2027-07-17,In-person
7586,***,***,38,Software Engineering,2024-01-23,In-person
7587,***,***,39,Software Engineering,2026-02-06,Online
7588,***,***,31,Data Science,2027-04-10,In-person
7589,***,***,33,Web development,2023-09-25,Online
7590,***,***,26,Data Engineering,2024-07-06,Online
7591,***,***,41,Data Engineering,2023-12-22,In-person
7592,***,***,27,Machine Learning,2023-08-25,In-person
7593,***,***,30,Data Science,2027-01-26,In-person
7594,***,***,22,Data Engineering,2026-01-28,Online
7595,***,***,27,Software Engineering,2023-07-27,In-person
7596,***,***,29,Data Engineering,2024-11-10,In-person
7597,***,***,42,Web development,2023-09-17,In-person
7598,***,***,44,Data Science,2023-07-03,In-person
7599,***,***,38,Data Engineering,2026-05-25,Online
7600,***,***,25,Machine Learning,2026-05-03,Online
7601,***,***,30,Data Engineering,2024-03-21,Online
7602,***,***,36,Data Engineering,2024-06-01,In-person
7603,***,***,40,Software Engineering,2027-02-10,Online
7604,***,***,44,Software Engineering,2025-10-11,Online
7605,***,***,29,Data Engineering,2023-04-24,Online
7606,***,***,34,Web development,2026-06-06,In-person
7607,***,***,45,Machine Learning,2025-06-27,In-person
7608,***,***,45,Data Engineering,2023-11-01,In-person
7609,***,***,45,Data Engineering,2027-06-05,Online
7610,***,***,44,Machine Learning,2027-05-22,In-person
7611,***,***,38,Machine Learning,2024-10-10,Online
7612,***,***,24,Machine Learning,2023-07-01,Online
7613,***,***,28,Software Engineering,2024-12-14,In-person
7614,***,***,37,Software Engineering,2027-05-17,Online
7615,***,***,30,Data Engineering,2025-06-12,Online
7616,***,***,35,Machine Learning,2027-01-21,In-person
7617,***,***,41,Web development,2025-09-25,In-person
7618,***,***,38,Software Engineering,2025-01-30,In-person
7619,***,***,35,Software Engineering,2026-06-12,In-person
7620,***,***,38,Data Science,2025-04-03,Online
7621,***,***,24,Data Science,2023-12-20,In-person
7622,***,***,41,Software Engineering,2023-07-10,In-person
7623,***,***,30,Data Engineering,2023-07-14,In-person
7624,***,***,30,Software Engineering,2024-02-23,Online
7625,***,***,23,Web development,2022-11-10,In-person
7626,***,***,33,Machine Learning,2022-11-29,Online
7627,***,***,39,Software Engineering,2026-02-20,In-person
7628,***,***,41,Data Science,2027-03-29,Online
7629,***,***,42,Software Engineering,2025-11-17,In-person
7630,***,***,39,Machine Learning,2023-08-08,In-person
7631,***,***,41,Data Science,2026-04-23,In-person
7632,***,***,41,Web development,2027-09-09,Online
7633,***,***,32,Machine Learning,2026-07-09,Online
7634,***,***,41,Software Engineering,2024-07-07,Online
7635,***,***,42,Web development,2025-04-28,In-person
7636,***,***,40,Software Engineering,2027-05-19,In-person
7637,***,***,40,Machine Learning,2023-08-31,In-person
7638,***,***,41,Machine Learning,2025-04-29,In-person
7639,***,***,44,Software Engineering,2026-05-25,Online
7640,***,***,26,Web development,2026-03-20,Online
7641,***,***,43,Software Engineering,2023-10-24,In-person
7642,***,***,33,Web development,2025-10-13,Online
7643,***,***,34,Web development,2023-01-18,Online
7644,***,***,32,Data Engineering,2025-07-23,In-person
7645,***,***,30,Web development,2024-12-14,Online
7646,***,***,42,Data Science,2026-05-28,In-person
7647,***,***,43,Machine Learning,2023-01-01,Online
7648,***,***,26,Data Science,2026-06-06,In-person
7649,***,***,39,Software Engineering,2027-06-01,In-person
7650,***,***,34,Data Engineering,2024-08-04,Online
7651,***,***,25,Data Science,2024-09-15,Online
7652,***,***,30,Web development,2027-09-15,Online
7653,***,***,28,Data Science,2022-10-30,Online
7654,***,***,44,Machine Learning,2026-04-09,Online
7655,***,***,41,Data Engineering,2023-03-19,In-person
7656,***,***,25,Machine Learning,2024-07-30,Online
7657,***,***,29,Web development,2024-08-07,Online
7658,***,***,24,Software Engineering,2023-02-04,Online
7659,***,***,29,Data Science,2025-08-26,In-person
7660,***,***,30,Software Engineering,2026-02-05,In-person
7661,***,***,33,Software Engineering,2023-09-06,In-person
7662,***,***,30,Web development,2025-09-16,Online
7663,***,***,42,Data Engineering,2023-08-08,Online
7664,***,***,39,Data Science,2022-11-28,In-person
7665,***,***,29,Web development,2023-01-13,In-person
7666,***,***,30,Data Engineering,2026-12-05,Online
7667,***,***,34,Data Science,2026-10-14,In-person
7668,***,***,25,Machine Learning,2025-07-30,In-person
7669,***,***,42,Data Engineering,2027-09-01,Online
7670,***,***,37,Data Engineering,2027-01-30,Online
7671,***,***,36,Data Engineering,2025-01-22,Online
7672,***,***,34,Machine Learning,2022-12-08,In-person
7673,***,***,43,Machine Learning,2023-09-18,Online
7674,***,***,38,Software Engineering,2026-09-17,In-person
7675,***,***,42,Data Science,2026-02-17,Online
7676,***,***,24,Machine Learning,2026-10-05,Online
7677,***,***,45,Web development,2023-07-25,Online
7678,***,***,23,Web development,2026-09-07,In-person
7679,***,***,33,Data Engineering,2024-09-22,Online
7680,***,***,34,Data Science,2025-10-28,Online
7681,***,***,30,Data Science,2026-12-18,In-person
7682,***,***,42,Machine Learning,2026-06-08,Online
7683,***,***,33,Software Engineering,2027-09-10,Online
7684,***,***,37,Software Engineering,2022-11-05,Online
7685,***,***,44,Machine Learning,2023-03-27,Online
7686,***,***,28,Web development,2026-07-20,In-person
7687,***,***,22,Software Engineering,2025-11-16,In-person
7688,***,***,33,Web development,2027-09-20,Online
7689,***,***,33,Software Engineering,2025-12-19,Online
7690,***,***,32,Data Engineering,2025-08-15,In-person
7691,***,***,44,Data Engineering,2023-10-18,Online
7692,***,***,40,Data Science,2025-05-30,Online
7693,***,***,33,Machine Learning,2027-03-12,Online
7694,***,***,42,Software Engineering,2025-05-26,Online
7695,***,***,26,Software Engineering,2023-12-06,Online
7696,***,***,29,Software Engineering,2023-10-31,In-person
7697,***,***,31,Data Science,2026-12-13,Online
7698,***,***,22,Web development,2024-05-04,In-person
7699,***,***,37,Data Science,2023-01-06,In-person
7700,***,***,30,Data Engineering,2026-08-03,Online
7701,***,***,31,Web development,2025-12-26,In-person
7702,***,***,30,Data Engineering,2027-08-19,Online
7703,***,***,26,Data Science,2027-08-01,In-person
7704,***,***,37,Data Science,2024-05-03,In-person
7705,***,***,44,Software Engineering,2023-02-03,In-person
7706,***,***,45,Machine Learning,2027-09-08,Online
7707,***,***,29,Data Science,2025-11-19,Online
7708,***,***,33,Web development,2024-09-10,Online
7709,***,***,27,Web development,2023-09-05,Online
7710,***,***,27,Software Engineering,2023-01-29,Online
7711,***,***,40,Data Engineering,2026-05-03,In-person
7712,***,***,27,Machine Learning,2026-11-08,In-person
7713,***,***,41,Data Science,2023-03-26,In-person
7714,***,***,23,Data Science,2026-01-10,In-person
7715,***,***,25,Web development,2025-03-28,In-person
7716,***,***,37,Web development,2025-06-27,Online
7717,***,***,33,Data Science,2023-11-20,Online
7718,***,***,26,Software Engineering,2026-04-17,In-person
7719,***,***,38,Web development,2025-05-25,Online
7720,***,***,32,Web development,2024-06-25,Online
7721,***,***,27,Web development,2027-06-23,Online
7722,***,***,44,Machine Learning,2024-08-28,In-person
7723,***,***,33,Machine Learning,2027-07-31,Online
7724,***,***,34,Data Engineering,2027-01-26,Online
7725,***,***,43,Data Engineering,2024-01-10,Online
7726,***,***,43,Machine Learning,2025-12-18,Online
7727,***,***,23,Software Engineering,2024-09-12,Online
7728,***,***,29,Data Engineering,2025-02-10,In-person
7729,***,***,29,Web development,2026-03-26,Online
7730,***,***,30,Data Engineering,2024-04-18,In-person
7731,***,***,36,Data Science,2023-06-30,In-person
7732,***,***,26,Data Science,2027-08-22,In-person
7733,***,***,30,Web development,2026-07-03,In-person
7734,***,***,24,Data Science,2026-10-28,In-person
7735,***,***,38,Machine Learning,2024-01-11,Online
7736,***,***,25,Machine Learning,2026-08-11,Online
7737,***,***,39,Data Science,2027-01-07,In-person
7738,***,***,26,Machine Learning,2024-08-06,Online
7739,***,***,34,Data Engineering,2023-12-12,Online
7740,***,***,33,Machine Learning,2026-01-30,In-person
7741,***,***,38,Machine Learning,2023-11-28,Online
7742,***,***,34,Data Science,2026-01-05,Online
7743,***,***,37,Data Engineering,2025-04-25,Online
7744,***,***,34,Machine Learning,2023-04-20,In-person
7745,***,***,23,Software Engineering,2026-04-20,In-person
7746,***,***,38,Web development,2025-11-17,In-person
7747,***,***,40,Machine Learning,2026-09-28,In-person
7748,***,***,33,Web development,2025-10-22,Online
7749,***,***,32,Web development,2023-12-07,In-person
7750,***,***,35,Data Science,2025-10-18,Online
7751,***,***,38,Data Engineering,2027-05-20,In-person
7752,***,***,38,Data Science,2025-08-02,In-person
7753,***,***,40,Web development,2027-03-23,Online
7754,***,***,24,Data Science,2024-08-02,In-person
7755,***,***,37,Data Science,2025-09-12,Online
7756,***,***,26,Web development,2027-10-16,In-person
7757,***,***,42,Data Science,2024-10-31,In-person
7758,***,***,32,Data Engineering,2024-05-28,Online
7759,***,***,43,Data Engineering,2025-05-08,Online
7760,***,***,24,Web development,2027-05-03,Online
7761,***,***,29,Software Engineering,2027-04-21,Online
7762,***,***,30,Software Engineering,2022-10-18,In-person
7763,***,***,26,Web development,2026-08-13,In-person
7764,***,***,39,Machine Learning,2026-02-13,Online
7765,***,***,32,Machine Learning,2024-10-14,In-person
7766,***,***,23,Data Science,2023-07-04,Online
7767,***,***,24,Web development,2023-04-04,Online
7768,***,***,30,Software Engineering,2026-09-16,In-person
7769,***,***,37,Web development,2027-06-18,Online
7770,***,***,30,Software Engineering,2025-10-23,Online
7771,***,***,33,Machine Learning,2027-03-08,Online
7772,***,***,30,Web development,2022-12-27,In-person
7773,***,***,40,Web development,2026-12-14,In-person
7774,***,***,30,Data Engineering,2026-03-17,In-person
7775,***,***,23,Machine Learning,2024-01-27,Online
7776,***,***,39,Data Science,2025-03-16,In-person
7777,***,***,43,Data Science,2023-03-27,In-person
7778,***,***,35,Machine Learning,2023-12-03,Online
7779,***,***,42,Data Engineering,2025-09-13,Online
7780,***,***,30,Machine Learning,2023-06-02,In-person
7781,***,***,22,Data Science,2024-12-20,In-person
7782,***,***,29,Software Engineering,2027-01-17,Online
7783,***,***,45,Data Engineering,2026-01-26,In-person
7784,***,***,44,Web development,2027-03-30,In-person
7785,***,***,31,Software Engineering,2027-09-28,In-person
7786,***,***,42,Machine Learning,2023-10-15,Online
7787,***,***,33,Software Engineering,2023-12-08,In-person
7788,***,***,36,Web development,2026-06-08,In-person
7789,***,***,42,Software Engineering,2025-07-15,In-person
7790,***,***,30,Machine Learning,2025-05-06,Online
7791,***,***,24,Software Engineering,2024-01-18,In-person
7792,***,***,31,Web development,2023-12-12,In-person
7793,***,***,33,Software Engineering,2027-05-22,In-person
7794,***,***,45,Web development,2024-12-12,In-person
7795,***,***,35,Web development,2024-10-23,Online
7796,***,***,23,Web development,2025-03-22,Online
7797,***,***,40,Data Engineering,2022-12-30,In-person
7798,***,***,29,Data Engineering,2024-09-09,In-person
7799,***,***,36,Data Engineering,2023-01-07,In-person
7800,***,***,24,Data Science,2026-04-23,In-person
7801,***,***,31,Web development,2026-05-12,Online
7802,***,***,42,Web development,2025-09-22,In-person
7803,***,***,32,Web development,2026-07-16,In-person
7804,***,***,38,Web development,2027-07-06,In-person
7805,***,***,22,Web development,2024-04-16,Online
7806,***,***,41,Web development,2026-12-05,Online
7807,***,***,35,Data Engineering,2026-10-07,In-person
7808,***,***,36,Machine Learning,2027-03-25,In-person
7809,***,***,28,Data Science,2024-04-04,In-person
7810,***,***,32,Machine Learning,2024-02-08,Online
7811,***,***,33,Data Science,2025-04-19,Online
7812,***,***,39,Data Engineering,2026-03-15,Online
7813,***,***,23,Software Engineering,2025-02-16,In-person
7814,***,***,26,Web development,2026-09-19,Online
7815,***,***,37,Machine Learning,2023-05-27,In-person
7816,***,***,32,Web development,2023-11-18,In-person
7817,***,***,27,Software Engineering,2024-07-03,Online
7818,***,***,45,Data Science,2025-01-11,Online
7819,***,***,37,Data Engineering,2023-10-07,Online
7820,***,***,38,Data Engineering,2025-07-30,In-person
7821,***,***,44,Machine Learning,2025-06-22,In-person
7822,***,***,26,Web development,2023-03-22,Online
7823,***,***,43,Data Engineering,2024-07-25,In-person
7824,***,***,36,Data Engineering,2027-05-19,Online
7825,***,***,42,Machine Learning,2023-03-06,In-person
7826,***,***,33,Data Engineering,2025-02-13,In-person
7827,***,***,45,Web development,2027-09-07,Online
7828,***,***,31,Software Engineering,2026-10-01,In-person
7829,***,***,31,Software Engineering,2026-10-04,Online
7830,***,***,34,Software Engineering,2024-06-19,Online
7831,***,***,40,Data Science,2027-08-19,In-person
7832,***,***,24,Web development,2022-11-20,In-person
7833,***,***,31,Data Engineering,2024-05-03,In-person
7834,***,***,42,Data Engineering,2023-01-06,Online
7835,***,***,30,Web development,2026-02-14,Online
7836,***,***,25,Software Engineering,2027-01-31,Online
7837,***,***,23,Machine Learning,2023-08-26,Online
7838,***,***,42,Data Science,2025-07-09,Online
7839,***,***,44,Software Engineering,2024-04-03,In-person
7840,***,***,23,Data Science,2026-10-16,Online
7841,***,***,23,Software Engineering,2023-12-12,In-person
7842,***,***,28,Web development,2025-09-26,Online
7843,***,***,29,Data Science,2026-05-09,Online
7844,***,***,25,Software Engineering,2026-04-01,Online
7845,***,***,37,Web development,2026-12-11,Online
7846,***,***,34,Software Engineering,2027-06-07,In-person
7847,***,***,23,Web development,2025-05-27,Online
7848,***,***,33,Data Science,2024-10-05,In-person
7849,***,***,35,Software Engineering,2026-03-07,Online
7850,***,***,37,Data Science,2024-03-06,Online
7851,***,***,33,Machine Learning,2025-03-16,In-person
7852,***,***,29,Data Engineering,2024-10-26,Online
7853,***,***,24,Data Engineering,2025-03-30,Online
7854,***,***,39,Web development,2026-03-09,In-person
7855,***,***,36,Software Engineering,2026-09-01,In-person
7856,***,***,41,Machine Learning,2025-03-14,Online
7857,***,***,25,Data Science,2024-05-22,Online
7858,***,***,26,Data Science,2025-11-18,Online
7859,***,***,22,Software Engineering,2027-03-10,In-person
7860,***,***,43,Data Science,2023-10-03,Online
7861,***,***,41,Software Engineering,2024-11-18,Online
7862,***,***,35,Data Engineering,2024-07-19,Online
7863,***,***,30,Web development,2025-06-16,In-person
7864,***,***,44,Data Science,2024-05-12,Online
7865,***,***,25,Machine Learning,2025-02-21,In-person
7866,***,***,24,Software Engineering,2023-11-02,In-person
7867,***,***,33,Data Engineering,2023-10-11,Online
7868,***,***,24,Data Science,2022-11-27,Online
7869,***,***,41,Machine Learning,2025-04-04,In-person
7870,***,***,34,Data Engineering,2025-03-08,Online
7871,***,***,32,Software Engineering,2023-12-07,Online
7872,***,***,26,Software Engineering,2023-08-11,In-person
7873,***,***,30,Data Engineering,2025-08-21,Online
7874,***,***,45,Machine Learning,2026-05-23,Online
7875,***,***,39,Machine Learning,2026-02-07,In-person
7876,***,***,38,Web development,2025-01-15,In-person
7877,***,***,42,Web development,2027-02-15,Online
7878,***,***,43,Data Engineering,2026-09-16,In-person
7879,***,***,41,Software Engineering,2024-04-26,Online
7880,***,***,29,Data Science,2024-01-30,Online
7881,***,***,23,Data Engineering,2023-06-10,In-person
7882,***,***,28,Machine Learning,2025-08-19,In-person
7883,***,***,39,Data Science,2023-03-13,Online
7884,***,***,31,Machine Learning,2023-03-13,Online
7885,***,***,33,Web development,2023-03-13,In-person
7886,***,***,42,Data Science,2025-10-29,Online
7887,***,***,28,Data Science,2023-04-15,In-person
7888,***,***,22,Data Engineering,2023-05-28,Online
7889,***,***,38,Data Science,2026-01-15,In-person
7890,***,***,36,Software Engineering,2024-08-07,Online
7891,***,***,43,Web development,2024-09-23,Online
7892,***,***,43,Machine Learning,2023-04-07,In-person
7893,***,***,37,Data Science,2026-12-20,Online
7894,***,***,35,Machine Learning,2027-07-08,Online
7895,***,***,22,Software Engineering,2027-07-15,Online
7896,***,***,29,Data Engineering,2027-04-06,In-person
7897,***,***,34,Data Science,2024-08-21,In-person
7898,***,***,27,Data Engineering,2026-09-29,In-person
7899,***,***,36,Software Engineering,2027-03-15,In-person
7900,***,***,29,Data Engineering,2027-10-10,Online
7901,***,***,41,Data Engineering,2027-07-04,In-person
7902,***,***,28,Data Science,2026-05-16,Online
7903,***,***,32,Web development,2026-06-23,Online
7904,***,***,34,Data Science,2026-11-21,In-person
7905,***,***,40,Machine Learning,2023-06-17,Online
7906,***,***,33,Software Engineering,2023-06-19,In-person
7907,***,***,34,Machine Learning,2025-03-10,In-person
7908,***,***,34,Data Engineering,2026-04-10,In-person
7909,***,***,33,Data Science,2024-12-21,In-person
7910,***,***,28,Software Engineering,2027-03-28,In-person
7911,***,***,37,Data Science,2026-11-21,Online
7912,***,***,28,Data Science,2023-05-30,Online
7913,***,***,33,Data Science,2024-11-30,Online
7914,***,***,24,Software Engineering,2026-08-14,Online
7915,***,***,24,Data Engineering,2026-06-04,Online
7916,***,***,31,Machine Learning,2027-04-10,In-person
7917,***,***,24,Data Science,2023-10-07,In-person
7918,***,***,34,Machine Learning,2026-06-21,Online
7919,***,***,39,Data Engineering,2026-02-07,In-person
7920,***,***,43,Web development,2022-11-15,In-person
7921,***,***,35,Web development,2025-09-17,Online
7922,***,***,33,Software Engineering,2027-02-25,Online
7923,***,***,29,Machine Learning,2023-10-11,Online
7924,***,***,30,Software Engineering,2025-04-23,In-person
7925,***,***,40,Data Science,2024-07-13,Online
7926,***,***,40,Data Engineering,2025-06-12,In-person
7927,***,***,28,Data Science,2024-11-17,In-person
7928,***,***,22,Machine Learning,2025-07-02,In-person
7929,***,***,44,Data Science,2025-07-06,Online
7930,***,***,40,Web development,2025-11-07,Online
7931,***,***,40,Data Engineering,2025-08-12,Online
7932,***,***,24,Data Engineering,2024-08-07,Online
7933,***,***,44,Software Engineering,2027-06-27,In-person
7934,***,***,36,Machine Learning,2025-11-10,Online
7935,***,***,37,Data Science,2026-08-25,Online
7936,***,***,32,Machine Learning,2022-11-08,Online
7937,***,***,38,Data Engineering,2027-03-27,Online
7938,***,***,40,Data Engineering,2025-04-02,In-person
7939,***,***,22,Web development,2024-10-06,In-person
7940,***,***,34,Machine Learning,2027-03-31,Online
7941,***,***,40,Data Science,2025-07-29,In-person
7942,***,***,37,Software Engineering,2026-06-14,Online
7943,***,***,31,Data Science,2024-12-08,In-person
7944,***,***,32,Machine Learning,2023-11-09,Online
7945,***,***,27,Machine Learning,2027-06-19,In-person
7946,***,***,33,Web development,2024-06-18,In-person
7947,***,***,28,Software Engineering,2023-04-12,In-person
7948,***,***,45,Data Science,2022-11-25,In-person
7949,***,***,28,Data Science,2027-05-13,Online
7950,***,***,27,Web development,2025-07-01,Online
7951,***,***,27,Machine Learning,2022-12-15,In-person
7952,***,***,40,Web development,2023-11-09,Online
7953,***,***,25,Software Engineering,2027-07-03,In-person
7954,***,***,22,Software Engineering,2027-03-15,Online
7955,***,***,40,Machine Learning,2025-07-11,In-person
7956,***,***,41,Data Engineering,2024-12-11,Online
7957,***,***,37,Data Science,2026-10-20,In-person
7958,***,***,32,Data Science,2024-09-16,In-person
7959,***,***,27,Data Engineering,2025-06-01,In-person
7960,***,***,24,Software Engineering,2022-11-19,In-person
7961,***,***,39,Machine Learning,2026-04-28,Online
7962,***,***,39,Data Engineering,2023-08-01,Online
7963,***,***,30,Machine Learning,2026-08-26,Online
7964,***,***,25,Software Engineering,2022-12-12,Online
7965,***,***,29,Web development,2025-08-26,Online
7966,***,***,23,Machine Learning,2027-02-16,In-person
7967,***,***,28,Web development,2024-02-13,Online
7968,***,***,41,Data Science,2024-12-12,In-person
7969,***,***,40,Machine Learning,2026-05-16,In-person
7970,***,***,42,Machine Learning,2025-02-13,Online
7971,***,***,22,Machine Learning,2025-02-06,Online
7972,***,***,32,Data Engineering,2025-01-08,Online
7973,***,***,26,Data Science,2024-01-03,In-person
7974,***,***,42,Data Science,2023-03-24,Online
7975,***,***,45,Data Science,2024-07-30,Online
7976,***,***,35,Data Science,2027-08-01,Online
7977,***,***,44,Data Engineering,2025-04-04,Online
7978,***,***,34,Software Engineering,2026-04-22,In-person
7979,***,***,45,Data Science,2023-04-16,In-person
7980,***,***,37,Data Engineering,2026-02-11,Online
7981,***,***,43,Data Engineering,2027-08-10,In-person
7982,***,***,29,Software Engineering,2026-12-18,In-person
7983,***,***,32,Data Science,2026-12-29,In-person
7984,***,***,40,Data Science,2026-02-28,Online
7985,***,***,27,Software Engineering,2023-05-05,Online
7986,***,***,27,Software Engineering,2025-08-01,Online
7987,***,***,41,Machine Learning,2026-10-15,Online
7988,***,***,37,Data Engineering,2027-06-16,Online
7989,***,***,38,Software Engineering,2027-04-19,In-person
7990,***,***,37,Software Engineering,2026-10-31,Online
7991,***,***,42,Data Engineering,2027-07-27,Online
7992,***,***,43,Machine Learning,2024-08-08,Online
7993,***,***,43,Data Engineering,2023-07-20,Online
7994,***,***,31,Web development,2023-12-15,In-person
7995,***,***,34,Machine Learning,2025-12-18,Online
7996,***,***,40,Web development,2026-03-19,In-person
7997,***,***,22,Software Engineering,2026-01-25,Online
7998,***,***,35,Data Science,2024-04-28,Online
7999,***,***,27,Software Engineering,2023-08-13,In-person
8000,***,***,42,Data Science,2027-05-08,In-person
8001,***,***,26,Data Science,2023-12-30,Online
8002,***,***,42,Web development,2025-08-22,Online
8003,***,***,36,Web development,2023-12-06,Online
8004,***,***,40,Web development,2027-07-29,In-person
8005,***,***,36,Data Engineering,2023-12-07,Online
8006,***,***,39,Data Engineering,2026-06-03,In-person
8007,***,***,23,Machine Learning,2025-09-02,Online
8008,***,***,23,Machine Learning,2024-04-05,In-person
8009,***,***,32,Data Engineering,2024-05-17,Online
8010,***,***,45,Data Engineering,2026-02-17,In-person
8011,***,***,40,Data Engineering,2027-10-14,Online
8012,***,***,36,Data Engineering,2023-04-26,In-person
8013,***,***,42,Data Science,2023-10-26,In-person
8014,***,***,28,Software Engineering,2027-10-12,In-person
8015,***,***,31,Machine Learning,2025-04-18,Online
8016,***,***,45,Machine Learning,2025-02-17,Online
8017,***,***,36,Software Engineering,2023-01-27,Online
8018,***,***,32,Web development,2027-06-12,Online
8019,***,***,33,Machine Learning,2025-02-10,In-person
8020,***,***,30,Software Engineering,2027-05-12,In-person
8021,***,***,39,Web development,2027-05-28,Online
8022,***,***,23,Machine Learning,2026-04-22,Online
8023,***,***,27,Machine Learning,2025-09-22,Online
8024,***,***,39,Data Science,2023-05-15,In-person
8025,***,***,24,Software Engineering,2023-07-09,Online
8026,***,***,37,Web development,2024-04-10,In-person
8027,***,***,35,Web development,2026-10-18,In-person
8028,***,***,28,Machine Learning,2023-05-25,In-person
8029,***,***,43,Machine Learning,2027-02-19,Online
8030,***,***,22,Software Engineering,2024-11-22,In-person
8031,***,***,30,Data Science,2025-02-14,Online
8032,***,***,36,Web development,2026-10-26,Online
8033,***,***,42,Data Science,2023-12-26,Online
8034,***,***,29,Web development,2025-08-05,Online
8035,***,***,34,Software Engineering,2024-02-19,Online
8036,***,***,37,Data Engineering,2026-03-25,In-person
8037,***,***,32,Web development,2027-03-02,In-person
8038,***,***,29,Data Science,2026-11-10,In-person
8039,***,***,22,Software Engineering,2025-01-13,In-person
8040,***,***,34,Web development,2027-05-23,Online
8041,***,***,39,Web development,2024-11-26,Online
8042,***,***,22,Data Engineering,2025-09-15,In-person
8043,***,***,43,Machine Learning,2023-07-31,Online
8044,***,***,34,Data Science,2022-10-25,In-person
8045,***,***,40,Machine Learning,2023-04-06,In-person
8046,***,***,22,Web development,2024-05-12,In-person
8047,***,***,34,Machine Learning,2027-02-20,Online
8048,***,***,43,Software Engineering,2025-01-14,Online
8049,***,***,41,Software Engineering,2024-04-07,Online
8050,***,***,37,Software Engineering,2022-12-02,Online
8051,***,***,41,Data Science,2024-01-21,Online
8052,***,***,24,Data Science,2024-02-14,Online
8053,***,***,25,Data Science,2025-05-03,In-person
8054,***,***,39,Data Science,2026-02-16,In-person
8055,***,***,35,Software Engineering,2023-12-02,In-person
8056,***,***,28,Software Engineering,2023-10-29,Online
8057,***,***,36,Software Engineering,2023-12-24,In-person
8058,***,***,45,Data Science,2024-02-02,Online
8059,***,***,37,Data Engineering,2026-11-28,Online
8060,***,***,34,Data Engineering,2025-07-25,Online
8061,***,***,32,Data Engineering,2025-05-11,Online
8062,***,***,40,Machine Learning,2023-11-21,In-person
8063,***,***,31,Web development,2025-12-25,Online
8064,***,***,36,Web development,2023-08-31,Online
8065,***,***,22,Data Engineering,2023-06-26,In-person
8066,***,***,36,Software Engineering,2024-10-15,Online
8067,***,***,44,Machine Learning,2027-06-12,Online
8068,***,***,28,Data Science,2026-04-17,Online
8069,***,***,32,Software Engineering,2024-10-28,Online
8070,***,***,38,Web development,2024-01-30,In-person
8071,***,***,25,Software Engineering,2024-03-03,Online
8072,***,***,27,Data Science,2026-03-30,In-person
8073,***,***,35,Software Engineering,2024-11-27,Online
8074,***,***,25,Web development,2023-08-27,Online
8075,***,***,38,Data Science,2023-10-31,In-person
8076,***,***,32,Web development,2026-09-02,Online
8077,***,***,41,Machine Learning,2024-07-03,In-person
8078,***,***,41,Data Science,2023-08-29,Online
8079,***,***,24,Machine Learning,2027-06-16,Online
8080,***,***,30,Web development,2024-08-15,In-person
8081,***,***,34,Software Engineering,2026-10-05,Online
8082,***,***,32,Machine Learning,2024-01-28,Online
8083,***,***,39,Machine Learning,2027-10-05,In-person
8084,***,***,41,Data Engineering,2023-10-28,Online
8085,***,***,38,Web development,2027-05-26,Online
8086,***,***,30,Web development,2026-05-11,In-person
8087,***,***,35,Web development,2025-03-02,Online
8088,***,***,26,Data Engineering,2026-02-05,In-person
8089,***,***,36,Data Engineering,2022-12-20,In-person
8090,***,***,44,Web development,2022-12-13,Online
8091,***,***,35,Data Engineering,2025-10-19,In-person
8092,***,***,37,Machine Learning,2024-11-15,Online
8093,***,***,31,Software Engineering,2024-05-18,Online
8094,***,***,45,Machine Learning,2026-11-19,Online
8095,***,***,31,Software Engineering,2024-06-21,In-person
8096,***,***,32,Web development,2026-04-21,In-person
8097,***,***,34,Software Engineering,2026-09-24,In-person
8098,***,***,35,Data Science,2027-10-15,In-person
8099,***,***,39,Data Science,2024-11-09,Online
8100,***,***,45,Data Engineering,2024-04-26,In-person
8101,***,***,26,Software Engineering,2027-09-25,Online
8102,***,***,25,Data Science,2023-04-11,In-person
8103,***,***,25,Software Engineering,2026-12-01,In-person
8104,***,***,29,Web development,2022-11-27,In-person
8105,***,***,30,Web development,2027-02-10,In-person
8106,***,***,41,Web development,2022-10-24,In-person
8107,***,***,35,Web development,2025-09-03,Online
8108,***,***,32,Web development,2023-03-20,Online
8109,***,***,38,Software Engineering,2025-01-01,Online
8110,***,***,27,Machine Learning,2024-02-16,In-person
8111,***,***,29,Machine Learning,2023-01-07,In-person
8112,***,***,39,Machine Learning,2025-02-23,Online
8113,***,***,38,Web development,2024-03-20,Online
8114,***,***,30,Web development,2025-01-21,In-person
8115,***,***,22,Data Engineering,2024-09-26,Online
8116,***,***,44,Software Engineering,2023-04-09,In-person
8117,***,***,39,Software Engineering,2027-04-12,Online
8118,***,***,26,Data Engineering,2026-04-12,Online
8119,***,***,24,Machine Learning,2025-09-25,In-person
8120,***,***,36,Web development,2023-12-12,Online
8121,***,***,34,Data Science,2027-03-01,In-person
8122,***,***,22,Data Science,2026-09-27,In-person
8123,***,***,26,Data Science,2025-01-28,Online
8124,***,***,45,Web development,2024-07-12,Online
8125,***,***,40,Data Engineering,2026-07-09,In-person
8126,***,***,40,Software Engineering,2023-12-27,Online
8127,***,***,38,Data Engineering,2024-10-14,Online
8128,***,***,44,Data Engineering,2027-08-28,Online
8129,***,***,34,Data Science,2025-01-21,Online
8130,***,***,45,Machine Learning,2027-07-01,In-person
8131,***,***,38,Data Science,2024-09-03,In-person
8132,***,***,24,Software Engineering,2025-11-06,Online
8133,***,***,36,Data Science,2026-06-23,Online
8134,***,***,36,Web development,2023-03-30,Online
8135,***,***,45,Web development,2027-07-07,Online
8136,***,***,27,Data Engineering,2027-01-20,In-person
8137,***,***,43,Machine Learning,2026-06-21,In-person
8138,***,***,30,Web development,2024-08-28,In-person
8139,***,***,28,Software Engineering,2024-03-28,In-person
8140,***,***,38,Software Engineering,2024-12-26,In-person
8141,***,***,34,Data Science,2023-08-04,In-person
8142,***,***,26,Machine Learning,2024-08-02,Online
8143,***,***,30,Machine Learning,2026-07-23,Online
8144,***,***,44,Machine Learning,2027-01-01,Online
8145,***,***,41,Data Science,2024-04-24,In-person
8146,***,***,30,Software Engineering,2026-05-27,Online
8147,***,***,22,Data Science,2027-07-09,Online
8148,***,***,38,Software Engineering,2023-09-02,In-person
8149,***,***,24,Software Engineering,2024-04-14,In-person
8150,***,***,26,Software Engineering,2024-12-27,In-person
8151,***,***,31,Data Engineering,2024-10-04,In-person
8152,***,***,22,Machine Learning,2025-07-26,In-person
8153,***,***,40,Data Science,2023-06-21,In-person
8154,***,***,37,Software Engineering,2026-08-12,In-person
8155,***,***,31,Machine Learning,2025-09-24,Online
8156,***,***,42,Web development,2027-06-02,In-person
8157,***,***,28,Data Engineering,2026-03-26,In-person
8158,***,***,37,Machine Learning,2026-04-05,Online
8159,***,***,28,Software Engineering,2024-08-17,Online
8160,***,***,31,Data Engineering,2023-05-29,Online
8161,***,***,34,Machine Learning,2025-05-15,Online
8162,***,***,40,Data Engineering,2026-02-18,In-person
8163,***,***,42,Data Science,2023-04-07,In-person
8164,***,***,32,Software Engineering,2025-05-30,Online
8165,***,***,28,Machine Learning,2023-06-20,Online
8166,***,***,38,Machine Learning,2027-06-03,Online
8167,***,***,33,Data Engineering,2023-04-16,In-person
8168,***,***,35,Data Science,2025-01-22,In-person
8169,***,***,34,Software Engineering,2023-02-08,Online
8170,***,***,26,Machine Learning,2026-07-15,In-person
8171,***,***,45,Data Engineering,2025-03-11,Online
8172,***,***,29,Machine Learning,2024-11-22,Online
8173,***,***,36,Data Science,2027-05-10,Online
8174,***,***,22,Web development,2027-02-27,Online
8175,***,***,27,Machine Learning,2024-07-10,In-person
8176,***,***,40,Web development,2026-09-18,In-person
8177,***,***,33,Data Science,2025-10-04,In-person
8178,***,***,25,Web development,2023-07-07,Online
8179,***,***,28,Data Science,2025-11-24,In-person
8180,***,***,39,Machine Learning,2026-06-05,In-person
8181,***,***,45,Software Engineering,2026-12-07,In-person
8182,***,***,37,Web development,2025-08-11,In-person
8183,***,***,44,Machine Learning,2024-02-03,Online
8184,***,***,44,Web development,2027-09-02,Online
8185,***,***,35,Data Engineering,2025-12-18,In-person
8186,***,***,23,Software Engineering,2025-03-29,In-person
8187,***,***,30,Data Engineering,2022-10-26,Online
8188,***,***,32,Software Engineering,2023-06-07,In-person
8189,***,***,36,Data Engineering,2023-12-02,In-person
8190,***,***,35,Web development,2024-01-25,Online
8191,***,***,36,Web development,2027-04-27,Online
8192,***,***,22,Software Engineering,2025-04-07,Online
8193,***,***,34,Machine Learning,2025-12-30,Online
8194,***,***,36,Data Engineering,2025-10-06,Online
8195,***,***,29,Data Engineering,2024-06-20,Online
8196,***,***,29,Software Engineering,2025-05-03,In-person
8197,***,***,24,Machine Learning,2027-05-11,In-person
8198,***,***,37,Web development,2024-11-24,Online
8199,***,***,31,Software Engineering,2024-02-11,Online
8200,***,***,31,Data Engineering,2027-09-09,In-person
8201,***,***,33,Data Engineering,2026-08-04,In-person
8202,***,***,25,Data Engineering,2026-01-31,In-person
8203,***,***,41,Data Science,2026-11-23,Online
8204,***,***,23,Data Science,2023-04-24,In-person
8205,***,***,45,Web development,2025-12-12,In-person
8206,***,***,35,Data Engineering,2024-10-05,Online
8207,***,***,45,Web development,2026-08-21,In-person
8208,***,***,29,Data Engineering,2025-04-07,Online
8209,***,***,40,Machine Learning,2026-02-13,Online
8210,***,***,36,Data Science,2023-09-01,In-person
8211,***,***,31,Machine Learning,2026-02-27,In-person
8212,***,***,31,Software Engineering,2025-11-05,Online
8213,***,***,24,Data Engineering,2027-08-04,In-person
8214,***,***,28,Data Science,2026-02-07,Online
8215,***,***,38,Data Engineering,2027-06-11,Online
8216,***,***,42,Data Science,2024-06-02,Online
8217,***,***,38,Machine Learning,2023-10-10,In-person
8218,***,***,33,Machine Learning,2022-11-05,Online
8219,***,***,22,Machine Learning,2025-07-20,In-person
8220,***,***,30,Software Engineering,2026-11-23,In-person
8221,***,***,29,Data Science,2026-07-05,Online
8222,***,***,34,Data Science,2025-06-17,In-person
8223,***,***,32,Data Science,2024-01-16,Online
8224,***,***,38,Data Engineering,2026-09-17,In-person
8225,***,***,24,Machine Learning,2024-04-29,In-person
8226,***,***,28,Data Engineering,2027-05-12,Online
8227,***,***,22,Data Science,2027-06-03,In-person
8228,***,***,22,Data Engineering,2023-09-24,In-person
8229,***,***,33,Data Engineering,2025-07-28,Online
8230,***,***,42,Machine Learning,2026-08-18,Online
8231,***,***,28,Data Science,2025-07-21,In-person
8232,***,***,42,Data Engineering,2023-11-29,In-person
8233,***,***,24,Data Science,2027-01-05,In-person
8234,***,***,28,Machine Learning,2024-05-03,In-person
8235,***,***,41,Machine Learning,2025-04-01,In-person
8236,***,***,26,Web development,2024-02-13,In-person
8237,***,***,28,Data Science,2026-08-28,In-person
8238,***,***,34,Data Engineering,2026-12-21,Online
8239,***,***,24,Data Engineering,2026-03-09,Online
8240,***,***,41,Web development,2022-12-15,Online
8241,***,***,24,Machine Learning,2023-11-07,In-person
8242,***,***,23,Machine Learning,2027-05-02,In-person
8243,***,***,27,Data Science,2025-02-09,Online
8244,***,***,24,Web development,2024-02-27,In-person
8245,***,***,29,Data Engineering,2025-11-14,In-person
8246,***,***,34,Machine Learning,2023-04-25,In-person
8247,***,***,45,Software Engineering,2024-11-26,In-person
8248,***,***,36,Web development,2023-11-15,In-person
8249,***,***,43,Data Engineering,2025-04-29,In-person
8250,***,***,26,Data Science,2026-01-02,In-person
8251,***,***,43,Data Science,2025-09-29,In-person
8252,***,***,27,Web development,2023-02-19,Online
8253,***,***,43,Software Engineering,2023-04-11,Online
8254,***,***,40,Web development,2024-02-16,Online
8255,***,***,22,Data Science,2023-08-18,Online
8256,***,***,23,Web development,2024-09-06,Online
8257,***,***,30,Data Science,2025-03-29,Online
8258,***,***,25,Data Engineering,2026-12-31,Online
8259,***,***,37,Software Engineering,2027-05-22,In-person
8260,***,***,41,Software Engineering,2025-11-24,Online
8261,***,***,37,Machine Learning,2025-05-29,Online
8262,***,***,41,Machine Learning,2023-10-09,In-person
8263,***,***,22,Web development,2024-03-10,In-person
8264,***,***,24,Data Engineering,2023-11-06,Online
8265,***,***,44,Machine Learning,2025-10-09,Online
8266,***,***,28,Web development,2025-01-07,In-person
8267,***,***,36,Machine Learning,2024-04-06,In-person
8268,***,***,32,Data Engineering,2027-02-09,In-person
8269,***,***,23,Data Engineering,2026-03-22,Online
8270,***,***,40,Data Science,2026-11-12,Online
8271,***,***,40,Machine Learning,2023-08-03,Online
8272,***,***,22,Data Engineering,2025-02-09,Online
8273,***,***,45,Web development,2022-11-29,In-person
8274,***,***,29,Software Engineering,2024-06-17,Online
8275,***,***,38,Web development,2026-06-09,In-person
8276,***,***,41,Data Science,2027-02-13,Online
8277,***,***,42,Software Engineering,2027-03-09,In-person
8278,***,***,29,Data Science,2027-05-18,Online
8279,***,***,43,Web development,2025-10-03,Online
8280,***,***,38,Machine Learning,2027-06-11,In-person
8281,***,***,35,Web development,2026-10-24,Online
8282,***,***,35,Software Engineering,2025-01-23,Online
8283,***,***,24,Data Engineering,2026-01-31,Online
8284,***,***,38,Data Engineering,2026-02-07,In-person
8285,***,***,35,Software Engineering,2025-01-13,Online
8286,***,***,30,Data Science,2026-03-19,Online
8287,***,***,38,Data Science,2024-05-30,Online
8288,***,***,27,Web development,2023-06-06,Online
8289,***,***,28,Machine Learning,2026-09-15,In-person
8290,***,***,44,Software Engineering,2023-09-22,In-person
8291,***,***,28,Web development,2024-12-25,Online
8292,***,***,27,Data Engineering,2025-05-24,In-person
8293,***,***,33,Machine Learning,2024-01-14,Online
8294,***,***,26,Web development,2024-11-21,In-person
8295,***,***,31,Software Engineering,2024-04-10,In-person
8296,***,***,36,Software Engineering,2026-07-06,In-person
8297,***,***,45,Machine Learning,2023-03-22,Online
8298,***,***,39,Data Engineering,2027-08-08,Online
8299,***,***,34,Data Engineering,2026-08-24,Online
8300,***,***,31,Data Science,2024-10-22,Online
8301,***,***,42,Machine Learning,2026-04-07,In-person
8302,***,***,24,Software Engineering,2027-09-14,Online
8303,***,***,44,Data Science,2024-01-18,Online
8304,***,***,27,Machine Learning,2027-09-17,Online
8305,***,***,43,Data Engineering,2026-03-22,In-person
8306,***,***,33,Machine Learning,2025-05-01,In-person
8307,***,***,27,Web development,2023-02-15,Online
8308,***,***,41,Software Engineering,2024-10-27,In-person
8309,***,***,40,Machine Learning,2025-03-04,In-person
8310,***,***,36,Software Engineering,2023-12-12,In-person
8311,***,***,33,Machine Learning,2023-06-12,Online
8312,***,***,39,Web development,2026-01-13,In-person
8313,***,***,32,Data Engineering,2025-05-11,In-person
8314,***,***,43,Machine Learning,2025-08-30,In-person
8315,***,***,36,Web development,2023-10-18,Online
8316,***,***,25,Web development,2024-12-19,In-person
8317,***,***,31,Web development,2023-10-29,Online
8318,***,***,26,Web development,2027-09-06,In-person
8319,***,***,27,Web development,2023-03-31,Online
8320,***,***,30,Web development,2023-02-04,Online
8321,***,***,25,Software Engineering,2025-11-02,Online
8322,***,***,38,Web development,2025-01-19,Online
8323,***,***,31,Data Science,2027-01-09,Online
8324,***,***,44,Web development,2026-04-06,Online
8325,***,***,31,Web development,2024-11-08,In-person
8326,***,***,30,Web development,2027-09-30,In-person
8327,***,***,29,Web development,2025-07-27,In-person
8328,***,***,30,Machine Learning,2026-09-28,Online
8329,***,***,41,Machine Learning,2023-03-23,In-person
8330,***,***,22,Web development,2025-04-01,In-person
8331,***,***,43,Software Engineering,2023-02-26,In-person
8332,***,***,39,Web development,2025-04-28,Online
8333,***,***,24,Data Engineering,2026-11-22,Online
8334,***,***,34,Machine Learning,2027-05-12,Online
8335,***,***,38,Web development,2025-05-20,Online
8336,***,***,33,Data Engineering,2027-04-06,In-person
8337,***,***,39,Data Science,2025-12-19,Online
8338,***,***,36,Machine Learning,2027-05-20,Online
8339,***,***,37,Data Science,2024-04-27,Online
8340,***,***,22,Software Engineering,2025-09-10,Online
8341,***,***,45,Software Engineering,2025-08-23,Online
8342,***,***,34,Data Science,2025-01-13,In-person
8343,***,***,35,Data Engineering,2024-08-26,In-person
8344,***,***,35,Data Engineering,2024-04-06,Online
8345,***,***,39,Software Engineering,2024-11-17,Online
8346,***,***,26,Data Engineering,2025-02-10,Online
8347,***,***,40,Data Science,2026-08-15,In-person
8348,***,***,37,Data Engineering,2026-07-05,In-person
8349,***,***,41,Data Science,2024-12-02,In-person
8350,***,***,29,Web development,2025-03-04,Online
8351,***,***,35,Software Engineering,2024-01-12,In-person
8352,***,***,30,Data Science,2023-10-07,In-person
8353,***,***,33,Software Engineering,2024-05-02,In-person
8354,***,***,44,Software Engineering,2026-04-22,Online
8355,***,***,42,Data Engineering,2025-12-03,Online
8356,***,***,41,Web development,2024-09-14,In-person
8357,***,***,22,Web development,2026-07-07,Online
8358,***,***,32,Data Science,2025-06-25,In-person
8359,***,***,35,Data Science,2027-09-22,Online
8360,***,***,31,Data Science,2023-05-17,Online
8361,***,***,45,Software Engineering,2026-01-04,Online
8362,***,***,27,Data Science,2026-01-21,Online
8363,***,***,24,Web development,2026-05-11,Online
8364,***,***,40,Data Engineering,2024-03-26,Online
8365,***,***,33,Data Science,2023-07-07,In-person
8366,***,***,45,Web development,2024-05-06,Online
8367,***,***,38,Data Science,2023-03-15,Online
8368,***,***,37,Data Science,2027-04-17,Online
8369,***,***,26,Data Engineering,2027-07-22,Online
8370,***,***,28,Software Engineering,2024-07-03,Online
8371,***,***,35,Software Engineering,2024-09-28,Online
8372,***,***,28,Data Science,2025-06-04,Online
8373,***,***,22,Data Engineering,2024-10-30,Online
8374,***,***,30,Data Science,2025-04-18,In-person
8375,***,***,37,Web development,2023-07-06,In-person
8376,***,***,42,Data Engineering,2026-05-29,Online
8377,***,***,34,Machine Learning,2026-07-23,In-person
8378,***,***,33,Web development,2025-10-22,Online
8379,***,***,37,Machine Learning,2024-03-31,In-person
8380,***,***,37,Data Engineering,2022-12-24,Online
8381,***,***,41,Data Science,2025-10-31,Online
8382,***,***,41,Machine Learning,2025-08-12,Online
8383,***,***,44,Data Engineering,2026-08-17,Online
8384,***,***,22,Software Engineering,2023-04-03,In-person
8385,***,***,37,Web development,2027-02-20,In-person
8386,***,***,41,Data Science,2025-04-02,In-person
8387,***,***,40,Web development,2023-07-05,In-person
8388,***,***,23,Data Engineering,2025-01-21,In-person
8389,***,***,38,Software Engineering,2024-08-21,In-person
8390,***,***,42,Machine Learning,2027-07-15,In-person
8391,***,***,44,Machine Learning,2023-07-25,In-person
8392,***,***,29,Web development,2025-08-27,Online
8393,***,***,23,Software Engineering,2027-10-09,In-person
8394,***,***,45,Data Engineering,2023-04-22,In-person
8395,***,***,34,Machine Learning,2023-01-13,In-person
8396,***,***,30,Machine Learning,2026-03-19,Online
8397,***,***,26,Software Engineering,2026-01-13,In-person
8398,***,***,35,Machine Learning,2025-12-13,Online
8399,***,***,35,Data Science,2024-11-07,Online
8400,***,***,24,Machine Learning,2023-03-29,Online
8401,***,***,36,Web development,2025-11-05,In-person
8402,***,***,23,Software Engineering,2026-11-30,Online
8403,***,***,24,Data Engineering,2023-10-19,Online
8404,***,***,43,Data Science,2023-07-08,In-person
8405,***,***,36,Data Science,2023-08-09,Online
8406,***,***,29,Machine Learning,2024-11-26,Online
8407,***,***,31,Web development,2027-07-04,Online
8408,***,***,22,Data Science,2022-10-27,In-person
8409,***,***,43,Data Science,2024-02-19,In-person
8410,***,***,38,Machine Learning,2024-09-21,In-person
8411,***,***,44,Machine Learning,2023-12-11,Online
8412,***,***,42,Data Engineering,2024-09-27,Online
8413,***,***,31,Software Engineering,2027-01-14,In-person
8414,***,***,26,Software Engineering,2023-01-15,Online
8415,***,***,30,Software Engineering,2023-02-23,In-person
8416,***,***,36,Data Engineering,2025-06-21,In-person
8417,***,***,29,Data Science,2025-05-28,Online
8418,***,***,33,Data Engineering,2026-01-05,Online
8419,***,***,33,Data Engineering,2027-08-31,Online
8420,***,***,37,Software Engineering,2025-07-01,In-person
8421,***,***,28,Data Science,2026-07-27,Online
8422,***,***,23,Data Science,2023-01-28,Online
8423,***,***,37,Web development,2023-08-12,Online
8424,***,***,32,Data Science,2024-07-15,Online
8425,***,***,26,Machine Learning,2025-02-14,In-person
8426,***,***,31,Data Science,2027-05-04,In-person
8427,***,***,22,Software Engineering,2024-10-11,In-person
8428,***,***,26,Data Science,2026-05-09,In-person
8429,***,***,44,Data Engineering,2023-07-01,In-person
8430,***,***,33,Data Engineering,2025-08-03,In-person
8431,***,***,28,Machine Learning,2024-03-20,In-person
8432,***,***,40,Software Engineering,2023-07-13,Online
8433,***,***,27,Machine Learning,2026-05-22,In-person
8434,***,***,38,Machine Learning,2026-09-05,Online
8435,***,***,36,Data Science,2024-01-09,In-person
8436,***,***,26,Software Engineering,2027-05-11,Online
8437,***,***,26,Data Science,2027-04-23,In-person
8438,***,***,35,Data Science,2024-01-02,Online
8439,***,***,36,Software Engineering,2023-05-05,In-person
8440,***,***,36,Data Science,2022-10-24,Online
8441,***,***,39,Software Engineering,2023-08-19,In-person
8442,***,***,39,Data Engineering,2023-07-28,In-person
8443,***,***,38,Web development,2026-05-12,Online
8444,***,***,22,Data Science,2024-01-21,In-person
8445,***,***,33,Machine Learning,2025-11-05,Online
8446,***,***,23,Data Engineering,2025-03-31,In-person
8447,***,***,42,Data Engineering,2022-12-27,Online
8448,***,***,42,Data Science,2026-11-04,In-person
8449,***,***,36,Data Engineering,2022-11-22,Online
8450,***,***,27,Web development,2026-06-23,Online
8451,***,***,44,Machine Learning,2024-03-04,Online
8452,***,***,42,Data Science,2023-10-09,In-person
8453,***,***,36,Web development,2025-01-25,Online
8454,***,***,41,Machine Learning,2027-06-18,In-person
8455,***,***,29,Data Engineering,2025-11-27,In-person
8456,***,***,29,Web development,2025-01-01,Online
8457,***,***,26,Data Science,2026-09-21,Online
8458,***,***,39,Machine Learning,2025-06-29,Online
8459,***,***,28,Machine Learning,2025-03-16,Online
8460,***,***,25,Software Engineering,2023-04-22,Online
8461,***,***,30,Software Engineering,2027-04-27,Online
8462,***,***,33,Data Engineering,2025-10-02,Online
8463,***,***,36,Data Science,2027-09-29,Online
8464,***,***,32,Data Science,2025-01-30,Online
8465,***,***,35,Machine Learning,2025-08-31,In-person
8466,***,***,23,Web development,2027-04-02,Online
8467,***,***,33,Software Engineering,2026-12-08,Online
8468,***,***,44,Software Engineering,2027-04-25,In-person
8469,***,***,45,Data Science,2027-01-23,In-person
8470,***,***,25,Machine Learning,2024-12-11,In-person
8471,***,***,23,Data Engineering,2027-10-17,In-person
8472,***,***,28,Data Science,2027-09-11,In-person
8473,***,***,39,Machine Learning,2026-02-08,In-person
8474,***,***,25,Web development,2024-07-15,In-person
8475,***,***,28,Data Engineering,2027-01-31,In-person
8476,***,***,39,Software Engineering,2023-04-03,In-person
8477,***,***,24,Data Science,2023-12-12,In-person
8478,***,***,28,Software Engineering,2023-05-19,Online
8479,***,***,23,Machine Learning,2027-06-19,In-person
8480,***,***,31,Data Engineering,2026-10-22,In-person
8481,***,***,23,Data Engineering,2025-01-13,Online
8482,***,***,41,Data Science,2025-03-10,Online
8483,***,***,24,Data Engineering,2025-11-12,In-person
8484,***,***,40,Software Engineering,2025-09-18,Online
8485,***,***,44,Data Science,2024-01-08,In-person
8486,***,***,30,Data Engineering,2027-04-19,Online
8487,***,***,22,Data Science,2023-10-26,In-person
8488,***,***,22,Data Science,2023-03-08,Online
8489,***,***,39,Data Engineering,2026-02-25,Online
8490,***,***,25,Data Engineering,2026-11-30,In-person
8491,***,***,36,Machine Learning,2026-11-15,In-person
8492,***,***,41,Web development,2023-11-26,In-person
8493,***,***,40,Web development,2025-02-28,Online
8494,***,***,33,Software Engineering,2023-08-30,Online
8495,***,***,45,Web development,2024-05-14,In-person
8496,***,***,43,Data Engineering,2024-08-13,Online
8497,***,***,41,Data Science,2026-04-08,In-person
8498,***,***,34,Software Engineering,2023-08-18,In-person
8499,***,***,24,Data Science,2023-09-14,In-person
8500,***,***,36,Web development,2025-06-22,Online
8501,***,***,24,Data Engineering,2023-11-15,Online
8502,***,***,39,Software Engineering,2026-02-14,Online
8503,***,***,22,Data Engineering,2024-06-26,Online
8504,***,***,44,Data Engineering,2026-01-31,Online
8505,***,***,32,Web development,2024-12-11,In-person
8506,***,***,24,Data Engineering,2023-12-06,Online
8507,***,***,33,Data Science,2026-03-29,In-person
8508,***,***,36,Software Engineering,2025-11-14,Online
8509,***,***,43,Software Engineering,2023-07-23,In-person
8510,***,***,27,Data Engineering,2025-07-21,Online
8511,***,***,36,Web development,2024-10-26,Online
8512,***,***,34,Software Engineering,2025-11-09,In-person
8513,***,***,42,Machine Learning,2027-05-06,Online
8514,***,***,43,Web development,2026-11-22,In-person
8515,***,***,24,Data Science,2027-05-27,Online
8516,***,***,33,Machine Learning,2023-09-15,In-person
8517,***,***,39,Machine Learning,2025-05-31,Online
8518,***,***,42,Machine Learning,2023-04-26,Online
8519,***,***,28,Data Science,2025-08-22,In-person
8520,***,***,27,Data Engineering,2024-10-08,In-person
8521,***,***,43,Machine Learning,2024-11-29,In-person
8522,***,***,39,Data Science,2023-01-26,In-person
8523,***,***,29,Software Engineering,2024-04-25,In-person
8524,***,***,26,Machine Learning,2025-11-13,In-person
8525,***,***,26,Data Engineering,2023-04-28,Online
8526,***,***,23,Data Engineering,2023-07-02,Online
8527,***,***,33,Data Science,2026-03-09,Online
8528,***,***,33,Data Engineering,2026-07-09,Online
8529,***,***,33,Machine Learning,2024-04-15,In-person
8530,***,***,29,Data Science,2026-02-11,Online
8531,***,***,32,Machine Learning,2024-03-03,In-person
8532,***,***,36,Machine Learning,2022-12-24,In-person
8533,***,***,43,Software Engineering,2025-12-28,In-person
8534,***,***,33,Data Science,2024-06-07,In-person
8535,***,***,43,Software Engineering,2024-07-02,In-person
8536,***,***,32,Web development,2027-05-21,In-person
8537,***,***,27,Software Engineering,2023-01-20,In-person
8538,***,***,37,Machine Learning,2025-11-01,Online
8539,***,***,43,Software Engineering,2027-09-30,In-person
8540,***,***,24,Data Engineering,2027-09-04,Online
8541,***,***,23,Machine Learning,2027-08-02,In-person
8542,***,***,35,Machine Learning,2027-06-09,In-person
8543,***,***,24,Machine Learning,2026-10-18,In-person
8544,***,***,27,Software Engineering,2026-03-03,Online
8545,***,***,33,Software Engineering,2024-04-08,Online
8546,***,***,41,Data Engineering,2024-01-25,Online
8547,***,***,24,Web development,2027-02-13,In-person
8548,***,***,38,Machine Learning,2027-02-14,Online
8549,***,***,33,Data Engineering,2027-06-14,In-person
8550,***,***,26,Machine Learning,2024-11-26,Online
8551,***,***,43,Software Engineering,2027-06-20,Online
8552,***,***,27,Data Engineering,2026-09-12,In-person
8553,***,***,31,Machine Learning,2024-10-26,Online
8554,***,***,22,Web development,2023-01-13,In-person
8555,***,***,40,Web development,2023-01-22,In-person
8556,***,***,38,Data Engineering,2024-06-26,In-person
8557,***,***,37,Software Engineering,2023-12-18,In-person
8558,***,***,22,Machine Learning,2026-08-12,Online
8559,***,***,23,Data Science,2025-09-10,In-person
8560,***,***,26,Machine Learning,2026-09-15,In-person
8561,***,***,40,Data Science,2025-07-08,In-person
8562,***,***,36,Software Engineering,2027-10-07,Online
8563,***,***,40,Software Engineering,2022-10-28,In-person
8564,***,***,34,Web development,2026-02-02,In-person
8565,***,***,33,Data Science,2026-04-04,In-person
8566,***,***,38,Machine Learning,2025-12-17,In-person
8567,***,***,27,Software Engineering,2025-03-25,In-person
8568,***,***,24,Machine Learning,2027-08-25,Online
8569,***,***,32,Machine Learning,2025-11-24,Online
8570,***,***,42,Data Science,2026-06-06,Online
8571,***,***,32,Machine Learning,2023-11-13,In-person
8572,***,***,40,Data Engineering,2024-03-30,Online
8573,***,***,26,Software Engineering,2024-05-08,Online
8574,***,***,29,Data Science,2025-07-12,In-person
8575,***,***,42,Machine Learning,2027-03-01,In-person
8576,***,***,42,Machine Learning,2023-01-20,Online
8577,***,***,35,Data Science,2026-07-14,In-person
8578,***,***,36,Data Engineering,2024-12-29,Online
8579,***,***,29,Web development,2024-03-04,In-person
8580,***,***,28,Web development,2024-02-15,In-person
8581,***,***,26,Data Science,2026-12-12,Online
8582,***,***,24,Machine Learning,2024-01-25,Online
8583,***,***,31,Data Science,2024-09-26,In-person
8584,***,***,27,Software Engineering,2022-11-07,In-person
8585,***,***,23,Data Engineering,2027-04-09,Online
8586,***,***,24,Data Science,2026-09-20,In-person
8587,***,***,42,Machine Learning,2023-10-26,In-person
8588,***,***,28,Data Engineering,2024-08-22,Online
8589,***,***,35,Data Engineering,2026-03-10,In-person
8590,***,***,24,Data Engineering,2027-06-09,In-person
8591,***,***,23,Data Engineering,2023-09-16,In-person
8592,***,***,39,Machine Learning,2026-07-10,Online
8593,***,***,28,Machine Learning,2023-12-09,Online
8594,***,***,39,Data Science,2025-08-01,Online
8595,***,***,22,Software Engineering,2027-08-18,In-person
8596,***,***,42,Web development,2024-02-22,In-person
8597,***,***,25,Web development,2026-07-20,In-person
8598,***,***,37,Software Engineering,2023-04-10,Online
8599,***,***,25,Web development,2025-07-12,In-person
8600,***,***,35,Data Science,2026-03-16,Online
8601,***,***,41,Data Science,2027-08-27,Online
8602,***,***,31,Data Engineering,2024-04-11,In-person
8603,***,***,29,Data Science,2026-10-23,Online
8604,***,***,32,Data Engineering,2023-12-31,Online
8605,***,***,24,Software Engineering,2024-12-27,In-person
8606,***,***,33,Software Engineering,2023-10-01,Online
8607,***,***,42,Data Engineering,2026-07-11,Online
8608,***,***,40,Machine Learning,2022-11-16,Online
8609,***,***,32,Data Science,2023-12-02,Online
8610,***,***,22,Data Science,2023-08-20,Online
8611,***,***,22,Data Science,2026-06-14,Online
8612,***,***,43,Machine Learning,2023-01-08,In-person
8613,***,***,30,Data Science,2026-11-18,Online
8614,***,***,43,Data Science,2025-03-23,Online
8615,***,***,30,Machine Learning,2025-11-06,In-person
8616,***,***,28,Machine Learning,2024-09-16,Online
8617,***,***,32,Data Engineering,2026-12-22,In-person
8618,***,***,30,Web development,2027-05-21,Online
8619,***,***,35,Machine Learning,2025-03-16,Online
8620,***,***,36,Data Science,2023-05-02,Online
8621,***,***,30,Data Engineering,2024-08-06,Online
8622,***,***,33,Web development,2025-05-13,In-person
8623,***,***,30,Data Engineering,2026-11-24,In-person
8624,***,***,32,Software Engineering,2026-02-09,In-person
8625,***,***,34,Web development,2023-10-31,Online
8626,***,***,26,Machine Learning,2027-09-24,Online
8627,***,***,22,Software Engineering,2024-09-06,Online
8628,***,***,29,Data Engineering,2026-08-13,Online
8629,***,***,32,Web development,2025-12-09,In-person
8630,***,***,44,Web development,2024-03-07,In-person
8631,***,***,44,Data Science,2027-05-25,In-person
8632,***,***,37,Web development,2025-02-13,In-person
8633,***,***,45,Data Science,2026-12-15,In-person
8634,***,***,31,Web development,2026-02-21,In-person
8635,***,***,27,Web development,2027-07-19,Online
8636,***,***,45,Software Engineering,2027-08-19,Online
8637,***,***,33,Web development,2023-06-06,Online
8638,***,***,44,Machine Learning,2027-08-30,Online
8639,***,***,44,Data Engineering,2024-08-29,In-person
8640,***,***,34,Web development,2024-01-03,Online
8641,***,***,40,Data Science,2025-01-02,Online
8642,***,***,22,Machine Learning,2025-12-07,Online
8643,***,***,36,Data Engineering,2026-11-12,Online
8644,***,***,27,Data Science,2025-04-19,In-person
8645,***,***,26,Data Science,2024-02-06,Online
8646,***,***,36,Web development,2025-07-03,Online
8647,***,***,41,Machine Learning,2024-05-20,Online
8648,***,***,37,Machine Learning,2026-01-24,In-person
8649,***,***,29,Web development,2026-06-02,In-person
8650,***,***,24,Software Engineering,2025-10-26,In-person
8651,***,***,41,Machine Learning,2024-04-05,In-person
8652,***,***,25,Software Engineering,2022-12-05,In-person
8653,***,***,33,Web development,2023-06-24,In-person
8654,***,***,38,Data Science,2023-05-14,In-person
8655,***,***,37,Web development,2026-02-13,In-person
8656,***,***,33,Machine Learning,2026-12-09,Online
8657,***,***,35,Software Engineering,2024-04-14,In-person
8658,***,***,39,Data Engineering,2024-03-05,Online
8659,***,***,37,Web development,2027-01-07,Online
8660,***,***,33,Software Engineering,2024-12-22,Online
8661,***,***,23,Software Engineering,2024-10-04,In-person
8662,***,***,26,Web development,2024-02-06,In-person
8663,***,***,25,Web development,2023-02-06,In-person
8664,***,***,27,Data Engineering,2024-08-16,Online
8665,***,***,29,Web development,2026-09-13,Online
8666,***,***,37,Data Engineering,2024-01-04,In-person
8667,***,***,41,Data Science,2026-08-21,In-person
8668,***,***,33,Data Science,2025-08-10,In-person
8669,***,***,32,Machine Learning,2023-01-31,In-person
8670,***,***,38,Software Engineering,2023-08-28,In-person
8671,***,***,43,Data Science,2025-12-12,In-person
8672,***,***,27,Web development,2026-03-21,In-person
8673,***,***,35,Data Engineering,2024-09-15,In-person
8674,***,***,30,Data Engineering,2027-03-20,In-person
8675,***,***,43,Machine Learning,2027-02-18,Online
8676,***,***,23,Data Engineering,2027-07-02,Online
8677,***,***,32,Machine Learning,2023-02-14,In-person
8678,***,***,28,Data Engineering,2025-06-10,Online
8679,***,***,43,Web development,2023-09-27,Online
8680,***,***,43,Machine Learning,2026-11-04,In-person
8681,***,***,38,Data Science,2027-07-24,In-person
8682,***,***,40,Machine Learning,2022-12-09,Online
8683,***,***,31,Web development,2026-02-27,In-person
8684,***,***,43,Machine Learning,2023-10-06,In-person
8685,***,***,30,Web development,2026-05-24,Online
8686,***,***,22,Data Engineering,2023-11-07,Online
8687,***,***,25,Web development,2025-06-29,In-person
8688,***,***,42,Software Engineering,2024-01-30,Online
8689,***,***,28,Web development,2024-01-11,Online
8690,***,***,33,Web development,2025-05-30,In-person
8691,***,***,45,Web development,2027-02-02,Online
8692,***,***,33,Machine Learning,2026-10-29,Online
8693,***,***,35,Machine Learning,2026-04-09,In-person
8694,***,***,25,Machine Learning,2023-09-20,Online
8695,***,***,25,Data Engineering,2026-12-02,In-person
8696,***,***,41,Software Engineering,2025-06-14,Online
8697,***,***,38,Web development,2025-07-15,Online
8698,***,***,32,Software Engineering,2023-04-19,In-person
8699,***,***,32,Software Engineering,2025-08-05,Online
8700,***,***,36,Data Science,2026-02-14,Online
8701,***,***,36,Data Science,2025-02-23,Online
8702,***,***,38,Data Science,2023-01-15,In-person
8703,***,***,37,Machine Learning,2024-03-06,Online
8704,***,***,45,Software Engineering,2024-04-05,In-person
8705,***,***,40,Software Engineering,2024-05-06,Online
8706,***,***,30,Machine Learning,2026-02-19,Online
8707,***,***,38,Data Science,2023-11-05,Online
8708,***,***,36,Data Science,2026-11-05,In-person
8709,***,***,27,Software Engineering,2025-12-07,Online
8710,***,***,45,Machine Learning,2025-07-18,In-person
8711,***,***,29,Web development,2027-02-23,In-person
8712,***,***,34,Data Engineering,2026-03-03,Online
8713,***,***,36,Machine Learning,2027-06-01,In-person
8714,***,***,43,Data Engineering,2025-04-18,Online
8715,***,***,38,Data Science,2026-08-09,In-person
8716,***,***,44,Machine Learning,2025-01-10,In-person
8717,***,***,44,Data Engineering,2025-05-29,Online
8718,***,***,29,Machine Learning,2023-02-04,Online
8719,***,***,24,Machine Learning,2024-06-05,In-person
8720,***,***,45,Data Science,2024-12-18,Online
8721,***,***,37,Data Engineering,2024-09-17,In-person
8722,***,***,22,Software Engineering,2024-12-24,Online
8723,***,***,24,Data Engineering,2022-11-20,Online
8724,***,***,41,Data Science,2023-02-12,In-person
8725,***,***,31,Machine Learning,2026-11-11,Online
8726,***,***,31,Web development,2025-03-17,In-person
8727,***,***,29,Machine Learning,2025-06-24,In-person
8728,***,***,36,Data Engineering,2027-01-07,Online
8729,***,***,24,Data Science,2026-05-03,In-person
8730,***,***,44,Data Engineering,2026-06-30,Online
8731,***,***,31,Data Science,2023-12-13,Online
8732,***,***,31,Software Engineering,2027-03-01,Online
8733,***,***,29,Web development,2026-06-17,Online
8734,***,***,24,Software Engineering,2025-03-06,In-person
8735,***,***,42,Web development,2024-07-31,In-person
8736,***,***,39,Data Science,2023-10-06,In-person
8737,***,***,29,Software Engineering,2026-01-17,Online
8738,***,***,22,Machine Learning,2025-10-07,In-person
8739,***,***,39,Data Engineering,2025-01-23,Online
8740,***,***,32,Data Science,2023-10-26,Online
8741,***,***,39,Data Science,2027-09-06,In-person
8742,***,***,37,Web development,2023-12-19,Online
8743,***,***,45,Data Science,2026-01-11,Online
8744,***,***,44,Software Engineering,2026-12-25,In-person
8745,***,***,34,Data Science,2026-02-20,In-person
8746,***,***,22,Machine Learning,2023-03-11,In-person
8747,***,***,24,Machine Learning,2025-06-26,Online
8748,***,***,42,Web development,2023-10-28,Online
8749,***,***,28,Data Science,2026-01-30,Online
8750,***,***,22,Web development,2024-07-03,In-person
8751,***,***,32,Software Engineering,2027-01-29,In-person
8752,***,***,23,Web development,2027-04-26,In-person
8753,***,***,39,Machine Learning,2027-08-07,Online
8754,***,***,37,Machine Learning,2024-10-27,In-person
8755,***,***,25,Data Science,2022-11-29,In-person
8756,***,***,26,Software Engineering,2025-09-29,Online
8757,***,***,34,Data Science,2027-04-06,In-person
8758,***,***,24,Data Engineering,2024-04-09,Online
8759,***,***,30,Software Engineering,2023-03-05,Online
8760,***,***,38,Data Engineering,2026-12-20,In-person
8761,***,***,23,Web development,2024-09-13,Online
8762,***,***,44,Data Engineering,2024-07-07,In-person
8763,***,***,31,Web development,2022-12-24,In-person
8764,***,***,30,Data Engineering,2025-06-09,In-person
8765,***,***,30,Software Engineering,2027-03-14,Online
8766,***,***,24,Data Science,2025-04-18,Online
8767,***,***,30,Machine Learning,2026-10-16,In-person
8768,***,***,41,Data Engineering,2026-02-19,Online
8769,***,***,25,Web development,2027-07-27,In-person
8770,***,***,37,Software Engineering,2026-01-07,In-person
8771,***,***,44,Web development,2024-10-02,Online
8772,***,***,38,Web development,2026-08-20,In-person
8773,***,***,25,Data Engineering,2026-11-01,Online
8774,***,***,37,Data Engineering,2025-03-08,Online
8775,***,***,26,Data Science,2024-05-11,Online
8776,***,***,22,Software Engineering,2023-08-27,Online
8777,***,***,22,Machine Learning,2024-06-13,In-person
8778,***,***,35,Web development,2022-12-22,Online
8779,***,***,43,Data Science,2027-01-07,In-person
8780,***,***,31,Software Engineering,2026-10-29,Online
8781,***,***,39,Data Engineering,2025-09-02,In-person
8782,***,***,43,Software Engineering,2026-09-14,In-person
8783,***,***,37,Data Science,2024-10-01,Online
8784,***,***,35,Data Engineering,2027-07-28,In-person
8785,***,***,40,Software Engineering,2023-03-21,Online
8786,***,***,31,Data Science,2022-12-03,In-person
8787,***,***,40,Data Engineering,2025-03-15,Online
8788,***,***,24,Machine Learning,2026-03-13,In-person
8789,***,***,43,Data Science,2024-11-01,In-person
8790,***,***,36,Machine Learning,2026-06-17,In-person
8791,***,***,29,Data Engineering,2025-09-12,In-person
8792,***,***,23,Software Engineering,2027-06-13,In-person
8793,***,***,36,Data Science,2022-10-24,In-person
8794,***,***,25,Data Engineering,2027-10-06,Online
8795,***,***,42,Machine Learning,2022-11-26,In-person
8796,***,***,33,Data Engineering,2025-07-26,In-person
8797,***,***,40,Data Science,2024-10-23,Online
8798,***,***,28,Software Engineering,2027-05-29,Online
8799,***,***,34,Machine Learning,2027-04-12,In-person
8800,***,***,25,Software Engineering,2026-04-02,Online
8801,***,***,31,Machine Learning,2024-07-04,Online
8802,***,***,23,Machine Learning,2027-04-23,In-person
8803,***,***,40,Data Engineering,2027-03-13,Online
8804,***,***,45,Data Science,2025-08-31,Online
8805,***,***,34,Software Engineering,2024-01-10,In-person
8806,***,***,32,Machine Learning,2025-01-15,In-person
8807,***,***,22,Web development,2024-08-04,Online
8808,***,***,42,Data Science,2024-10-08,Online
8809,***,***,44,Web development,2025-07-13,Online
8810,***,***,36,Data Engineering,2025-01-02,In-person
8811,***,***,39,Machine Learning,2023-04-02,In-person
8812,***,***,23,Web development,2027-05-12,Online
8813,***,***,33,Machine Learning,2027-04-08,Online
8814,***,***,32,Software Engineering,2024-06-20,Online
8815,***,***,36,Software Engineering,2023-05-31,Online
8816,***,***,35,Software Engineering,2026-05-22,In-person
8817,***,***,33,Machine Learning,2025-10-27,In-person
8818,***,***,23,Data Science,2026-10-13,Online
8819,***,***,31,Data Science,2023-11-11,In-person
8820,***,***,39,Machine Learning,2024-05-27,In-person
8821,***,***,35,Web development,2024-12-19,Online
8822,***,***,33,Data Science,2026-07-04,In-person
8823,***,***,32,Data Science,2026-01-26,In-person
8824,***,***,31,Software Engineering,2027-03-16,Online
8825,***,***,28,Data Science,2025-12-07,In-person
8826,***,***,34,Software Engineering,2023-08-06,In-person
8827,***,***,37,Software Engineering,2025-04-05,In-person
8828,***,***,24,Data Science,2027-09-15,In-person
8829,***,***,24,Web development,2023-10-07,Online
8830,***,***,25,Data Engineering,2023-11-30,In-person
8831,***,***,44,Data Engineering,2024-01-26,Online
8832,***,***,40,Web development,2025-08-17,Online
8833,***,***,33,Web development,2024-02-21,Online
8834,***,***,28,Software Engineering,2024-10-10,In-person
8835,***,***,45,Data Engineering,2023-02-28,In-person
8836,***,***,31,Software Engineering,2027-04-21,In-person
8837,***,***,26,Web development,2027-03-31,In-person
8838,***,***,38,Data Engineering,2023-12-20,In-person
8839,***,***,45,Web development,2023-03-17,In-person
8840,***,***,31,Data Science,2027-07-24,Online
8841,***,***,23,Web development,2026-03-31,In-person
8842,***,***,41,Machine Learning,2027-05-09,In-person
8843,***,***,35,Software Engineering,2024-04-30,Online
8844,***,***,36,Data Engineering,2027-03-15,In-person
8845,***,***,38,Machine Learning,2023-10-29,Online
8846,***,***,39,Data Science,2025-01-18,Online
8847,***,***,31,Machine Learning,2027-10-06,In-person
8848,***,***,26,Software Engineering,2026-12-08,Online
8849,***,***,31,Web development,2024-04-09,In-person
8850,***,***,30,Web development,2025-05-07,Online
8851,***,***,40,Data Science,2023-09-22,Online
8852,***,***,25,Web development,2025-07-30,Online
8853,***,***,23,Data Engineering,2024-03-16,In-person
8854,***,***,23,Data Science,2027-07-24,Online
8855,***,***,40,Software Engineering,2026-10-30,Online
8856,***,***,22,Machine Learning,2026-10-06,Online
8857,***,***,26,Data Science,2022-11-09,In-person
8858,***,***,24,Software Engineering,2024-10-17,Online
8859,***,***,30,Software Engineering,2025-05-11,In-person
8860,***,***,34,Data Science,2023-07-06,In-person
8861,***,***,32,Data Science,2025-05-02,Online
8862,***,***,38,Software Engineering,2023-10-01,Online
8863,***,***,34,Data Science,2023-01-10,In-person
8864,***,***,38,Machine Learning,2026-12-05,Online
8865,***,***,23,Software Engineering,2024-03-06,Online
8866,***,***,31,Data Engineering,2025-08-30,Online
8867,***,***,37,Machine Learning,2027-08-04,In-person
8868,***,***,30,Machine Learning,2026-06-16,Online
8869,***,***,32,Web development,2023-09-02,In-person
8870,***,***,28,Web development,2027-09-18,Online
8871,***,***,29,Machine Learning,2026-07-21,Online
8872,***,***,22,Web development,2027-09-13,In-person
8873,***,***,45,Web development,2026-11-13,Online
8874,***,***,22,Machine Learning,2027-03-23,Online
8875,***,***,26,Web development,2024-08-05,In-person
8876,***,***,32,Data Science,2025-12-15,In-person
8877,***,***,30,Software Engineering,2027-06-21,In-person
8878,***,***,31,Data Engineering,2023-11-21,Online
8879,***,***,42,Web development,2026-09-13,In-person
8880,***,***,26,Software Engineering,2027-02-03,Online
8881,***,***,34,Data Science,2023-05-02,Online
8882,***,***,24,Software Engineering,2026-03-20,Online
8883,***,***,23,Data Engineering,2025-11-01,In-person
8884,***,***,36,Web development,2025-01-15,Online
8885,***,***,40,Software Engineering,2023-10-30,Online
8886,***,***,33,Machine Learning,2023-08-30,In-person
8887,***,***,34,Web development,2027-07-25,In-person
8888,***,***,45,Data Science,2023-03-09,Online
8889,***,***,38,Data Science,2026-04-05,Online
8890,***,***,31,Software Engineering,2027-08-10,Online
8891,***,***,23,Web development,2024-07-02,In-person
8892,***,***,39,Data Science,2023-04-01,Online
8893,***,***,30,Web development,2024-04-03,In-person
8894,***,***,32,Web development,2026-11-07,Online
8895,***,***,31,Data Engineering,2026-12-02,Online
8896,***,***,27,Software Engineering,2022-10-30,Online
8897,***,***,38,Web development,2022-11-09,In-person
8898,***,***,41,Data Science,2024-08-12,Online
8899,***,***,23,Web development,2024-09-08,In-person
8900,***,***,25,Data Science,2023-03-23,Online
8901,***,***,28,Software Engineering,2025-06-30,Online
8902,***,***,26,Data Engineering,2024-12-26,In-person
8903,***,***,40,Software Engineering,2024-12-30,Online
8904,***,***,44,Machine Learning,2025-02-04,Online
8905,***,***,39,Web development,2026-04-18,Online
8906,***,***,32,Machine Learning,2027-10-10,Online
8907,***,***,40,Data Science,2023-04-02,Online
8908,***,***,34,Machine Learning,2024-06-16,In-person
8909,***,***,28,Data Engineering,2027-09-30,In-person
8910,***,***,42,Software Engineering,2023-05-11,Online
8911,***,***,30,Machine Learning,2023-12-21,In-person
8912,***,***,29,Data Science,2024-05-18,In-person
8913,***,***,45,Data Science,2025-07-23,Online
8914,***,***,45,Data Science,2026-02-26,Online
8915,***,***,37,Data Science,2026-10-07,In-person
8916,***,***,22,Data Engineering,2023-10-04,Online
8917,***,***,42,Web development,2023-07-12,Online
8918,***,***,32,Data Science,2025-11-12,Online
8919,***,***,30,Data Engineering,2023-06-19,Online
8920,***,***,36,Machine Learning,2024-09-08,Online
8921,***,***,28,Data Science,2024-03-22,In-person
8922,***,***,43,Machine Learning,2025-06-11,In-person
8923,***,***,39,Data Engineering,2024-10-26,Online
8924,***,***,26,Web development,2023-02-23,In-person
8925,***,***,25,Web development,2023-05-20,In-person
8926,***,***,26,Machine Learning,2025-08-03,Online
8927,***,***,32,Software Engineering,2024-09-26,Online
8928,***,***,32,Machine Learning,2023-07-24,In-person
8929,***,***,39,Software Engineering,2025-10-30,In-person
8930,***,***,43,Web development,2025-02-12,Online
8931,***,***,29,Web development,2027-03-20,Online
8932,***,***,36,Data Science,2024-08-18,In-person
8933,***,***,42,Machine Learning,2025-07-18,Online
8934,***,***,31,Software Engineering,2024-03-25,In-person
8935,***,***,26,Data Science,2023-01-04,Online
8936,***,***,37,Web development,2025-07-23,In-person
8937,***,***,29,Machine Learning,2024-04-02,In-person
8938,***,***,30,Web development,2025-10-25,Online
8939,***,***,23,Software Engineering,2027-09-15,Online
8940,***,***,29,Data Science,2024-01-15,Online
8941,***,***,37,Machine Learning,2024-07-07,Online
8942,***,***,41,Software Engineering,2025-06-16,In-person
8943,***,***,24,Machine Learning,2024-12-16,In-person
8944,***,***,32,Data Engineering,2023-03-22,Online
8945,***,***,44,Data Science,2025-12-28,Online
8946,***,***,23,Data Science,2024-12-23,Online
8947,***,***,37,Web development,2024-10-24,Online
8948,***,***,31,Data Engineering,2023-10-23,In-person
8949,***,***,38,Data Science,2024-11-22,In-person
8950,***,***,45,Web development,2027-09-26,Online
8951,***,***,31,Data Science,2022-12-25,In-person
8952,***,***,30,Web development,2023-08-16,In-person
8953,***,***,22,Web development,2025-10-01,Online
8954,***,***,36,Data Engineering,2026-04-24,In-person
8955,***,***,22,Software Engineering,2024-07-16,In-person
8956,***,***,32,Machine Learning,2024-12-22,Online
8957,***,***,45,Data Science,2023-07-13,Online
8958,***,***,23,Data Science,2024-04-15,In-person
8959,***,***,42,Data Science,2023-03-26,In-person
8960,***,***,44,Web development,2027-06-02,Online
8961,***,***,43,Web development,2026-10-08,In-person
8962,***,***,38,Machine Learning,2023-12-29,Online
8963,***,***,39,Data Engineering,2027-04-07,Online
8964,***,***,42,Data Engineering,2026-04-18,In-person
8965,***,***,43,Data Science,2022-11-26,Online
8966,***,***,28,Data Engineering,2026-09-07,Online
8967,***,***,33,Web development,2024-03-08,Online
8968,***,***,24,Data Science,2026-08-31,Online
8969,***,***,40,Data Science,2024-04-04,Online
8970,***,***,27,Machine Learning,2022-11-12,Online
8971,***,***,38,Web development,2023-07-31,In-person
8972,***,***,24,Machine Learning,2027-07-21,In-person
8973,***,***,27,Machine Learning,2025-10-08,In-person
8974,***,***,30,Machine Learning,2025-09-24,Online
8975,***,***,24,Web development,2027-10-03,Online
8976,***,***,22,Web development,2023-10-20,Online
8977,***,***,42,Data Science,2027-03-20,In-person
8978,***,***,26,Software Engineering,2023-08-20,Online
8979,***,***,22,Software Engineering,2024-04-28,In-person
8980,***,***,24,Data Engineering,2027-08-02,In-person
8981,***,***,45,Data Science,2025-06-03,In-person
8982,***,***,42,Software Engineering,2022-12-21,Online
8983,***,***,33,Web development,2023-04-26,In-person
8984,***,***,40,Data Engineering,2023-12-01,In-person
8985,***,***,37,Web development,2023-02-26,Online
8986,***,***,26,Machine Learning,2025-09-25,In-person
8987,***,***,29,Software Engineering,2025-11-25,Online
8988,***,***,31,Software Engineering,2024-10-22,In-person
8989,***,***,39,Software Engineering,2025-07-13,Online
8990,***,***,40,Web development,2027-05-15,Online
8991,***,***,30,Data Engineering,2025-09-04,In-person
8992,***,***,35,Machine Learning,2023-05-14,In-person
8993,***,***,29,Web development,2024-08-30,Online
8994,***,***,23,Web development,2024-12-05,In-person
8995,***,***,43,Web development,2023-08-02,Online
8996,***,***,34,Web development,2027-06-28,In-person
8997,***,***,29,Machine Learning,2024-04-02,In-person
8998,***,***,28,Data Science,2025-01-10,In-person
8999,***,***,30,Data Science,2026-01-10,In-person
9000,***,***,28,Machine Learning,2027-06-25,Online
9001,***,***,27,Software Engineering,2023-05-22,In-person
9002,***,***,27,Data Engineering,2027-09-27,In-person
9003,***,***,45,Data Engineering,2026-12-05,In-person
9004,***,***,34,Machine Learning,2026-02-11,In-person
9005,***,***,27,Data Engineering,2026-11-06,In-person
9006,***,***,31,Software Engineering,2024-11-07,Online
9007,***,***,32,Web development,2024-05-14,Online
9008,***,***,44,Data Science,2025-10-06,In-person
9009,***,***,22,Web development,2024-02-14,In-person
9010,***,***,34,Machine Learning,2027-02-12,Online
9011,***,***,38,Machine Learning,2024-06-09,In-person
9012,***,***,30,Data Engineering,2027-03-31,In-person
9013,***,***,34,Machine Learning,2025-12-21,Online
9014,***,***,43,Data Science,2023-12-20,In-person
9015,***,***,26,Data Science,2025-05-18,Online
9016,***,***,38,Machine Learning,2026-07-01,Online
9017,***,***,36,Web development,2024-04-25,In-person
9018,***,***,30,Software Engineering,2023-10-20,In-person
9019,***,***,36,Web development,2025-09-04,Online
9020,***,***,30,Machine Learning,2026-07-26,In-person
9021,***,***,43,Data Science,2027-06-14,In-person
9022,***,***,44,Data Science,2027-01-05,In-person
9023,***,***,42,Data Science,2026-11-27,In-person
9024,***,***,33,Machine Learning,2026-07-18,In-person
9025,***,***,44,Software Engineering,2025-09-29,Online
9026,***,***,43,Software Engineering,2027-09-30,Online
9027,***,***,25,Software Engineering,2024-12-21,Online
9028,***,***,29,Data Science,2027-04-01,In-person
9029,***,***,39,Software Engineering,2026-12-02,In-person
9030,***,***,24,Data Engineering,2027-07-04,In-person
9031,***,***,29,Data Science,2027-09-26,In-person
9032,***,***,39,Machine Learning,2026-06-15,In-person
9033,***,***,24,Software Engineering,2023-11-08,Online
9034,***,***,38,Machine Learning,2024-06-16,In-person
9035,***,***,45,Machine Learning,2026-04-08,In-person
9036,***,***,27,Data Science,2026-11-15,In-person
9037,***,***,39,Data Engineering,2023-03-09,Online
9038,***,***,27,Data Science,2023-10-24,Online
9039,***,***,41,Software Engineering,2027-02-27,Online
9040,***,***,30,Data Science,2022-11-30,In-person
9041,***,***,25,Web development,2025-03-29,In-person
9042,***,***,44,Data Engineering,2027-05-25,Online
9043,***,***,40,Machine Learning,2025-07-18,Online
9044,***,***,37,Data Science,2027-03-04,Online
9045,***,***,32,Data Engineering,2024-11-24,In-person
9046,***,***,30,Software Engineering,2023-08-03,In-person
9047,***,***,32,Software Engineering,2027-01-08,Online
9048,***,***,25,Data Science,2024-05-24,In-person
9049,***,***,45,Data Engineering,2024-12-14,Online
9050,***,***,38,Data Science,2023-04-19,Online
9051,***,***,42,Web development,2025-07-25,In-person
9052,***,***,44,Machine Learning,2025-01-19,In-person
9053,***,***,31,Machine Learning,2027-06-05,Online
9054,***,***,44,Data Engineering,2026-05-19,In-person
9055,***,***,22,Machine Learning,2025-06-17,Online
9056,***,***,22,Web development,2026-06-01,In-person
9057,***,***,23,Machine Learning,2023-06-03,Online
9058,***,***,35,Data Engineering,2027-04-25,Online
9059,***,***,28,Data Engineering,2023-02-20,Online
9060,***,***,41,Web development,2026-11-22,Online
9061,***,***,26,Web development,2025-09-18,In-person
9062,***,***,44,Data Engineering,2026-12-29,Online
9063,***,***,23,Web development,2026-02-16,Online
9064,***,***,25,Data Science,2024-04-22,In-person
9065,***,***,30,Machine Learning,2027-01-12,In-person
9066,***,***,43,Software Engineering,2024-06-07,Online
9067,***,***,31,Web development,2027-10-05,In-person
9068,***,***,23,Software Engineering,2024-08-19,Online
9069,***,***,44,Machine Learning,2023-08-25,In-person
9070,***,***,25,Machine Learning,2025-04-29,Online
9071,***,***,35,Web development,2024-04-17,Online
9072,***,***,32,Web development,2026-07-25,In-person
9073,***,***,34,Web development,2027-02-24,Online
9074,***,***,25,Data Science,2023-08-11,Online
9075,***,***,38,Data Science,2023-01-27,In-person
9076,***,***,22,Data Engineering,2024-02-05,In-person
9077,***,***,31,Machine Learning,2025-12-29,In-person
9078,***,***,36,Machine Learning,2027-01-11,In-person
9079,***,***,33,Data Science,2025-01-16,In-person
9080,***,***,41,Web development,2027-08-29,In-person
9081,***,***,32,Machine Learning,2025-03-14,Online
9082,***,***,44,Machine Learning,2024-02-24,Online
9083,***,***,27,Machine Learning,2027-06-11,In-person
9084,***,***,36,Web development,2023-01-08,Online
9085,***,***,26,Data Science,2026-01-18,Online
9086,***,***,43,Software Engineering,2026-07-29,Online
9087,***,***,42,Software Engineering,2026-09-18,In-person
9088,***,***,38,Data Engineering,2026-06-13,In-person
9089,***,***,27,Data Science,2024-06-27,Online
9090,***,***,42,Data Science,2023-07-07,Online
9091,***,***,39,Data Science,2026-12-13,Online
9092,***,***,31,Software Engineering,2027-03-25,Online
9093,***,***,27,Data Engineering,2026-09-14,In-person
9094,***,***,32,Software Engineering,2025-09-21,Online
9095,***,***,34,Data Engineering,2025-01-10,In-person
9096,***,***,33,Data Engineering,2024-06-18,Online
9097,***,***,34,Data Engineering,2027-09-06,In-person
9098,***,***,30,Software Engineering,2026-11-16,Online
9099,***,***,27,Machine Learning,2027-06-17,Online
9100,***,***,32,Software Engineering,2027-09-21,Online
9101,***,***,41,Data Engineering,2024-10-28,In-person
9102,***,***,29,Software Engineering,2026-11-04,In-person
9103,***,***,40,Software Engineering,2023-06-30,In-person
9104,***,***,22,Data Engineering,2024-10-18,Online
9105,***,***,42,Machine Learning,2025-06-27,In-person
9106,***,***,29,Software Engineering,2024-01-22,Online
9107,***,***,41,Software Engineering,2027-03-31,Online
9108,***,***,26,Data Science,2024-03-18,Online
9109,***,***,43,Data Engineering,2023-09-11,In-person
9110,***,***,24,Machine Learning,2025-07-06,Online
9111,***,***,34,Machine Learning,2024-04-09,In-person
9112,***,***,43,Data Science,2027-09-11,Online
9113,***,***,30,Data Science,2027-08-28,In-person
9114,***,***,41,Machine Learning,2026-03-06,Online
9115,***,***,45,Machine Learning,2024-03-17,Online
9116,***,***,31,Web development,2024-12-15,Online
9117,***,***,44,Software Engineering,2024-12-04,In-person
9118,***,***,41,Software Engineering,2023-12-16,Online
9119,***,***,36,Software Engineering,2025-02-12,In-person
9120,***,***,31,Data Engineering,2022-11-02,In-person
9121,***,***,32,Machine Learning,2027-07-16,Online
9122,***,***,31,Data Science,2027-04-09,In-person
9123,***,***,28,Machine Learning,2024-09-15,Online
9124,***,***,40,Software Engineering,2023-11-19,Online
9125,***,***,22,Machine Learning,2027-04-05,In-person
9126,***,***,40,Software Engineering,2024-06-06,Online
9127,***,***,44,Machine Learning,2023-03-08,Online
9128,***,***,24,Data Science,2025-09-15,Online
9129,***,***,34,Web development,2024-07-06,In-person
9130,***,***,33,Machine Learning,2026-05-16,Online
9131,***,***,27,Data Engineering,2026-11-10,In-person
9132,***,***,43,Data Engineering,2023-01-05,In-person
9133,***,***,22,Machine Learning,2023-08-07,Online
9134,***,***,36,Software Engineering,2023-05-16,Online
9135,***,***,32,Machine Learning,2026-08-09,Online
9136,***,***,44,Data Engineering,2027-07-02,Online
9137,***,***,29,Software Engineering,2024-03-31,In-person
9138,***,***,39,Machine Learning,2026-06-18,In-person
9139,***,***,32,Data Engineering,2023-12-22,In-person
9140,***,***,28,Data Science,2023-09-03,In-person
9141,***,***,42,Data Science,2027-05-05,In-person
9142,***,***,24,Software Engineering,2025-10-19,Online
9143,***,***,23,Software Engineering,2025-06-04,In-person
9144,***,***,41,Data Engineering,2024-03-30,In-person
9145,***,***,42,Data Engineering,2024-09-21,Online
9146,***,***,43,Web development,2027-03-20,Online
9147,***,***,27,Data Engineering,2024-10-15,Online
9148,***,***,43,Data Science,2025-08-28,Online
9149,***,***,36,Data Engineering,2023-04-27,In-person
9150,***,***,31,Web development,2025-07-29,In-person
9151,***,***,27,Software Engineering,2025-07-07,In-person
9152,***,***,43,Data Engineering,2023-06-13,Online
9153,***,***,25,Machine Learning,2023-09-21,In-person
9154,***,***,41,Data Engineering,2027-09-28,In-person
9155,***,***,26,Data Science,2025-05-22,Online
9156,***,***,22,Data Engineering,2023-09-14,Online
9157,***,***,43,Machine Learning,2027-09-30,Online
9158,***,***,42,Data Engineering,2026-04-27,In-person
9159,***,***,41,Data Science,2024-11-07,In-person
9160,***,***,42,Data Science,2023-04-12,Online
9161,***,***,37,Data Science,2027-02-23,Online
9162,***,***,30,Web development,2024-02-20,Online
9163,***,***,28,Data Science,2027-04-03,In-person
9164,***,***,37,Machine Learning,2022-11-24,In-person
9165,***,***,39,Web development,2026-09-13,In-person
9166,***,***,41,Data Science,2025-08-25,Online
9167,***,***,23,Web development,2025-04-05,Online
9168,***,***,41,Data Science,2027-10-10,In-person
9169,***,***,22,Web development,2026-01-02,In-person
9170,***,***,25,Data Science,2026-03-04,In-person
9171,***,***,40,Web development,2023-02-25,In-person
9172,***,***,25,Software Engineering,2025-09-07,In-person
9173,***,***,36,Software Engineering,2026-04-21,In-person
9174,***,***,41,Data Engineering,2024-06-26,Online
9175,***,***,26,Web development,2027-09-04,In-person
9176,***,***,34,Machine Learning,2026-02-24,Online
9177,***,***,24,Data Science,2025-03-14,In-person
9178,***,***,35,Software Engineering,2024-07-17,Online
9179,***,***,31,Web development,2025-03-15,In-person
9180,***,***,40,Machine Learning,2025-08-16,Online
9181,***,***,33,Web development,2026-04-05,In-person
9182,***,***,40,Machine Learning,2026-04-15,Online
9183,***,***,43,Software Engineering,2023-07-08,In-person
9184,***,***,43,Web development,2023-03-31,Online
9185,***,***,39,Machine Learning,2023-02-06,Online
9186,***,***,23,Machine Learning,2023-01-10,In-person
9187,***,***,34,Data Engineering,2023-02-25,Online
9188,***,***,45,Data Engineering,2026-01-31,Online
9189,***,***,38,Data Science,2027-01-24,In-person
9190,***,***,39,Software Engineering,2023-03-12,In-person
9191,***,***,29,Data Science,2026-10-15,In-person
9192,***,***,37,Software Engineering,2026-09-25,In-person
9193,***,***,25,Web development,2023-05-21,In-person
9194,***,***,36,Machine Learning,2024-07-06,In-person
9195,***,***,38,Machine Learning,2024-08-26,Online
9196,***,***,45,Data Engineering,2027-09-27,In-person
9197,***,***,43,Data Engineering,2024-06-05,In-person
9198,***,***,31,Machine Learning,2027-04-06,In-person
9199,***,***,31,Software Engineering,2026-07-09,Online
9200,***,***,42,Software Engineering,2026-04-13,In-person
9201,***,***,30,Data Engineering,2024-07-23,In-person
9202,***,***,24,Machine Learning,2026-08-01,Online
9203,***,***,39,Data Engineering,2027-04-19,Online
9204,***,***,22,Web development,2025-10-09,Online
9205,***,***,24,Data Engineering,2027-01-02,Online
9206,***,***,43,Data Science,2027-04-15,In-person
9207,***,***,44,Machine Learning,2022-12-31,Online
9208,***,***,38,Web development,2023-10-10,In-person
9209,***,***,45,Software Engineering,2023-09-04,In-person
9210,***,***,26,Data Science,2027-06-03,Online
9211,***,***,42,Machine Learning,2025-01-24,In-person
9212,***,***,33,Machine Learning,2026-12-16,In-person
9213,***,***,25,Data Engineering,2023-03-30,In-person
9214,***,***,29,Software Engineering,2025-02-27,Online
9215,***,***,22,Software Engineering,2023-08-02,In-person
9216,***,***,26,Data Engineering,2026-02-05,In-person
9217,***,***,43,Machine Learning,2024-01-04,In-person
9218,***,***,40,Web development,2024-11-01,In-person
9219,***,***,42,Data Engineering,2024-07-08,In-person
9220,***,***,40,Data Science,2026-07-25,In-person
9221,***,***,41,Data Engineering,2026-03-29,Online
9222,***,***,41,Machine Learning,2024-11-04,In-person
9223,***,***,45,Web development,2025-03-22,Online
9224,***,***,25,Machine Learning,2025-01-03,In-person
9225,***,***,35,Data Science,2024-03-06,Online
9226,***,***,31,Software Engineering,2027-06-18,In-person
9227,***,***,29,Data Engineering,2025-08-25,Online
9228,***,***,23,Data Science,2025-12-05,In-person
9229,***,***,22,Data Engineering,2026-07-25,In-person
9230,***,***,26,Web development,2026-03-05,Online
9231,***,***,44,Data Science,2027-04-20,Online
9232,***,***,28,Data Engineering,2026-03-17,Online
9233,***,***,38,Data Engineering,2024-01-28,In-person
9234,***,***,39,Data Science,2027-09-08,In-person
9235,***,***,35,Machine Learning,2026-08-21,Online
9236,***,***,30,Machine Learning,2023-07-28,In-person
9237,***,***,30,Web development,2026-11-14,In-person
9238,***,***,38,Data Science,2023-01-29,In-person
9239,***,***,29,Software Engineering,2024-03-10,Online
9240,***,***,41,Web development,2023-03-25,Online
9241,***,***,34,Web development,2025-02-25,In-person
9242,***,***,28,Web development,2024-07-30,In-person
9243,***,***,44,Software Engineering,2023-09-19,In-person
9244,***,***,43,Software Engineering,2022-12-19,Online
9245,***,***,32,Data Science,2026-07-05,In-person
9246,***,***,29,Web development,2027-06-29,Online
9247,***,***,26,Software Engineering,2027-10-11,Online
9248,***,***,34,Web development,2025-05-01,In-person
9249,***,***,32,Data Engineering,2026-01-05,In-person
9250,***,***,24,Web development,2024-11-08,Online
9251,***,***,44,Machine Learning,2026-08-20,Online
9252,***,***,28,Software Engineering,2026-12-07,In-person
9253,***,***,26,Data Engineering,2027-06-06,Online
9254,***,***,25,Machine Learning,2025-06-02,In-person
9255,***,***,36,Data Science,2026-06-18,Online
9256,***,***,34,Software Engineering,2025-06-21,In-person
9257,***,***,26,Data Engineering,2026-02-16,In-person
9258,***,***,42,Data Engineering,2023-04-21,In-person
9259,***,***,22,Machine Learning,2023-06-03,In-person
9260,***,***,41,Data Engineering,2026-02-11,Online
9261,***,***,27,Machine Learning,2026-01-06,In-person
9262,***,***,44,Web development,2023-10-28,In-person
9263,***,***,34,Data Science,2023-10-06,Online
9264,***,***,42,Data Engineering,2023-11-29,Online
9265,***,***,36,Web development,2026-02-17,In-person
9266,***,***,27,Data Science,2026-03-17,In-person
9267,***,***,42,Data Engineering,2023-03-09,In-person
9268,***,***,30,Machine Learning,2023-01-04,In-person
9269,***,***,44,Data Engineering,2023-10-11,Online
9270,***,***,43,Web development,2023-03-27,In-person
9271,***,***,31,Machine Learning,2023-03-04,Online
9272,***,***,37,Data Science,2026-03-27,In-person
9273,***,***,29,Data Science,2025-07-02,In-person
9274,***,***,43,Data Science,2023-06-18,Online
9275,***,***,29,Data Engineering,2025-10-20,In-person
9276,***,***,31,Machine Learning,2026-04-22,Online
9277,***,***,25,Web development,2026-04-13,In-person
9278,***,***,38,Machine Learning,2026-05-15,In-person
9279,***,***,31,Web development,2026-11-20,In-person
9280,***,***,29,Data Science,2026-08-14,In-person
9281,***,***,28,Software Engineering,2024-11-15,In-person
9282,***,***,35,Data Engineering,2025-11-20,Online
9283,***,***,30,Web development,2022-11-29,In-person
9284,***,***,41,Data Science,2023-10-21,In-person
9285,***,***,43,Data Engineering,2023-09-05,In-person
9286,***,***,40,Machine Learning,2027-03-19,Online
9287,***,***,34,Web development,2024-06-30,In-person
9288,***,***,26,Web development,2025-03-01,In-person
9289,***,***,36,Machine Learning,2022-10-22,In-person
9290,***,***,29,Software Engineering,2025-04-05,Online
9291,***,***,40,Machine Learning,2026-08-04,In-person
9292,***,***,45,Web development,2023-07-12,Online
9293,***,***,30,Data Engineering,2024-03-14,In-person
9294,***,***,34,Machine Learning,2025-05-20,In-person
9295,***,***,37,Machine Learning,2024-04-13,Online
9296,***,***,31,Data Science,2023-01-04,In-person
9297,***,***,37,Data Science,2026-07-08,Online
9298,***,***,22,Web development,2027-09-12,Online
9299,***,***,23,Data Science,2023-09-21,In-person
9300,***,***,27,Data Science,2022-11-30,Online
9301,***,***,41,Web development,2024-03-25,Online
9302,***,***,28,Data Science,2027-08-01,Online
9303,***,***,26,Data Science,2024-07-31,In-person
9304,***,***,44,Machine Learning,2024-07-19,Online
9305,***,***,44,Web development,2027-10-01,Online
9306,***,***,35,Data Science,2024-06-21,Online
9307,***,***,26,Web development,2026-12-01,Online
9308,***,***,23,Data Engineering,2025-01-14,In-person
9309,***,***,33,Machine Learning,2027-08-16,Online
9310,***,***,38,Web development,2026-11-13,Online
9311,***,***,28,Data Science,2023-09-08,In-person
9312,***,***,22,Data Science,2025-09-03,In-person
9313,***,***,30,Data Science,2024-01-11,In-person
9314,***,***,40,Machine Learning,2023-04-02,In-person
9315,***,***,33,Data Engineering,2027-07-07,Online
9316,***,***,22,Software Engineering,2023-03-23,Online
9317,***,***,23,Data Science,2024-07-07,In-person
9318,***,***,40,Web development,2023-05-16,In-person
9319,***,***,25,Data Engineering,2025-01-25,In-person
9320,***,***,40,Machine Learning,2023-08-15,Online
9321,***,***,45,Software Engineering,2024-12-18,Online
9322,***,***,44,Software Engineering,2025-02-16,Online
9323,***,***,45,Web development,2026-09-26,In-person
9324,***,***,24,Software Engineering,2025-12-15,In-person
9325,***,***,36,Software Engineering,2027-08-30,Online
9326,***,***,31,Machine Learning,2024-12-18,Online
9327,***,***,41,Software Engineering,2027-07-14,In-person
9328,***,***,25,Web development,2023-04-07,In-person
9329,***,***,37,Software Engineering,2027-09-08,Online
9330,***,***,36,Software Engineering,2024-11-09,In-person
9331,***,***,30,Data Engineering,2024-08-22,In-person
9332,***,***,42,Data Science,2026-01-29,Online
9333,***,***,31,Data Engineering,2026-01-20,Online
9334,***,***,41,Machine Learning,2027-03-10,In-person
9335,***,***,26,Software Engineering,2024-09-27,In-person
9336,***,***,39,Software Engineering,2026-08-24,In-person
9337,***,***,40,Data Engineering,2026-09-30,Online
9338,***,***,37,Data Engineering,2026-06-28,In-person
9339,***,***,25,Software Engineering,2025-11-11,In-person
9340,***,***,32,Software Engineering,2023-02-04,In-person
9341,***,***,35,Software Engineering,2027-01-26,Online
9342,***,***,31,Machine Learning,2025-05-09,Online
9343,***,***,36,Data Science,2023-10-12,Online
9344,***,***,31,Data Science,2026-08-03,Online
9345,***,***,22,Data Engineering,2025-07-26,In-person
9346,***,***,37,Data Science,2024-01-20,In-person
9347,***,***,23,Software Engineering,2023-10-31,Online
9348,***,***,40,Data Science,2024-12-11,In-person
9349,***,***,24,Machine Learning,2027-08-06,Online
9350,***,***,28,Machine Learning,2023-12-11,Online
9351,***,***,30,Web development,2026-01-21,Online
9352,***,***,44,Software Engineering,2026-07-30,In-person
9353,***,***,37,Web development,2025-12-27,Online
9354,***,***,44,Machine Learning,2027-08-27,Online
9355,***,***,33,Data Engineering,2023-03-25,Online
9356,***,***,27,Data Engineering,2027-05-21,In-person
9357,***,***,43,Software Engineering,2023-07-22,In-person
9358,***,***,30,Web development,2023-05-23,In-person
9359,***,***,28,Machine Learning,2027-04-28,Online
9360,***,***,39,Web development,2026-12-08,In-person
9361,***,***,26,Data Science,2024-05-03,Online
9362,***,***,45,Software Engineering,2026-02-21,In-person
9363,***,***,25,Data Science,2027-07-15,In-person
9364,***,***,42,Data Science,2024-12-20,In-person
9365,***,***,30,Web development,2023-08-03,In-person
9366,***,***,36,Web development,2024-07-13,In-person
9367,***,***,37,Web development,2025-01-21,Online
9368,***,***,22,Software Engineering,2027-09-17,Online
9369,***,***,33,Data Engineering,2027-04-02,In-person
9370,***,***,23,Data Engineering,2025-02-15,Online
9371,***,***,31,Web development,2025-11-23,Online
9372,***,***,32,Software Engineering,2022-12-26,In-person
9373,***,***,41,Machine Learning,2026-06-21,In-person
9374,***,***,40,Software Engineering,2024-08-31,In-person
9375,***,***,38,Software Engineering,2023-01-05,In-person
9376,***,***,26,Machine Learning,2023-01-11,Online
9377,***,***,30,Data Engineering,2022-11-08,In-person
9378,***,***,43,Machine Learning,2026-05-16,Online
9379,***,***,41,Data Engineering,2024-01-10,Online
9380,***,***,22,Software Engineering,2026-09-24,In-person
9381,***,***,26,Machine Learning,2023-10-14,In-person
9382,***,***,22,Data Engineering,2025-05-28,In-person
9383,***,***,24,Software Engineering,2023-02-26,Online
9384,***,***,34,Machine Learning,2025-05-08,In-person
9385,***,***,38,Machine Learning,2027-02-16,In-person
9386,***,***,32,Data Engineering,2025-11-10,Online
9387,***,***,28,Software Engineering,2027-04-22,Online
9388,***,***,31,Data Engineering,2025-02-14,Online
9389,***,***,34,Software Engineering,2023-11-19,Online
9390,***,***,43,Data Engineering,2027-07-15,Online
9391,***,***,27,Data Science,2023-12-21,Online
9392,***,***,27,Web development,2027-09-16,In-person
9393,***,***,23,Data Engineering,2024-12-18,In-person
9394,***,***,31,Software Engineering,2026-01-16,Online
9395,***,***,38,Web development,2022-10-19,Online
9396,***,***,33,Web development,2024-01-23,In-person
9397,***,***,33,Web development,2027-01-06,In-person
9398,***,***,37,Data Science,2027-07-21,In-person
9399,***,***,26,Software Engineering,2027-05-05,In-person
9400,***,***,39,Web development,2022-12-07,In-person
9401,***,***,25,Data Engineering,2027-02-10,In-person
9402,***,***,29,Software Engineering,2026-04-27,Online
9403,***,***,30,Web development,2026-05-26,In-person
9404,***,***,44,Data Science,2026-03-14,In-person
9405,***,***,23,Data Engineering,2027-03-17,In-person
9406,***,***,26,Data Engineering,2024-03-28,Online
9407,***,***,37,Data Engineering,2026-02-09,Online
9408,***,***,44,Data Science,2026-02-28,In-person
9409,***,***,41,Data Science,2027-06-29,In-person
9410,***,***,45,Data Engineering,2026-07-31,Online
9411,***,***,44,Machine Learning,2027-08-07,In-person
9412,***,***,37,Machine Learning,2023-06-10,In-person
9413,***,***,32,Data Engineering,2023-05-31,In-person
9414,***,***,33,Machine Learning,2027-06-01,Online
9415,***,***,22,Data Science,2027-01-05,Online
9416,***,***,27,Data Science,2026-12-25,In-person
9417,***,***,23,Software Engineering,2027-01-24,In-person
9418,***,***,42,Data Engineering,2025-05-09,In-person
9419,***,***,38,Data Engineering,2024-05-21,In-person
9420,***,***,22,Machine Learning,2026-12-28,Online
9421,***,***,29,Web development,2025-05-12,In-person
9422,***,***,45,Data Science,2025-04-09,Online
9423,***,***,41,Software Engineering,2024-05-07,Online
9424,***,***,45,Web development,2026-09-05,Online
9425,***,***,37,Data Engineering,2023-02-19,In-person
9426,***,***,40,Machine Learning,2027-02-05,Online
9427,***,***,33,Software Engineering,2025-12-18,Online
9428,***,***,39,Machine Learning,2023-03-25,In-person
9429,***,***,23,Web development,2025-10-13,In-person
9430,***,***,31,Data Science,2026-04-14,In-person
9431,***,***,35,Software Engineering,2026-01-05,Online
9432,***,***,38,Web development,2023-12-03,Online
9433,***,***,29,Software Engineering,2026-05-03,Online
9434,***,***,40,Data Science,2022-12-18,In-person
9435,***,***,27,Machine Learning,2025-04-12,In-person
9436,***,***,23,Software Engineering,2024-09-26,In-person
9437,***,***,24,Web development,2024-06-06,In-person
9438,***,***,43,Web development,2024-10-06,Online
9439,***,***,23,Web development,2024-12-10,Online
9440,***,***,45,Machine Learning,2026-08-20,In-person
9441,***,***,41,Data Science,2026-09-05,Online
9442,***,***,27,Data Science,2026-08-28,In-person
9443,***,***,38,Machine Learning,2023-05-21,Online
9444,***,***,41,Software Engineering,2026-03-07,In-person
9445,***,***,23,Web development,2026-04-13,Online
9446,***,***,25,Machine Learning,2023-12-06,In-person
9447,***,***,42,Machine Learning,2026-12-02,In-person
9448,***,***,24,Data Engineering,2023-05-02,In-person
9449,***,***,26,Data Engineering,2023-03-09,In-person
9450,***,***,44,Data Science,2024-10-13,In-person
9451,***,***,32,Data Engineering,2023-01-18,In-person
9452,***,***,38,Data Science,2026-06-11,Online
9453,***,***,33,Software Engineering,2022-10-29,In-person
9454,***,***,42,Software Engineering,2023-05-19,In-person
9455,***,***,24,Software Engineering,2023-10-14,In-person
9456,***,***,41,Data Engineering,2027-09-05,In-person
9457,***,***,23,Web development,2026-12-04,Online
9458,***,***,44,Data Science,2024-02-23,In-person
9459,***,***,35,Software Engineering,2025-06-17,Online
9460,***,***,28,Machine Learning,2024-10-07,In-person
9461,***,***,43,Software Engineering,2023-08-19,In-person
9462,***,***,34,Data Engineering,2027-04-03,Online
9463,***,***,31,Software Engineering,2026-02-12,In-person
9464,***,***,32,Data Science,2024-03-16,In-person
9465,***,***,33,Data Engineering,2024-05-25,Online
9466,***,***,42,Web development,2023-12-11,In-person
9467,***,***,22,Software Engineering,2027-03-29,In-person
9468,***,***,43,Web development,2026-06-05,In-person
9469,***,***,32,Data Science,2024-08-19,In-person
9470,***,***,23,Data Science,2026-05-01,In-person
9471,***,***,34,Web development,2023-09-05,Online
9472,***,***,34,Data Engineering,2022-12-12,In-person
9473,***,***,26,Software Engineering,2025-08-05,In-person
9474,***,***,30,Data Engineering,2024-09-21,Online
9475,***,***,30,Software Engineering,2025-02-24,In-person
9476,***,***,34,Machine Learning,2023-04-20,In-person
9477,***,***,44,Software Engineering,2024-10-18,In-person
9478,***,***,36,Software Engineering,2027-10-01,In-person
9479,***,***,34,Machine Learning,2027-05-22,Online
9480,***,***,31,Software Engineering,2023-07-15,Online
9481,***,***,45,Data Science,2025-02-02,Online
9482,***,***,29,Machine Learning,2024-03-07,Online
9483,***,***,25,Software Engineering,2027-01-25,Online
9484,***,***,24,Software Engineering,2024-07-10,Online
9485,***,***,37,Data Engineering,2027-08-22,In-person
9486,***,***,43,Software Engineering,2024-11-21,Online
9487,***,***,28,Web development,2025-12-24,In-person
9488,***,***,33,Data Engineering,2025-06-20,In-person
9489,***,***,41,Data Engineering,2024-07-22,Online
9490,***,***,25,Machine Learning,2022-11-06,In-person
9491,***,***,36,Data Science,2023-03-08,In-person
9492,***,***,40,Data Science,2024-01-13,Online
9493,***,***,33,Software Engineering,2027-09-10,Online
9494,***,***,31,Data Science,2024-01-16,In-person
9495,***,***,40,Data Engineering,2025-05-20,In-person
9496,***,***,32,Data Engineering,2024-11-27,In-person
9497,***,***,25,Data Engineering,2024-07-27,In-person
9498,***,***,44,Data Science,2026-12-04,Online
9499,***,***,27,Data Engineering,2026-07-31,In-person
9500,***,***,30,Data Science,2026-06-24,Online
9501,***,***,36,Web development,2026-05-13,In-person
9502,***,***,28,Software Engineering,2024-03-22,Online
9503,***,***,24,Machine Learning,2022-12-17,Online
9504,***,***,32,Software Engineering,2025-08-06,Online
9505,***,***,35,Data Science,2026-06-12,In-person
9506,***,***,41,Data Engineering,2025-02-27,In-person
9507,***,***,41,Data Engineering,2024-07-24,Online
9508,***,***,37,Web development,2024-12-11,Online
9509,***,***,25,Data Science,2027-07-02,Online
9510,***,***,35,Web development,2023-11-11,Online
9511,***,***,25,Data Engineering,2026-10-12,Online
9512,***,***,33,Data Science,2026-08-04,Online
9513,***,***,33,Web development,2023-06-13,In-person
9514,***,***,34,Data Engineering,2026-10-20,In-person
9515,***,***,30,Data Science,2026-05-03,Online
9516,***,***,28,Machine Learning,2025-03-12,In-person
9517,***,***,44,Data Engineering,2024-01-17,In-person
9518,***,***,35,Software Engineering,2025-10-25,In-person
9519,***,***,31,Machine Learning,2026-04-27,Online
9520,***,***,28,Software Engineering,2025-04-02,Online
9521,***,***,44,Data Engineering,2024-07-18,In-person
9522,***,***,24,Data Engineering,2023-08-18,In-person
9523,***,***,40,Software Engineering,2027-04-11,In-person
9524,***,***,26,Data Science,2024-03-24,In-person
9525,***,***,25,Web development,2027-03-12,In-person
9526,***,***,31,Web development,2025-12-12,Online
9527,***,***,34,Software Engineering,2027-01-30,In-person
9528,***,***,45,Machine Learning,2025-08-25,In-person
9529,***,***,37,Data Science,2024-12-12,In-person
9530,***,***,42,Data Engineering,2025-06-23,In-person
9531,***,***,40,Web development,2026-06-12,Online
9532,***,***,42,Data Engineering,2027-03-30,In-person
9533,***,***,33,Machine Learning,2022-12-31,In-person
9534,***,***,25,Software Engineering,2027-04-17,Online
9535,***,***,25,Data Science,2026-03-24,Online
9536,***,***,37,Data Science,2027-10-04,In-person
9537,***,***,30,Web development,2025-10-01,Online
9538,***,***,42,Data Science,2026-05-25,Online
9539,***,***,40,Web development,2022-10-30,In-person
9540,***,***,27,Machine Learning,2023-12-04,Online
9541,***,***,29,Web development,2024-03-10,Online
9542,***,***,45,Data Science,2023-08-26,In-person
9543,***,***,23,Software Engineering,2025-04-21,Online
9544,***,***,23,Machine Learning,2024-10-07,In-person
9545,***,***,24,Machine Learning,2026-07-30,In-person
9546,***,***,28,Data Engineering,2027-02-06,Online
9547,***,***,31,Data Science,2023-12-05,Online
9548,***,***,44,Machine Learning,2022-12-25,Online
9549,***,***,28,Machine Learning,2023-11-21,In-person
9550,***,***,39,Data Engineering,2023-03-22,In-person
9551,***,***,45,Data Engineering,2026-03-23,Online
9552,***,***,31,Web development,2024-09-06,In-person
9553,***,***,43,Data Engineering,2023-04-10,In-person
9554,***,***,32,Data Engineering,2025-09-28,Online
9555,***,***,36,Web development,2026-01-22,Online
9556,***,***,45,Data Engineering,2024-02-25,In-person
9557,***,***,43,Software Engineering,2026-05-09,Online
9558,***,***,32,Software Engineering,2024-03-30,In-person
9559,***,***,28,Software Engineering,2024-11-21,In-person
9560,***,***,40,Data Engineering,2025-02-01,Online
9561,***,***,44,Machine Learning,2024-07-28,In-person
9562,***,***,32,Data Engineering,2026-09-21,Online
9563,***,***,44,Data Engineering,2024-06-21,Online
9564,***,***,24,Machine Learning,2027-01-12,Online
9565,***,***,30,Machine Learning,2027-06-07,Online
9566,***,***,44,Machine Learning,2027-05-01,Online
9567,***,***,39,Machine Learning,2026-11-06,In-person
9568,***,***,32,Data Science,2025-01-11,In-person
9569,***,***,26,Web development,2026-01-22,In-person
9570,***,***,24,Software Engineering,2024-12-31,Online
9571,***,***,33,Machine Learning,2026-01-07,In-person
9572,***,***,27,Data Engineering,2023-09-24,Online
9573,***,***,23,Software Engineering,2023-11-11,In-person
9574,***,***,31,Software Engineering,2027-09-13,In-person
9575,***,***,43,Web development,2024-02-23,In-person
9576,***,***,24,Data Science,2024-03-02,In-person
9577,***,***,23,Web development,2025-06-24,Online
9578,***,***,27,Web development,2024-07-03,Online
9579,***,***,37,Machine Learning,2024-05-11,In-person
9580,***,***,28,Machine Learning,2024-02-02,In-person
9581,***,***,26,Web development,2023-09-07,In-person
9582,***,***,37,Data Science,2025-11-23,Online
9583,***,***,25,Web development,2023-04-04,In-person
9584,***,***,45,Web development,2026-01-05,Online
9585,***,***,37,Software Engineering,2023-03-02,Online
9586,***,***,43,Software Engineering,2022-10-30,In-person
9587,***,***,37,Machine Learning,2023-06-16,Online
9588,***,***,42,Data Engineering,2023-02-10,Online
9589,***,***,36,Machine Learning,2023-05-23,Online
9590,***,***,22,Data Engineering,2024-02-22,Online
9591,***,***,32,Web development,2027-01-26,Online
9592,***,***,44,Data Science,2025-10-03,In-person
9593,***,***,25,Web development,2024-09-07,In-person
9594,***,***,43,Web development,2027-07-10,Online
9595,***,***,25,Machine Learning,2026-04-20,In-person
9596,***,***,22,Web development,2025-05-27,In-person
9597,***,***,41,Machine Learning,2024-04-02,In-person
9598,***,***,43,Data Science,2023-11-07,Online
9599,***,***,42,Data Engineering,2024-08-22,Online
9600,***,***,25,Software Engineering,2024-01-08,Online
9601,***,***,45,Software Engineering,2023-09-24,Online
9602,***,***,32,Web development,2027-07-16,Online
9603,***,***,33,Machine Learning,2025-12-08,In-person
9604,***,***,22,Software Engineering,2025-09-02,Online
9605,***,***,40,Data Engineering,2027-02-09,In-person
9606,***,***,39,Machine Learning,2026-12-01,Online
9607,***,***,36,Data Science,2027-10-03,In-person
9608,***,***,28,Data Science,2026-03-23,In-person
9609,***,***,40,Data Science,2027-05-25,Online
9610,***,***,39,Web development,2026-12-29,In-person
9611,***,***,33,Data Science,2023-08-02,In-person
9612,***,***,29,Data Science,2027-03-08,Online
9613,***,***,41,Web development,2024-01-27,Online
9614,***,***,30,Web development,2025-01-09,In-person
9615,***,***,37,Data Science,2027-04-21,In-person
9616,***,***,43,Data Science,2027-05-09,In-person
9617,***,***,40,Data Engineering,2024-02-29,In-person
9618,***,***,42,Web development,2025-05-21,Online
9619,***,***,29,Machine Learning,2026-01-01,Online
9620,***,***,23,Data Science,2027-03-29,In-person
9621,***,***,23,Data Engineering,2027-04-01,Online
9622,***,***,27,Machine Learning,2026-09-07,In-person
9623,***,***,41,Software Engineering,2024-07-05,Online
9624,***,***,22,Data Science,2024-09-05,In-person
9625,***,***,40,Software Engineering,2023-08-06,In-person
9626,***,***,39,Data Engineering,2024-12-20,In-person
9627,***,***,26,Software Engineering,2026-05-21,Online
9628,***,***,24,Web development,2023-05-15,In-person
9629,***,***,40,Machine Learning,2027-03-08,In-person
9630,***,***,35,Machine Learning,2023-08-22,In-person
9631,***,***,22,Software Engineering,2023-11-17,In-person
9632,***,***,44,Machine Learning,2025-10-10,In-person
9633,***,***,33,Web development,2023-08-02,In-person
9634,***,***,27,Software Engineering,2025-07-30,In-person
9635,***,***,39,Web development,2026-08-03,In-person
9636,***,***,38,Web development,2023-02-22,Online
9637,***,***,44,Data Engineering,2023-04-03,Online
9638,***,***,29,Machine Learning,2023-07-20,In-person
9639,***,***,33,Software Engineering,2025-05-07,In-person
9640,***,***,23,Web development,2024-01-13,In-person
9641,***,***,45,Software Engineering,2025-08-07,Online
9642,***,***,31,Data Engineering,2025-10-26,In-person
9643,***,***,22,Web development,2025-07-15,Online
9644,***,***,32,Machine Learning,2027-07-20,In-person
9645,***,***,30,Data Engineering,2023-08-19,In-person
9646,***,***,42,Data Engineering,2025-07-11,In-person
9647,***,***,43,Data Science,2025-04-28,Online
9648,***,***,33,Data Science,2026-11-06,In-person
9649,***,***,22,Machine Learning,2024-07-14,In-person
9650,***,***,35,Data Science,2024-05-26,Online
9651,***,***,34,Software Engineering,2023-07-21,In-person
9652,***,***,29,Software Engineering,2024-07-15,Online
9653,***,***,34,Machine Learning,2022-11-25,In-person
9654,***,***,30,Software Engineering,2022-10-23,Online
9655,***,***,35,Machine Learning,2027-10-06,Online
9656,***,***,45,Machine Learning,2024-04-26,In-person
9657,***,***,23,Web development,2025-12-04,Online
9658,***,***,35,Software Engineering,2026-01-09,In-person
9659,***,***,30,Machine Learning,2026-06-13,In-person
9660,***,***,22,Web development,2023-12-21,In-person
9661,***,***,45,Data Science,2027-02-19,In-person
9662,***,***,37,Web development,2022-12-02,In-person
9663,***,***,34,Data Science,2024-08-10,In-person
9664,***,***,38,Data Science,2026-12-08,In-person
9665,***,***,37,Data Engineering,2027-03-10,In-person
9666,***,***,30,Machine Learning,2025-06-10,Online
9667,***,***,26,Data Engineering,2024-03-28,In-person
9668,***,***,33,Data Engineering,2023-12-08,Online
9669,***,***,43,Machine Learning,2023-11-26,In-person
9670,***,***,32,Machine Learning,2026-02-22,Online
9671,***,***,28,Web development,2024-10-01,In-person
9672,***,***,29,Web development,2026-02-03,In-person
9673,***,***,43,Web development,2024-05-07,Online
9674,***,***,28,Web development,2023-06-08,Online
9675,***,***,26,Machine Learning,2023-08-04,In-person
9676,***,***,23,Machine Learning,2024-12-07,In-person
9677,***,***,44,Machine Learning,2023-11-10,Online
9678,***,***,24,Machine Learning,2025-07-13,In-person
9679,***,***,41,Software Engineering,2026-11-22,Online
9680,***,***,39,Machine Learning,2023-11-08,In-person
9681,***,***,29,Machine Learning,2025-05-21,In-person
9682,***,***,40,Software Engineering,2025-11-10,Online
9683,***,***,29,Data Engineering,2024-02-05,Online
9684,***,***,30,Data Science,2027-01-08,In-person
9685,***,***,40,Machine Learning,2023-04-02,Online
9686,***,***,28,Software Engineering,2025-10-20,Online
9687,***,***,40,Data Science,2025-08-30,Online
9688,***,***,42,Data Engineering,2023-10-15,In-person
9689,***,***,35,Data Science,2025-08-25,Online
9690,***,***,43,Machine Learning,2026-06-26,Online
9691,***,***,23,Data Science,2023-09-17,Online
9692,***,***,41,Data Science,2025-03-12,In-person
9693,***,***,32,Machine Learning,2026-08-29,In-person
9694,***,***,25,Data Engineering,2024-03-27,In-person
9695,***,***,43,Data Science,2026-07-30,In-person
9696,***,***,28,Data Science,2026-12-24,Online
9697,***,***,38,Machine Learning,2025-01-04,Online
9698,***,***,43,Web development,2024-04-04,In-person
9699,***,***,22,Machine Learning,2024-04-19,In-person
9700,***,***,28,Web development,2026-06-09,Online
9701,***,***,36,Software Engineering,2025-12-04,In-person
9702,***,***,27,Data Engineering,2025-01-01,In-person
9703,***,***,39,Data Engineering,2026-05-29,In-person
9704,***,***,34,Data Science,2027-07-17,Online
9705,***,***,32,Software Engineering,2024-03-30,In-person
9706,***,***,24,Software Engineering,2027-06-05,In-person
9707,***,***,40,Data Engineering,2025-02-03,Online
9708,***,***,42,Data Science,2025-05-26,In-person
9709,***,***,29,Machine Learning,2025-09-02,In-person
9710,***,***,44,Web development,2027-07-22,Online
9711,***,***,28,Data Engineering,2027-07-07,In-person
9712,***,***,37,Data Engineering,2023-05-05,Online
9713,***,***,37,Data Science,2026-06-10,In-person
9714,***,***,43,Data Science,2027-06-19,In-person
9715,***,***,30,Data Science,2024-04-10,Online
9716,***,***,31,Data Science,2023-07-13,In-person
9717,***,***,26,Software Engineering,2026-10-22,In-person
9718,***,***,34,Web development,2022-11-29,In-person
9719,***,***,44,Web development,2026-09-07,In-person
9720,***,***,41,Software Engineering,2027-10-03,In-person
9721,***,***,24,Web development,2025-01-11,Online
9722,***,***,22,Software Engineering,2026-12-06,In-person
9723,***,***,45,Data Engineering,2023-04-07,Online
9724,***,***,32,Software Engineering,2027-06-30,Online
9725,***,***,22,Data Engineering,2025-11-06,In-person
9726,***,***,41,Software Engineering,2026-12-05,In-person
9727,***,***,29,Machine Learning,2025-12-07,Online
9728,***,***,34,Machine Learning,2025-09-27,In-person
9729,***,***,34,Data Science,2027-05-04,In-person
9730,***,***,45,Data Science,2026-05-30,Online
9731,***,***,35,Software Engineering,2026-02-17,Online
9732,***,***,25,Web development,2026-05-21,Online
9733,***,***,32,Machine Learning,2027-09-30,In-person
9734,***,***,34,Data Engineering,2026-03-26,Online
9735,***,***,38,Data Engineering,2025-12-13,In-person
9736,***,***,29,Web development,2025-01-24,Online
9737,***,***,27,Machine Learning,2027-08-31,Online
9738,***,***,22,Machine Learning,2024-06-24,Online
9739,***,***,28,Machine Learning,2023-05-28,Online
9740,***,***,30,Machine Learning,2026-07-14,In-person
9741,***,***,22,Data Engineering,2022-10-22,Online
9742,***,***,44,Machine Learning,2023-12-23,In-person
9743,***,***,23,Web development,2023-09-12,In-person
9744,***,***,44,Machine Learning,2023-09-03,In-person
9745,***,***,34,Data Engineering,2023-04-17,Online
9746,***,***,39,Data Science,2025-01-03,In-person
9747,***,***,42,Machine Learning,2024-07-19,Online
9748,***,***,37,Data Science,2023-07-31,In-person
9749,***,***,35,Software Engineering,2023-06-03,Online
9750,***,***,32,Software Engineering,2026-11-20,In-person
9751,***,***,28,Web development,2027-08-15,In-person
9752,***,***,35,Software Engineering,2023-01-06,Online
9753,***,***,35,Machine Learning,2026-01-02,Online
9754,***,***,38,Data Engineering,2025-06-09,Online
9755,***,***,38,Machine Learning,2025-03-14,In-person
9756,***,***,44,Software Engineering,2025-05-08,In-person
9757,***,***,35,Web development,2026-11-24,In-person
9758,***,***,45,Machine Learning,2024-04-21,Online
9759,***,***,35,Software Engineering,2026-11-18,Online
9760,***,***,35,Machine Learning,2023-01-27,In-person
9761,***,***,27,Data Science,2023-10-29,In-person
9762,***,***,42,Data Science,2023-08-06,Online
9763,***,***,32,Data Engineering,2027-07-29,In-person
9764,***,***,37,Data Engineering,2025-04-14,In-person
9765,***,***,25,Web development,2024-12-07,Online
9766,***,***,45,Machine Learning,2027-05-29,In-person
9767,***,***,25,Web development,2026-11-25,In-person
9768,***,***,34,Software Engineering,2023-04-18,Online
9769,***,***,38,Machine Learning,2026-11-27,Online
9770,***,***,34,Machine Learning,2025-07-22,In-person
9771,***,***,32,Web development,2024-05-30,Online
9772,***,***,30,Web development,2027-06-18,In-person
9773,***,***,36,Data Engineering,2025-06-14,In-person
9774,***,***,40,Web development,2025-11-18,In-person
9775,***,***,37,Web development,2024-12-31,In-person
9776,***,***,28,Machine Learning,2023-05-22,Online
9777,***,***,28,Data Science,2026-09-12,Online
9778,***,***,40,Machine Learning,2026-04-26,Online
9779,***,***,33,Web development,2027-06-08,In-person
9780,***,***,39,Web development,2024-02-06,Online
9781,***,***,32,Software Engineering,2026-01-27,In-person
9782,***,***,41,Machine Learning,2027-08-02,In-person
9783,***,***,29,Data Science,2026-01-10,In-person
9784,***,***,31,Web development,2025-06-07,Online
9785,***,***,39,Software Engineering,2026-09-07,In-person
9786,***,***,37,Software Engineering,2026-05-31,In-person
9787,***,***,27,Web development,2024-08-30,In-person
9788,***,***,45,Software Engineering,2023-09-30,Online
9789,***,***,42,Software Engineering,2023-09-28,In-person
9790,***,***,29,Web development,2023-03-26,Online
9791,***,***,36,Software Engineering,2027-05-13,Online
9792,***,***,27,Data Science,2023-11-22,In-person
9793,***,***,36,Software Engineering,2026-12-07,In-person
9794,***,***,39,Machine Learning,2026-04-19,Online
9795,***,***,43,Data Engineering,2024-11-16,Online
9796,***,***,29,Web development,2026-09-06,Online
9797,***,***,40,Data Science,2023-02-25,In-person
9798,***,***,39,Web development,2027-04-05,In-person
9799,***,***,31,Machine Learning,2025-05-25,Online
9800,***,***,33,Machine Learning,2027-09-08,In-person
9801,***,***,25,Machine Learning,2025-09-13,Online
9802,***,***,26,Data Engineering,2026-03-28,Online
9803,***,***,22,Web development,2025-02-28,Online
9804,***,***,23,Data Science,2024-12-11,In-person
9805,***,***,33,Machine Learning,2024-01-01,In-person
9806,***,***,28,Software Engineering,2025-09-26,In-person
9807,***,***,42,Software Engineering,2027-06-19,Online
9808,***,***,44,Data Engineering,2026-06-12,In-person
9809,***,***,32,Data Science,2025-10-03,Online
9810,***,***,43,Data Science,2024-12-07,In-person
9811,***,***,40,Software Engineering,2025-08-19,Online
9812,***,***,30,Software Engineering,2026-04-09,Online
9813,***,***,45,Web development,2025-06-04,In-person
9814,***,***,27,Software Engineering,2027-08-18,In-person
9815,***,***,25,Software Engineering,2022-12-12,Online
9816,***,***,33,Web development,2024-06-03,Online
9817,***,***,31,Data Engineering,2027-10-01,Online
9818,***,***,45,Web development,2027-02-03,In-person
9819,***,***,37,Data Science,2027-01-12,Online
9820,***,***,42,Data Science,2023-09-30,Online
9821,***,***,27,Web development,2023-09-27,Online
9822,***,***,27,Web development,2025-04-14,In-person
9823,***,***,45,Software Engineering,2024-02-05,In-person
9824,***,***,38,Data Science,2026-11-26,Online
9825,***,***,25,Software Engineering,2026-05-14,Online
9826,***,***,27,Machine Learning,2025-12-25,In-person
9827,***,***,29,Data Science,2024-12-23,Online
9828,***,***,43,Software Engineering,2027-01-08,Online
9829,***,***,33,Data Science,2024-09-18,Online
9830,***,***,28,Software Engineering,2026-06-04,In-person
9831,***,***,29,Data Science,2026-05-21,In-person
9832,***,***,29,Machine Learning,2027-03-01,In-person
9833,***,***,43,Software Engineering,2024-06-14,In-person
9834,***,***,23,Machine Learning,2025-09-09,Online
9835,***,***,33,Web development,2026-04-09,Online
9836,***,***,35,Data Science,2024-04-23,In-person
9837,***,***,40,Machine Learning,2025-07-07,Online
9838,***,***,23,Data Engineering,2025-12-04,Online
9839,***,***,35,Software Engineering,2023-08-13,Online
9840,***,***,42,Web development,2027-07-04,In-person
9841,***,***,23,Software Engineering,2025-07-08,Online
9842,***,***,42,Software Engineering,2022-11-23,Online
9843,***,***,23,Data Engineering,2025-09-24,In-person
9844,***,***,44,Data Engineering,2025-04-03,Online
9845,***,***,36,Web development,2027-03-15,Online
9846,***,***,24,Software Engineering,2024-12-30,In-person
9847,***,***,30,Data Science,2027-02-01,Online
9848,***,***,27,Data Engineering,2026-07-22,In-person
9849,***,***,36,Software Engineering,2024-07-31,In-person
9850,***,***,34,Data Engineering,2024-07-21,Online
9851,***,***,26,Data Science,2024-03-20,Online
9852,***,***,32,Web development,2025-04-10,Online
9853,***,***,30,Machine Learning,2024-10-10,In-person
9854,***,***,42,Data Science,2024-09-26,In-person
9855,***,***,27,Data Science,2024-02-05,Online
9856,***,***,37,Web development,2027-09-07,In-person
9857,***,***,40,Data Engineering,2026-10-25,In-person
9858,***,***,37,Machine Learning,2026-02-08,In-person
9859,***,***,26,Web development,2025-09-25,In-person
9860,***,***,29,Data Engineering,2026-10-30,In-person
9861,***,***,45,Machine Learning,2024-11-18,In-person
9862,***,***,45,Software Engineering,2027-02-20,Online
9863,***,***,39,Software Engineering,2025-03-13,Online
9864,***,***,45,Data Science,2023-11-26,Online
9865,***,***,25,Data Science,2023-11-04,In-person
9866,***,***,32,Web development,2022-12-14,In-person
9867,***,***,30,Web development,2026-01-29,In-person
9868,***,***,40,Software Engineering,2027-04-06,Online
9869,***,***,25,Machine Learning,2023-03-06,In-person
9870,***,***,25,Software Engineering,2023-02-13,Online
9871,***,***,42,Data Engineering,2024-07-03,In-person
9872,***,***,39,Software Engineering,2023-10-26,In-person
9873,***,***,30,Data Science,2026-03-09,Online
9874,***,***,39,Software Engineering,2025-09-13,Online
9875,***,***,44,Data Engineering,2023-01-12,In-person
9876,***,***,43,Web development,2025-10-30,Online
9877,***,***,36,Data Science,2026-09-21,In-person
9878,***,***,41,Software Engineering,2027-06-21,Online
9879,***,***,30,Data Science,2024-09-16,In-person
9880,***,***,28,Machine Learning,2026-07-05,Online
9881,***,***,42,Machine Learning,2027-03-30,Online
9882,***,***,34,Web development,2027-10-04,In-person
9883,***,***,42,Software Engineering,2024-04-30,In-person
9884,***,***,41,Data Science,2026-07-06,Online
9885,***,***,44,Data Science,2026-06-05,In-person
9886,***,***,22,Data Science,2023-09-22,In-person
9887,***,***,43,Web development,2026-01-18,Online
9888,***,***,27,Data Science,2023-11-17,Online
9889,***,***,31,Web development,2024-12-27,In-person
9890,***,***,45,Data Science,2023-03-07,Online
9891,***,***,26,Data Engineering,2025-04-12,Online
9892,***,***,30,Software Engineering,2026-08-11,In-person
9893,***,***,25,Data Science,2026-08-21,In-person
9894,***,***,32,Data Science,2024-06-24,In-person
9895,***,***,28,Machine Learning,2024-04-18,In-person
9896,***,***,38,Web development,2026-11-04,In-person
9897,***,***,27,Data Science,2025-10-24,In-person
9898,***,***,32,Web development,2024-06-25,In-person
9899,***,***,36,Web development,2026-11-13,In-person
9900,***,***,44,Data Science,2026-07-19,Online
9901,***,***,29,Software Engineering,2025-10-20,Online
9902,***,***,27,Data Science,2027-10-08,In-person
9903,***,***,45,Web development,2025-07-12,In-person
9904,***,***,40,Data Science,2026-08-19,Online
9905,***,***,35,Machine Learning,2024-11-01,In-person
9906,***,***,28,Web development,2024-10-29,Online
9907,***,***,40,Data Engineering,2023-08-21,Online
9908,***,***,35,Data Science,2025-05-23,Online
9909,***,***,35,Machine Learning,2024-07-01,Online
9910,***,***,24,Data Engineering,2026-02-24,Online
9911,***,***,45,Software Engineering,2023-01-07,In-person
9912,***,***,22,Data Engineering,2023-05-26,Online
9913,***,***,36,Data Engineering,2027-08-05,In-person
9914,***,***,23,Machine Learning,2025-01-28,In-person
9915,***,***,43,Data Engineering,2026-01-03,Online
9916,***,***,29,Data Science,2024-08-28,In-person
9917,***,***,23,Data Engineering,2024-09-22,Online
9918,***,***,29,Data Science,2025-03-21,In-person
9919,***,***,40,Machine Learning,2027-01-10,In-person
9920,***,***,40,Software Engineering,2023-12-11,Online
9921,***,***,25,Data Science,2023-10-19,In-person
9922,***,***,22,Software Engineering,2025-06-23,In-person
9923,***,***,40,Data Science,2024-05-13,Online
9924,***,***,25,Software Engineering,2027-10-13,In-person
9925,***,***,42,Data Science,2024-02-22,Online
9926,***,***,31,Data Science,2024-07-12,Online
9927,***,***,42,Web development,2026-11-13,Online
9928,***,***,24,Machine Learning,2023-03-09,In-person
9929,***,***,42,Software Engineering,2024-01-08,Online
9930,***,***,30,Data Engineering,2023-03-08,Online
9931,***,***,34,Data Engineering,2025-01-29,Online
9932,***,***,43,Data Engineering,2026-05-23,Online
9933,***,***,33,Data Engineering,2026-02-12,Online
9934,***,***,24,Machine Learning,2024-05-21,In-person
9935,***,***,29,Data Science,2025-09-11,In-person
9936,***,***,40,Software Engineering,2024-06-07,In-person
9937,***,***,45,Web development,2025-07-11,In-person
9938,***,***,24,Machine Learning,2025-11-27,Online
9939,***,***,34,Software Engineering,2023-05-13,Online
9940,***,***,35,Data Engineering,2026-12-19,In-person
9941,***,***,22,Data Engineering,2023-11-08,In-person
9942,***,***,39,Data Engineering,2025-12-11,Online
9943,***,***,24,Software Engineering,2024-10-30,In-person
9944,***,***,35,Data Engineering,2022-11-06,In-person
9945,***,***,39,Software Engineering,2025-07-27,Online
9946,***,***,24,Data Science,2025-06-09,Online
9947,***,***,43,Web development,2025-04-27,Online
9948,***,***,26,Data Engineering,2024-12-25,In-person
9949,***,***,34,Machine Learning,2025-01-09,In-person
9950,***,***,24,Machine Learning,2023-11-23,Online
9951,***,***,31,Data Engineering,2023-01-02,In-person
9952,***,***,33,Software Engineering,2024-02-06,Online
9953,***,***,43,Software Engineering,2023-05-29,Online
9954,***,***,23,Data Science,2024-10-02,Online
9955,***,***,33,Data Science,2026-03-27,Online
9956,***,***,30,Software Engineering,2025-01-27,In-person
9957,***,***,41,Software Engineering,2023-09-04,Online
9958,***,***,32,Machine Learning,2027-07-18,Online
9959,***,***,39,Machine Learning,2027-04-19,Online
9960,***,***,43,Data Science,2024-02-24,Online
9961,***,***,36,Software Engineering,2025-03-30,Online
9962,***,***,34,Data Science,2023-05-05,Online
9963,***,***,36,Software Engineering,2023-09-28,In-person
9964,***,***,31,Software Engineering,2025-12-24,Online
9965,***,***,37,Software Engineering,2025-10-01,In-person
9966,***,***,43,Data Engineering,2024-09-18,In-person
9967,***,***,42,Machine Learning,2025-08-17,In-person
9968,***,***,43,Data Engineering,2027-01-05,Online
9969,***,***,27,Machine Learning,2027-02-04,Online
9970,***,***,37,Data Engineering,2024-04-14,Online
9971,***,***,37,Data Engineering,2027-05-01,In-person
9972,***,***,29,Data Science,2025-10-04,In-person
9973,***,***,37,Machine Learning,2025-03-08,In-person
9974,***,***,42,Software Engineering,2023-07-10,In-person
9975,***,***,39,Machine Learning,2024-11-14,In-person
9976,***,***,24,Data Engineering,2023-11-05,In-person
9977,***,***,29,Software Engineering,2027-06-15,In-person
9978,***,***,30,Software Engineering,2027-05-16,In-person
9979,***,***,36,Web development,2024-08-07,In-person
9980,***,***,23,Web development,2026-05-31,In-person
9981,***,***,45,Data Engineering,2025-05-25,Online
9982,***,***,33,Machine Learning,2024-12-23,Online
9983,***,***,43,Data Science,2026-04-22,Online
9984,***,***,27,Data Engineering,2024-07-27,In-person
9985,***,***,39,Software Engineering,2024-08-27,In-person
9986,***,***,34,Data Science,2024-11-09,Online
9987,***,***,37,Data Science,2027-08-05,Online
9988,***,***,45,Software Engineering,2026-12-25,In-person
9989,***,***,40,Data Science,2024-05-06,Online
9990,***,***,23,Web development,2023-03-14,In-person
9991,***,***,23,Data Science,2024-07-19,Online
9992,***,***,29,Machine Learning,2027-06-09,Online
9993,***,***,27,Data Engineering,2025-12-13,In-person
9994,***,***,27,Web development,2024-11-14,In-person
9995,***,***,34,Machine Learning,2026-10-12,In-person
9996,***,***,41,Data Science,2024-03-24,In-person
9997,***,***,37,Data Science,2025-08-23,Online
9998,***,***,30,Data Science,2023-11-15,In-person
9999,***,***,42,Machine Learning,2023-03-08,Online
10000,***,***,37,Machine Learning,2025-07-25,In-person
10001,***,***,39,Web development,2025-06-28,Online
10002,***,***,33,Web development,2025-06-29,In-person
10003,***,***,37,Web development,2024-02-28,Online
10004,***,***,22,Data Engineering,2024-08-31,In-person
10005,***,***,39,Web development,2026-07-31,Online
10006,***,***,38,Web development,2027-01-04,Online
10007,***,***,44,Web development,2025-09-24,Online
10008,***,***,28,Data Engineering,2026-07-09,In-person
10009,***,***,33,Software Engineering,2023-05-31,In-person
10010,***,***,28,Web development,2023-04-23,In-person
10011,***,***,38,Data Engineering,2025-01-28,Online
10012,***,***,38,Software Engineering,2023-01-29,Online
10013,***,***,38,Software Engineering,2025-08-19,In-person
10014,***,***,37,Software Engineering,2026-09-12,Online
10015,***,***,23,Data Engineering,2024-05-24,Online
10016,***,***,30,Data Science,2024-06-18,Online
10017,***,***,41,Web development,2024-06-29,Online
10018,***,***,40,Software Engineering,2026-02-11,In-person
10019,***,***,25,Data Science,2026-01-25,Online
10020,***,***,28,Data Engineering,2023-05-26,In-person
10021,***,***,40,Data Science,2024-11-16,In-person
10022,***,***,45,Data Engineering,2022-11-12,In-person
10023,***,***,26,Data Science,2023-04-02,Online
10024,***,***,45,Web development,2026-12-27,Online
10025,***,***,22,Web development,2023-02-15,In-person
10026,***,***,27,Data Engineering,2025-02-22,In-person
10027,***,***,42,Software Engineering,2023-11-15,Online
10028,***,***,23,Data Engineering,2025-02-25,Online
10029,***,***,26,Web development,2027-06-28,In-person
10030,***,***,45,Software Engineering,2026-10-30,In-person
10031,***,***,37,Data Science,2024-09-28,Online
10032,***,***,29,Software Engineering,2026-02-12,Online
10033,***,***,44,Data Engineering,2025-12-24,Online
10034,***,***,31,Software Engineering,2027-04-12,In-person
10035,***,***,23,Data Engineering,2023-10-31,In-person
10036,***,***,31,Software Engineering,2024-09-08,In-person
10037,***,***,22,Software Engineering,2024-07-11,In-person
10038,***,***,37,Data Engineering,2027-04-14,Online
10039,***,***,33,Web development,2027-08-17,Online
10040,***,***,42,Data Engineering,2025-09-14,Online
10041,***,***,29,Data Engineering,2026-02-20,In-person
10042,***,***,37,Web development,2024-11-24,In-person
10043,***,***,24,Data Engineering,2023-07-12,In-person
10044,***,***,25,Data Science,2025-02-14,In-person
10045,***,***,32,Software Engineering,2026-02-13,Online
10046,***,***,31,Software Engineering,2027-09-19,Online
10047,***,***,27,Data Engineering,2025-09-08,In-person
10048,***,***,36,Machine Learning,2023-01-28,In-person
10049,***,***,42,Data Science,2026-08-30,In-person
10050,***,***,29,Web development,2027-05-08,In-person
10051,***,***,37,Software Engineering,2025-05-20,In-person
10052,***,***,38,Software Engineering,2027-01-23,In-person
10053,***,***,45,Data Engineering,2023-10-01,Online
10054,***,***,40,Data Engineering,2026-08-07,Online
10055,***,***,42,Data Science,2023-04-29,In-person
10056,***,***,37,Machine Learning,2027-04-16,Online
10057,***,***,43,Machine Learning,2026-05-16,In-person
10058,***,***,24,Data Science,2026-08-30,Online
10059,***,***,28,Data Engineering,2027-04-09,Online
10060,***,***,32,Machine Learning,2025-11-14,In-person
10061,***,***,24,Data Science,2023-04-27,Online
10062,***,***,30,Machine Learning,2024-07-08,In-person
10063,***,***,39,Software Engineering,2027-06-30,In-person
10064,***,***,33,Data Science,2026-02-20,In-person
10065,***,***,25,Software Engineering,2025-12-17,In-person
10066,***,***,39,Machine Learning,2027-08-01,In-person
10067,***,***,29,Data Science,2025-10-12,Online
10068,***,***,33,Data Engineering,2025-11-02,In-person
10069,***,***,24,Data Engineering,2025-09-05,Online
10070,***,***,42,Data Science,2024-03-16,In-person
10071,***,***,41,Software Engineering,2024-12-05,In-person
10072,***,***,39,Machine Learning,2027-06-22,In-person
10073,***,***,39,Data Science,2027-03-14,In-person
10074,***,***,22,Machine Learning,2022-11-15,Online
10075,***,***,45,Software Engineering,2023-09-22,In-person
10076,***,***,23,Data Science,2026-01-11,Online
10077,***,***,35,Web development,2025-11-27,Online
10078,***,***,40,Machine Learning,2024-08-02,In-person
10079,***,***,25,Data Engineering,2027-07-16,Online
10080,***,***,24,Machine Learning,2026-05-09,Online
10081,***,***,32,Data Engineering,2026-11-16,Online
10082,***,***,40,Data Engineering,2023-09-02,In-person
10083,***,***,23,Data Science,2024-02-14,Online
10084,***,***,43,Machine Learning,2025-09-10,Online
10085,***,***,41,Data Science,2023-09-14,In-person
10086,***,***,23,Software Engineering,2027-10-17,In-person
10087,***,***,40,Machine Learning,2023-12-12,In-person
10088,***,***,32,Data Engineering,2023-05-23,Online
10089,***,***,40,Web development,2026-07-05,In-person
10090,***,***,22,Machine Learning,2025-07-29,Online
10091,***,***,24,Software Engineering,2024-09-20,In-person
10092,***,***,40,Web development,2024-07-19,Online
10093,***,***,38,Web development,2022-10-22,Online
10094,***,***,25,Software Engineering,2026-11-01,Online
10095,***,***,26,Machine Learning,2026-04-05,Online
10096,***,***,40,Software Engineering,2025-06-28,Online
10097,***,***,26,Web development,2027-04-17,In-person
10098,***,***,41,Data Science,2023-09-17,Online
10099,***,***,37,Machine Learning,2027-05-10,Online
10100,***,***,44,Data Science,2022-11-28,In-person
10101,***,***,32,Web development,2023-04-30,In-person
10102,***,***,27,Data Science,2027-09-01,Online
10103,***,***,23,Data Engineering,2023-01-28,In-person
10104,***,***,25,Data Science,2026-07-25,In-person
10105,***,***,41,Data Engineering,2023-07-07,In-person
10106,***,***,36,Machine Learning,2023-01-01,In-person
10107,***,***,23,Web development,2026-11-08,Online
10108,***,***,37,Data Engineering,2027-01-13,Online
10109,***,***,28,Data Engineering,2024-10-10,In-person
10110,***,***,25,Machine Learning,2024-08-01,In-person
10111,***,***,26,Data Engineering,2023-12-05,Online
10112,***,***,23,Web development,2024-08-15,In-person
10113,***,***,35,Web development,2022-11-26,In-person
10114,***,***,45,Software Engineering,2022-12-03,Online
10115,***,***,36,Web development,2025-10-28,Online
10116,***,***,39,Data Engineering,2025-02-20,In-person
10117,***,***,39,Data Science,2025-07-23,Online
10118,***,***,37,Software Engineering,2025-11-03,Online
10119,***,***,42,Web development,2024-06-20,In-person
10120,***,***,43,Machine Learning,2027-02-06,Online
10121,***,***,26,Data Engineering,2026-07-24,Online
10122,***,***,44,Software Engineering,2027-07-27,In-person
10123,***,***,41,Data Engineering,2026-04-16,In-person
10124,***,***,25,Data Engineering,2025-12-19,Online
10125,***,***,39,Data Science,2025-05-05,In-person
10126,***,***,31,Data Engineering,2027-06-25,Online
10127,***,***,42,Software Engineering,2027-05-20,Online
10128,***,***,43,Data Engineering,2025-09-29,In-person
10129,***,***,28,Software Engineering,2026-09-08,In-person
10130,***,***,36,Software Engineering,2023-04-28,In-person
10131,***,***,31,Web development,2025-12-15,In-person
10132,***,***,29,Data Science,2025-03-05,Online
10133,***,***,24,Data Science,2025-11-01,In-person
10134,***,***,33,Machine Learning,2023-02-04,Online
10135,***,***,36,Software Engineering,2024-07-03,In-person
10136,***,***,36,Data Science,2022-12-18,Online
10137,***,***,42,Web development,2025-10-30,In-person
10138,***,***,35,Web development,2023-07-10,In-person
10139,***,***,26,Data Science,2023-08-04,Online
10140,***,***,38,Data Science,2026-01-14,Online
10141,***,***,45,Machine Learning,2026-09-28,Online
10142,***,***,33,Software Engineering,2024-10-26,In-person
10143,***,***,29,Software Engineering,2025-02-18,In-person
10144,***,***,32,Data Science,2024-08-23,Online
10145,***,***,31,Machine Learning,2026-11-24,Online
10146,***,***,43,Web development,2027-09-07,In-person
10147,***,***,25,Machine Learning,2023-10-27,Online
10148,***,***,40,Data Engineering,2024-05-30,In-person
10149,***,***,36,Data Science,2025-12-31,In-person
10150,***,***,45,Data Science,2024-12-31,In-person
10151,***,***,34,Software Engineering,2027-07-07,Online
10152,***,***,40,Data Science,2023-08-18,Online
10153,***,***,34,Data Engineering,2024-10-17,In-person
10154,***,***,29,Data Engineering,2024-12-11,Online
10155,***,***,39,Machine Learning,2023-04-28,Online
10156,***,***,43,Data Science,2025-11-11,Online
10157,***,***,26,Software Engineering,2026-10-04,In-person
10158,***,***,41,Data Engineering,2026-04-18,Online
10159,***,***,22,Data Science,2025-02-20,In-person
10160,***,***,36,Web development,2026-09-29,In-person
10161,***,***,41,Machine Learning,2026-03-05,Online
10162,***,***,40,Data Engineering,2023-09-29,Online
10163,***,***,37,Software Engineering,2023-08-21,Online
10164,***,***,40,Data Engineering,2025-02-16,In-person
10165,***,***,33,Web development,2026-04-16,Online
10166,***,***,26,Web development,2027-06-02,In-person
10167,***,***,40,Machine Learning,2024-08-02,In-person
10168,***,***,24,Web development,2026-08-12,Online
10169,***,***,26,Software Engineering,2024-02-23,In-person
10170,***,***,42,Software Engineering,2025-09-21,In-person
10171,***,***,38,Web development,2023-04-05,Online
10172,***,***,23,Software Engineering,2027-10-13,In-person
10173,***,***,37,Data Science,2024-07-01,In-person
10174,***,***,27,Data Engineering,2024-06-20,Online
10175,***,***,22,Machine Learning,2027-07-09,Online
10176,***,***,42,Software Engineering,2022-11-26,In-person
10177,***,***,42,Data Engineering,2026-07-24,In-person
10178,***,***,26,Web development,2027-07-18,Online
10179,***,***,27,Machine Learning,2025-04-12,Online
10180,***,***,26,Machine Learning,2024-09-20,In-person
10181,***,***,37,Data Engineering,2026-10-12,In-person
10182,***,***,23,Data Science,2025-06-27,Online
10183,***,***,33,Machine Learning,2024-12-05,In-person
10184,***,***,39,Machine Learning,2027-05-21,Online
10185,***,***,37,Data Science,2026-04-07,In-person
10186,***,***,22,Machine Learning,2026-05-15,In-person
10187,***,***,37,Web development,2023-12-01,Online
10188,***,***,25,Data Engineering,2024-04-29,In-person
10189,***,***,35,Software Engineering,2027-09-27,In-person
10190,***,***,29,Software Engineering,2025-08-31,In-person
10191,***,***,35,Data Engineering,2027-07-23,Online
10192,***,***,45,Data Science,2022-10-24,Online
10193,***,***,27,Software Engineering,2023-07-06,In-person
10194,***,***,39,Data Engineering,2023-12-30,In-person
10195,***,***,31,Software Engineering,2025-03-02,Online
10196,***,***,42,Software Engineering,2026-06-28,In-person
10197,***,***,24,Data Science,2024-10-15,Online
10198,***,***,34,Web development,2026-08-09,Online
10199,***,***,39,Data Science,2026-09-10,Online
10200,***,***,28,Web development,2027-04-12,Online
10201,***,***,41,Data Engineering,2022-11-22,In-person
10202,***,***,41,Machine Learning,2025-02-05,Online
10203,***,***,23,Software Engineering,2027-01-07,Online
10204,***,***,43,Machine Learning,2027-09-08,In-person
10205,***,***,29,Web development,2023-12-12,Online
10206,***,***,40,Software Engineering,2023-03-18,Online
10207,***,***,35,Machine Learning,2026-04-08,Online
10208,***,***,26,Machine Learning,2026-01-29,Online
10209,***,***,28,Software Engineering,2025-06-05,In-person
10210,***,***,44,Web development,2026-09-08,In-person
10211,***,***,29,Data Engineering,2024-08-22,Online
10212,***,***,31,Data Engineering,2024-10-14,Online
10213,***,***,36,Software Engineering,2025-01-04,In-person
10214,***,***,32,Data Engineering,2026-10-24,In-person
10215,***,***,34,Data Engineering,2025-03-11,Online
10216,***,***,35,Web development,2026-10-16,In-person
10217,***,***,38,Data Engineering,2024-03-26,Online
10218,***,***,24,Machine Learning,2024-01-26,In-person
10219,***,***,38,Data Science,2025-10-14,In-person
10220,***,***,29,Software Engineering,2025-03-27,Online
10221,***,***,26,Data Engineering,2024-03-24,Online
10222,***,***,41,Web development,2025-09-05,In-person
10223,***,***,28,Data Science,2025-10-21,Online
10224,***,***,45,Web development,2027-05-21,In-person
10225,***,***,22,Web development,2023-06-14,In-person
10226,***,***,29,Data Engineering,2022-12-21,Online
10227,***,***,32,Data Science,2024-10-31,Online
10228,***,***,27,Data Science,2026-12-24,In-person
10229,***,***,33,Web development,2025-07-07,In-person
10230,***,***,42,Data Science,2027-06-07,In-person
10231,***,***,43,Software Engineering,2023-12-26,In-person
10232,***,***,37,Machine Learning,2024-05-28,In-person
10233,***,***,32,Machine Learning,2024-09-04,Online
10234,***,***,33,Software Engineering,2023-11-16,In-person
10235,***,***,27,Data Science,2025-02-19,Online
10236,***,***,27,Machine Learning,2026-05-08,Online
10237,***,***,31,Data Engineering,2023-05-14,Online
10238,***,***,23,Web development,2023-12-05,Online
10239,***,***,27,Data Science,2022-12-03,In-person
10240,***,***,41,Software Engineering,2027-03-21,Online
10241,***,***,22,Web development,2023-05-04,Online
10242,***,***,34,Machine Learning,2023-03-11,Online
10243,***,***,42,Software Engineering,2027-01-28,Online
10244,***,***,35,Machine Learning,2025-10-21,In-person
10245,***,***,30,Software Engineering,2024-04-29,Online
10246,***,***,44,Data Science,2025-03-24,In-person
10247,***,***,36,Data Engineering,2022-12-23,Online
10248,***,***,44,Software Engineering,2027-06-08,In-person
10249,***,***,44,Data Engineering,2025-01-22,In-person
10250,***,***,27,Data Engineering,2026-01-02,In-person
10251,***,***,45,Web development,2025-04-30,In-person
10252,***,***,30,Software Engineering,2025-10-24,In-person
10253,***,***,36,Data Engineering,2025-12-15,Online
10254,***,***,35,Data Engineering,2023-01-07,In-person
10255,***,***,27,Web development,2027-09-21,In-person
10256,***,***,42,Software Engineering,2027-04-12,Online
10257,***,***,45,Data Engineering,2023-11-01,In-person
10258,***,***,43,Web development,2025-08-21,Online
10259,***,***,36,Machine Learning,2026-04-20,Online
10260,***,***,40,Web development,2022-12-23,In-person
10261,***,***,33,Web development,2023-04-01,Online
10262,***,***,24,Machine Learning,2026-07-23,Online
10263,***,***,32,Data Engineering,2023-11-07,In-person
10264,***,***,31,Web development,2026-03-23,In-person
10265,***,***,45,Web development,2024-01-08,Online
10266,***,***,44,Web development,2023-04-15,Online
10267,***,***,25,Data Engineering,2024-01-02,Online
10268,***,***,33,Web development,2026-06-16,In-person
10269,***,***,40,Software Engineering,2025-10-02,Online
10270,***,***,24,Web development,2024-12-31,In-person
10271,***,***,31,Data Science,2026-05-09,In-person
10272,***,***,23,Software Engineering,2024-08-17,In-person
10273,***,***,34,Data Engineering,2024-10-03,In-person
10274,***,***,31,Data Science,2025-03-26,Online
10275,***,***,31,Machine Learning,2025-06-09,Online
10276,***,***,31,Web development,2027-04-19,In-person
10277,***,***,31,Data Engineering,2023-09-15,In-person
10278,***,***,35,Data Science,2027-07-14,Online
10279,***,***,32,Data Science,2027-08-20,Online
10280,***,***,25,Data Engineering,2024-10-02,Online
10281,***,***,37,Web development,2025-11-27,Online
10282,***,***,26,Software Engineering,2024-01-29,Online
10283,***,***,23,Machine Learning,2024-09-22,Online
10284,***,***,25,Machine Learning,2025-07-22,In-person
10285,***,***,24,Data Science,2023-11-29,In-person
10286,***,***,34,Data Engineering,2023-09-11,Online
10287,***,***,28,Software Engineering,2027-02-16,Online
10288,***,***,41,Data Science,2024-01-20,In-person
10289,***,***,31,Software Engineering,2023-02-23,Online
10290,***,***,27,Machine Learning,2022-12-09,In-person
10291,***,***,24,Machine Learning,2027-08-15,In-person
10292,***,***,22,Software Engineering,2025-07-06,In-person
10293,***,***,25,Data Engineering,2024-02-29,In-person
10294,***,***,29,Software Engineering,2022-12-05,In-person
10295,***,***,36,Data Engineering,2023-10-18,Online
10296,***,***,28,Data Engineering,2025-02-15,In-person
10297,***,***,25,Web development,2025-01-22,In-person
10298,***,***,23,Data Science,2025-07-15,In-person
10299,***,***,42,Data Science,2027-04-20,In-person
10300,***,***,43,Data Science,2027-08-15,In-person
10301,***,***,30,Machine Learning,2024-12-23,Online
10302,***,***,22,Machine Learning,2024-05-01,In-person
10303,***,***,25,Software Engineering,2024-02-23,Online
10304,***,***,38,Data Science,2023-08-09,Online
10305,***,***,38,Web development,2026-10-12,In-person
10306,***,***,42,Data Science,2023-11-17,Online
10307,***,***,34,Data Engineering,2024-06-02,In-person
10308,***,***,37,Web development,2025-12-26,Online
10309,***,***,43,Data Science,2027-07-15,In-person
10310,***,***,27,Data Engineering,2026-09-19,In-person
10311,***,***,26,Data Science,2026-01-26,Online
10312,***,***,32,Web development,2027-05-18,In-person
10313,***,***,30,Software Engineering,2025-08-09,Online
10314,***,***,31,Data Engineering,2025-01-07,Online
10315,***,***,22,Machine Learning,2027-03-27,In-person
10316,***,***,38,Data Science,2024-06-05,In-person
10317,***,***,25,Web development,2025-12-19,In-person
10318,***,***,45,Software Engineering,2026-02-28,Online
10319,***,***,38,Data Science,2022-11-11,In-person
10320,***,***,26,Data Science,2023-04-23,Online
10321,***,***,36,Data Engineering,2023-10-03,Online
10322,***,***,35,Data Engineering,2025-05-09,In-person
10323,***,***,42,Web development,2026-04-12,In-person
10324,***,***,37,Data Science,2024-05-20,In-person
10325,***,***,36,Machine Learning,2025-09-03,Online
10326,***,***,31,Data Engineering,2025-03-03,Online
10327,***,***,39,Data Engineering,2026-01-21,Online
10328,***,***,37,Data Science,2027-02-09,In-person
10329,***,***,25,Data Science,2023-11-12,In-person
10330,***,***,27,Software Engineering,2023-05-05,In-person
10331,***,***,31,Machine Learning,2027-10-03,In-person
10332,***,***,42,Web development,2027-09-27,Online
10333,***,***,22,Software Engineering,2024-05-18,In-person
10334,***,***,34,Software Engineering,2025-10-14,In-person
10335,***,***,34,Web development,2023-09-12,Online
10336,***,***,27,Software Engineering,2022-12-08,Online
10337,***,***,27,Software Engineering,2024-05-04,In-person
10338,***,***,28,Machine Learning,2026-03-18,In-person
10339,***,***,44,Data Engineering,2022-11-13,In-person
10340,***,***,31,Machine Learning,2026-12-21,In-person
10341,***,***,31,Data Engineering,2023-10-05,In-person
10342,***,***,23,Machine Learning,2027-08-06,In-person
10343,***,***,43,Data Science,2026-03-11,Online
10344,***,***,34,Data Science,2022-12-17,Online
10345,***,***,45,Machine Learning,2027-02-25,Online
10346,***,***,39,Web development,2023-01-02,In-person
10347,***,***,32,Software Engineering,2024-08-02,Online
10348,***,***,25,Software Engineering,2023-12-10,Online
10349,***,***,30,Software Engineering,2025-03-09,In-person
10350,***,***,26,Web development,2026-10-09,Online
10351,***,***,35,Data Science,2023-10-08,Online
10352,***,***,42,Web development,2026-10-10,Online
10353,***,***,42,Data Science,2022-11-15,Online
10354,***,***,22,Data Engineering,2026-02-19,Online
10355,***,***,25,Data Engineering,2025-10-14,In-person
10356,***,***,39,Web development,2024-10-13,Online
10357,***,***,39,Data Science,2027-07-18,Online
10358,***,***,30,Software Engineering,2024-01-28,Online
10359,***,***,35,Data Science,2027-08-18,Online
10360,***,***,40,Web development,2022-11-08,In-person
10361,***,***,29,Web development,2026-06-01,Online
10362,***,***,44,Data Engineering,2025-11-19,In-person
10363,***,***,37,Software Engineering,2027-08-23,In-person
10364,***,***,43,Data Science,2025-11-10,In-person
10365,***,***,24,Machine Learning,2023-01-22,In-person
10366,***,***,30,Data Science,2025-09-11,Online
10367,***,***,44,Software Engineering,2023-11-05,Online
10368,***,***,27,Data Science,2026-06-13,In-person
10369,***,***,30,Web development,2023-03-05,In-person
10370,***,***,43,Software Engineering,2025-01-27,In-person
10371,***,***,35,Web development,2023-06-01,In-person
10372,***,***,26,Data Science,2026-12-24,Online
10373,***,***,22,Data Engineering,2026-02-17,In-person
10374,***,***,42,Machine Learning,2024-08-07,Online
10375,***,***,45,Data Science,2027-06-06,In-person
10376,***,***,23,Web development,2024-08-29,In-person
10377,***,***,22,Data Science,2024-02-04,In-person
10378,***,***,22,Data Science,2024-01-01,Online
10379,***,***,24,Data Science,2023-04-05,In-person
10380,***,***,43,Data Science,2027-05-24,In-person
10381,***,***,22,Software Engineering,2027-02-18,Online
10382,***,***,39,Machine Learning,2024-10-14,In-person
10383,***,***,43,Software Engineering,2023-10-31,In-person
10384,***,***,24,Software Engineering,2025-03-30,Online
10385,***,***,41,Data Science,2024-07-07,Online
10386,***,***,38,Machine Learning,2027-02-15,In-person
10387,***,***,32,Data Science,2027-10-15,Online
10388,***,***,34,Web development,2023-07-28,In-person
10389,***,***,25,Software Engineering,2025-04-10,In-person
10390,***,***,31,Data Science,2023-05-29,In-person
10391,***,***,30,Software Engineering,2023-07-02,Online
10392,***,***,32,Data Engineering,2025-11-20,Online
10393,***,***,34,Software Engineering,2026-08-27,In-person
10394,***,***,45,Data Science,2024-03-29,Online
10395,***,***,28,Machine Learning,2024-12-04,In-person
10396,***,***,23,Data Science,2025-10-17,In-person
10397,***,***,40,Data Engineering,2024-06-09,Online
10398,***,***,25,Web development,2022-12-18,Online
10399,***,***,37,Data Science,2026-11-28,Online
10400,***,***,24,Data Science,2026-08-15,Online
10401,***,***,28,Software Engineering,2025-05-16,In-person
10402,***,***,24,Data Science,2027-06-28,Online
10403,***,***,28,Data Science,2026-05-03,In-person
10404,***,***,28,Data Science,2024-04-19,Online
10405,***,***,44,Web development,2027-06-06,Online
10406,***,***,44,Web development,2023-10-04,Online
10407,***,***,31,Data Science,2026-07-29,In-person
10408,***,***,22,Software Engineering,2023-10-11,Online
10409,***,***,31,Data Engineering,2024-11-27,In-person
10410,***,***,36,Software Engineering,2023-02-18,Online
10411,***,***,43,Machine Learning,2024-04-14,Online
10412,***,***,30,Machine Learning,2026-06-06,Online
10413,***,***,25,Web development,2025-01-09,In-person
10414,***,***,22,Web development,2023-07-28,Online
10415,***,***,36,Machine Learning,2023-05-15,In-person
10416,***,***,27,Software Engineering,2025-07-21,Online
10417,***,***,37,Machine Learning,2022-11-27,Online
10418,***,***,37,Data Engineering,2026-12-03,In-person
10419,***,***,41,Software Engineering,2022-12-30,Online
10420,***,***,26,Data Engineering,2026-03-09,Online
10421,***,***,34,Machine Learning,2024-03-04,In-person
10422,***,***,44,Data Science,2024-11-24,Online
10423,***,***,40,Data Engineering,2026-09-08,In-person
10424,***,***,41,Machine Learning,2023-06-15,Online
10425,***,***,37,Data Engineering,2024-02-29,In-person
10426,***,***,38,Web development,2023-04-12,In-person
10427,***,***,41,Data Engineering,2027-06-11,In-person
10428,***,***,31,Software Engineering,2025-01-22,Online
10429,***,***,24,Software Engineering,2026-11-19,Online
10430,***,***,30,Data Science,2023-09-20,Online
10431,***,***,44,Software Engineering,2027-08-22,In-person
10432,***,***,40,Machine Learning,2027-08-21,In-person
10433,***,***,26,Data Engineering,2025-03-08,Online
10434,***,***,34,Machine Learning,2026-02-07,Online
10435,***,***,44,Machine Learning,2027-04-24,Online
10436,***,***,29,Machine Learning,2026-09-28,Online
10437,***,***,42,Data Engineering,2024-05-14,In-person
10438,***,***,34,Data Science,2023-02-27,In-person
10439,***,***,44,Data Engineering,2022-10-22,Online
10440,***,***,45,Web development,2027-10-05,In-person
10441,***,***,26,Data Science,2026-05-29,In-person
10442,***,***,43,Software Engineering,2026-11-02,Online
10443,***,***,24,Data Engineering,2023-12-02,In-person
10444,***,***,45,Data Science,2025-12-30,In-person
10445,***,***,31,Web development,2024-11-05,Online
10446,***,***,27,Data Engineering,2023-05-08,In-person
10447,***,***,34,Web development,2023-12-22,Online
10448,***,***,38,Software Engineering,2026-09-06,Online
10449,***,***,37,Software Engineering,2024-01-11,In-person
10450,***,***,31,Software Engineering,2025-02-28,Online
10451,***,***,45,Machine Learning,2024-08-28,In-person
10452,***,***,31,Web development,2026-08-14,In-person
10453,***,***,22,Software Engineering,2025-05-02,Online
10454,***,***,26,Data Engineering,2024-05-16,Online
10455,***,***,41,Data Science,2027-05-19,Online
10456,***,***,28,Web development,2024-05-07,In-person
10457,***,***,26,Data Science,2027-05-25,In-person
10458,***,***,43,Software Engineering,2025-12-21,Online
10459,***,***,29,Data Science,2023-08-01,Online
10460,***,***,27,Software Engineering,2024-05-02,Online
10461,***,***,35,Machine Learning,2025-05-10,In-person
10462,***,***,31,Data Engineering,2025-05-08,In-person
10463,***,***,44,Machine Learning,2027-05-31,Online
10464,***,***,36,Software Engineering,2022-12-02,In-person
10465,***,***,31,Software Engineering,2024-06-28,In-person
10466,***,***,29,Data Engineering,2026-11-20,In-person
10467,***,***,30,Software Engineering,2027-01-18,Online
10468,***,***,33,Web development,2025-09-05,In-person
10469,***,***,22,Software Engineering,2027-06-20,Online
10470,***,***,33,Data Science,2027-07-05,In-person
10471,***,***,30,Machine Learning,2027-02-27,In-person
10472,***,***,35,Web development,2027-07-01,Online
10473,***,***,35,Data Engineering,2023-10-09,Online
10474,***,***,44,Data Engineering,2027-01-04,In-person
10475,***,***,34,Machine Learning,2023-02-05,In-person
10476,***,***,41,Data Engineering,2023-09-24,Online
10477,***,***,40,Software Engineering,2027-10-13,Online
10478,***,***,42,Machine Learning,2026-01-29,Online
10479,***,***,30,Data Science,2027-03-15,Online
10480,***,***,38,Software Engineering,2025-08-19,Online
10481,***,***,23,Web development,2026-07-01,Online
10482,***,***,32,Machine Learning,2025-06-07,Online
10483,***,***,40,Software Engineering,2026-11-27,In-person
10484,***,***,30,Web development,2025-02-06,Online
10485,***,***,44,Data Science,2022-10-22,Online
10486,***,***,30,Data Engineering,2025-04-18,Online
10487,***,***,44,Data Engineering,2023-09-12,In-person
10488,***,***,41,Web development,2024-07-12,In-person
10489,***,***,38,Web development,2024-09-29,Online
10490,***,***,24,Data Engineering,2025-09-18,Online
10491,***,***,43,Machine Learning,2026-11-04,In-person
10492,***,***,42,Data Engineering,2025-08-18,In-person
10493,***,***,43,Web development,2027-03-21,In-person
10494,***,***,40,Machine Learning,2026-07-24,In-person
10495,***,***,29,Data Science,2023-09-26,Online
10496,***,***,28,Data Science,2022-11-18,In-person
10497,***,***,32,Data Engineering,2024-07-18,In-person
10498,***,***,35,Data Engineering,2024-11-06,Online
10499,***,***,45,Data Engineering,2027-04-11,In-person
10500,***,***,44,Software Engineering,2026-12-28,In-person
10501,***,***,36,Web development,2026-02-02,Online
10502,***,***,41,Data Science,2022-11-16,In-person
10503,***,***,38,Machine Learning,2024-05-07,Online
10504,***,***,23,Web development,2023-06-13,In-person
10505,***,***,29,Machine Learning,2026-01-29,Online
10506,***,***,36,Machine Learning,2025-07-01,In-person
10507,***,***,27,Data Science,2024-08-09,Online
10508,***,***,35,Web development,2022-12-03,Online
10509,***,***,38,Machine Learning,2023-06-16,In-person
10510,***,***,28,Machine Learning,2024-04-09,Online
10511,***,***,40,Web development,2027-02-19,In-person
10512,***,***,40,Software Engineering,2027-04-09,Online
10513,***,***,44,Data Engineering,2025-09-02,Online
10514,***,***,26,Machine Learning,2022-12-28,In-person
10515,***,***,37,Web development,2023-10-20,Online
10516,***,***,33,Data Engineering,2024-04-06,In-person
10517,***,***,41,Software Engineering,2023-03-10,Online
10518,***,***,31,Software Engineering,2027-08-16,In-person
10519,***,***,44,Data Science,2024-10-03,In-person
10520,***,***,45,Web development,2025-06-25,Online
10521,***,***,34,Data Engineering,2027-09-17,Online
10522,***,***,27,Data Science,2026-03-06,Online
10523,***,***,28,Data Science,2025-08-23,In-person
10524,***,***,28,Machine Learning,2026-07-03,Online
10525,***,***,28,Data Engineering,2025-09-02,In-person
10526,***,***,34,Software Engineering,2024-05-05,In-person
10527,***,***,22,Web development,2025-07-05,In-person
10528,***,***,35,Web development,2026-12-11,Online
10529,***,***,37,Software Engineering,2026-01-15,Online
10530,***,***,34,Web development,2027-09-05,Online
10531,***,***,34,Web development,2026-01-12,In-person
10532,***,***,31,Web development,2025-09-22,Online
10533,***,***,43,Data Engineering,2027-04-25,In-person
10534,***,***,44,Web development,2023-04-09,In-person
10535,***,***,26,Machine Learning,2023-04-11,In-person
10536,***,***,30,Data Engineering,2025-03-15,In-person
10537,***,***,40,Web development,2024-01-26,In-person
10538,***,***,44,Data Science,2024-07-07,In-person
10539,***,***,31,Data Science,2024-12-26,In-person
10540,***,***,25,Web development,2023-06-07,In-person
10541,***,***,25,Machine Learning,2026-10-25,Online
10542,***,***,35,Software Engineering,2026-09-08,In-person
10543,***,***,23,Software Engineering,2025-05-22,In-person
10544,***,***,30,Machine Learning,2024-02-11,In-person
10545,***,***,23,Data Engineering,2023-03-23,In-person
10546,***,***,31,Web development,2023-12-22,Online
10547,***,***,32,Software Engineering,2026-11-19,In-person
10548,***,***,40,Software Engineering,2025-06-03,In-person
10549,***,***,32,Software Engineering,2026-04-05,Online
10550,***,***,40,Machine Learning,2024-02-14,Online
10551,***,***,22,Web development,2023-03-28,In-person
10552,***,***,44,Software Engineering,2025-05-24,Online
10553,***,***,38,Machine Learning,2023-05-02,In-person
10554,***,***,28,Machine Learning,2027-07-28,In-person
10555,***,***,31,Software Engineering,2027-10-01,In-person
10556,***,***,29,Web development,2025-04-14,In-person
10557,***,***,23,Software Engineering,2024-12-19,Online
10558,***,***,30,Data Science,2025-02-17,In-person
10559,***,***,39,Web development,2026-04-07,Online
10560,***,***,28,Software Engineering,2027-06-23,In-person
10561,***,***,32,Web development,2023-02-23,Online
10562,***,***,32,Software Engineering,2026-02-23,Online
10563,***,***,28,Data Engineering,2024-01-07,In-person
10564,***,***,32,Web development,2023-05-17,In-person
10565,***,***,37,Data Engineering,2026-03-11,In-person
10566,***,***,24,Web development,2022-11-30,In-person
10567,***,***,41,Data Science,2023-08-31,In-person
10568,***,***,37,Software Engineering,2027-07-05,In-person
10569,***,***,45,Data Science,2023-05-26,In-person
10570,***,***,42,Data Science,2027-09-19,Online
10571,***,***,41,Web development,2024-07-14,In-person
10572,***,***,41,Software Engineering,2027-10-02,Online
10573,***,***,31,Data Science,2024-02-15,In-person
10574,***,***,38,Data Science,2024-03-12,Online
10575,***,***,31,Data Engineering,2023-12-13,Online
10576,***,***,36,Software Engineering,2026-12-31,In-person
10577,***,***,40,Data Science,2025-08-25,In-person
10578,***,***,23,Data Engineering,2025-01-08,In-person
10579,***,***,29,Machine Learning,2026-07-30,In-person
10580,***,***,40,Web development,2022-12-18,In-person
10581,***,***,42,Web development,2026-07-31,In-person
10582,***,***,29,Web development,2023-02-10,In-person
10583,***,***,25,Web development,2024-10-06,In-person
10584,***,***,22,Web development,2026-03-09,Online
10585,***,***,29,Machine Learning,2024-05-07,In-person
10586,***,***,44,Data Science,2025-01-31,Online
10587,***,***,37,Software Engineering,2023-05-24,Online
10588,***,***,42,Software Engineering,2025-11-02,In-person
10589,***,***,44,Machine Learning,2026-10-28,In-person
10590,***,***,40,Machine Learning,2024-07-05,Online
10591,***,***,27,Data Science,2026-01-25,Online
10592,***,***,42,Machine Learning,2024-01-18,Online
10593,***,***,32,Data Engineering,2024-12-31,Online
10594,***,***,41,Software Engineering,2024-09-20,In-person
10595,***,***,31,Software Engineering,2024-10-20,Online
10596,***,***,37,Machine Learning,2027-10-04,Online
10597,***,***,22,Web development,2026-06-04,In-person
10598,***,***,39,Data Engineering,2024-03-24,Online
10599,***,***,23,Web development,2026-10-08,Online
10600,***,***,34,Software Engineering,2024-04-24,Online
10601,***,***,23,Data Science,2025-08-08,In-person
10602,***,***,27,Data Engineering,2023-11-20,Online
10603,***,***,40,Machine Learning,2025-04-27,In-person
10604,***,***,35,Web development,2027-09-01,In-person
10605,***,***,30,Data Science,2023-11-29,Online
10606,***,***,45,Data Science,2025-03-18,In-person
10607,***,***,33,Machine Learning,2024-04-20,Online
10608,***,***,45,Web development,2025-08-12,Online
10609,***,***,39,Web development,2023-12-17,In-person
10610,***,***,23,Data Science,2024-12-06,Online
10611,***,***,26,Data Science,2027-03-31,Online
10612,***,***,25,Web development,2023-08-16,Online
10613,***,***,39,Software Engineering,2026-10-25,Online
10614,***,***,31,Machine Learning,2026-01-14,In-person
10615,***,***,43,Web development,2025-02-25,Online
10616,***,***,44,Machine Learning,2025-01-15,In-person
10617,***,***,37,Data Science,2026-08-15,In-person
10618,***,***,33,Software Engineering,2023-06-04,Online
10619,***,***,29,Machine Learning,2026-05-27,In-person
10620,***,***,24,Data Science,2024-10-06,In-person
10621,***,***,25,Data Science,2027-03-25,In-person
10622,***,***,42,Web development,2022-12-10,In-person
10623,***,***,43,Data Science,2024-12-08,Online
10624,***,***,45,Machine Learning,2025-08-18,Online
10625,***,***,22,Software Engineering,2025-04-21,In-person
10626,***,***,41,Data Engineering,2022-12-18,In-person
10627,***,***,34,Data Science,2025-06-06,Online
10628,***,***,31,Data Science,2023-01-23,Online
10629,***,***,36,Machine Learning,2024-08-02,In-person
10630,***,***,27,Web development,2022-10-31,In-person
10631,***,***,31,Machine Learning,2024-06-12,In-person
10632,***,***,34,Web development,2026-11-27,Online
10633,***,***,42,Machine Learning,2027-03-29,Online
10634,***,***,32,Software Engineering,2024-04-29,In-person
10635,***,***,24,Web development,2024-04-18,Online
10636,***,***,26,Web development,2025-05-13,Online
10637,***,***,25,Software Engineering,2023-10-08,In-person
10638,***,***,25,Data Science,2023-04-10,In-person
10639,***,***,25,Web development,2024-08-17,In-person
10640,***,***,35,Software Engineering,2023-08-28,Online
10641,***,***,25,Data Engineering,2023-07-23,In-person
10642,***,***,42,Software Engineering,2026-07-13,In-person
10643,***,***,33,Data Science,2026-02-15,Online
10644,***,***,42,Web development,2024-10-08,Online
10645,***,***,27,Web development,2025-05-28,In-person
10646,***,***,25,Data Science,2025-01-21,In-person
10647,***,***,25,Software Engineering,2027-02-13,In-person
10648,***,***,45,Data Engineering,2024-10-31,In-person
10649,***,***,27,Data Engineering,2027-08-22,Online
10650,***,***,35,Machine Learning,2024-08-06,Online
10651,***,***,36,Software Engineering,2025-12-08,In-person
10652,***,***,27,Web development,2024-03-13,Online
10653,***,***,33,Data Engineering,2025-12-06,In-person
10654,***,***,34,Data Science,2026-12-04,In-person
10655,***,***,38,Software Engineering,2027-02-28,In-person
10656,***,***,43,Software Engineering,2025-07-30,In-person
10657,***,***,34,Data Science,2024-01-27,Online
10658,***,***,37,Data Engineering,2026-12-15,Online
10659,***,***,39,Data Engineering,2026-05-30,In-person
10660,***,***,40,Web development,2023-12-20,In-person
10661,***,***,26,Web development,2026-11-09,Online
10662,***,***,27,Machine Learning,2025-11-26,Online
10663,***,***,36,Web development,2024-11-06,Online
10664,***,***,39,Machine Learning,2022-11-05,Online
10665,***,***,39,Machine Learning,2026-10-22,Online
10666,***,***,35,Web development,2024-05-17,Online
10667,***,***,40,Data Engineering,2023-06-30,Online
10668,***,***,29,Data Engineering,2025-08-11,Online
10669,***,***,37,Data Science,2025-09-18,Online
10670,***,***,34,Web development,2027-07-29,Online
10671,***,***,39,Web development,2024-10-13,In-person
10672,***,***,26,Data Science,2026-10-22,In-person
10673,***,***,38,Data Science,2025-01-04,In-person
10674,***,***,39,Software Engineering,2025-02-08,In-person
10675,***,***,39,Data Science,2027-04-29,Online
10676,***,***,34,Data Engineering,2024-05-13,Online
10677,***,***,28,Data Science,2024-08-08,In-person
10678,***,***,22,Data Science,2025-09-03,In-person
10679,***,***,40,Web development,2024-01-29,Online
10680,***,***,36,Web development,2026-10-02,In-person
10681,***,***,40,Web development,2025-02-22,Online
10682,***,***,38,Data Science,2025-03-11,Online
10683,***,***,31,Data Engineering,2024-10-11,Online
10684,***,***,36,Web development,2026-05-30,In-person
10685,***,***,32,Web development,2022-11-22,Online
10686,***,***,30,Data Science,2027-06-12,Online
10687,***,***,36,Web development,2026-10-16,Online
10688,***,***,44,Software Engineering,2024-09-08,Online
10689,***,***,32,Machine Learning,2026-11-19,In-person
10690,***,***,27,Machine Learning,2025-08-07,Online
10691,***,***,29,Web development,2025-05-21,Online
10692,***,***,31,Web development,2027-08-18,In-person
10693,***,***,32,Web development,2023-02-18,Online
10694,***,***,33,Software Engineering,2022-11-28,In-person
10695,***,***,37,Data Science,2025-08-26,Online
10696,***,***,30,Data Engineering,2025-09-08,Online
10697,***,***,29,Software Engineering,2024-08-22,Online
10698,***,***,25,Data Science,2026-05-23,In-person
10699,***,***,27,Web development,2027-05-15,Online
10700,***,***,28,Software Engineering,2023-11-19,In-person
10701,***,***,40,Web development,2026-08-21,In-person
10702,***,***,30,Software Engineering,2022-11-24,Online
10703,***,***,29,Data Engineering,2025-09-13,In-person
10704,***,***,29,Data Engineering,2023-11-28,Online
10705,***,***,38,Web development,2026-10-25,In-person
10706,***,***,32,Web development,2023-06-14,In-person
10707,***,***,33,Web development,2027-09-24,Online
10708,***,***,42,Software Engineering,2026-01-04,In-person
10709,***,***,25,Data Science,2025-10-01,Online
10710,***,***,39,Software Engineering,2024-12-03,In-person
10711,***,***,28,Software Engineering,2027-09-29,Online
10712,***,***,29,Data Science,2023-06-22,In-person
10713,***,***,32,Machine Learning,2023-11-01,In-person
10714,***,***,44,Web development,2023-08-02,In-person
10715,***,***,44,Machine Learning,2025-10-03,In-person
10716,***,***,42,Data Science,2023-08-02,Online
10717,***,***,24,Web development,2024-07-04,Online
10718,***,***,45,Web development,2027-06-11,Online
10719,***,***,29,Machine Learning,2027-05-18,In-person
10720,***,***,30,Web development,2025-02-25,Online
10721,***,***,43,Data Engineering,2024-07-21,Online
10722,***,***,31,Data Science,2025-07-15,In-person
10723,***,***,42,Data Science,2023-08-01,Online
10724,***,***,33,Software Engineering,2026-06-12,Online
10725,***,***,23,Machine Learning,2023-05-24,In-person
10726,***,***,40,Web development,2026-12-01,Online
10727,***,***,28,Data Engineering,2027-04-14,Online
10728,***,***,37,Web development,2023-08-06,Online
10729,***,***,43,Data Science,2023-01-09,Online
10730,***,***,38,Software Engineering,2025-12-07,In-person
10731,***,***,37,Web development,2023-10-07,In-person
10732,***,***,43,Data Science,2024-06-20,In-person
10733,***,***,39,Software Engineering,2026-02-12,In-person
10734,***,***,24,Data Engineering,2023-04-07,In-person
10735,***,***,33,Web development,2027-07-12,Online
10736,***,***,33,Software Engineering,2025-12-01,Online
10737,***,***,44,Software Engineering,2027-07-03,In-person
10738,***,***,40,Machine Learning,2027-09-24,Online
10739,***,***,30,Software Engineering,2025-12-07,Online
10740,***,***,38,Machine Learning,2023-10-15,Online
10741,***,***,44,Software Engineering,2026-08-10,Online
10742,***,***,43,Machine Learning,2025-01-14,Online
10743,***,***,41,Software Engineering,2027-07-19,Online
10744,***,***,43,Data Engineering,2026-02-06,Online
10745,***,***,41,Web development,2023-05-27,In-person
10746,***,***,25,Software Engineering,2026-06-28,Online
10747,***,***,44,Data Engineering,2027-01-26,In-person
10748,***,***,22,Machine Learning,2026-10-18,In-person
10749,***,***,32,Data Science,2024-11-15,Online
10750,***,***,30,Machine Learning,2023-05-05,In-person
10751,***,***,23,Web development,2023-06-04,In-person
10752,***,***,36,Data Engineering,2025-04-16,Online
10753,***,***,34,Web development,2024-10-23,Online
10754,***,***,30,Web development,2023-10-15,Online
10755,***,***,43,Software Engineering,2026-12-21,Online
10756,***,***,29,Software Engineering,2025-02-10,Online
10757,***,***,43,Web development,2027-03-20,In-person
10758,***,***,42,Web development,2022-12-17,In-person
10759,***,***,28,Data Science,2025-02-01,In-person
10760,***,***,37,Data Science,2024-05-28,Online
10761,***,***,36,Web development,2026-10-07,In-person
10762,***,***,39,Data Science,2024-10-09,In-person
10763,***,***,34,Machine Learning,2027-07-23,In-person
10764,***,***,44,Web development,2023-06-04,In-person
10765,***,***,29,Data Science,2025-01-09,In-person
10766,***,***,26,Data Engineering,2024-06-26,In-person
10767,***,***,40,Machine Learning,2025-11-23,Online
10768,***,***,24,Machine Learning,2025-08-13,In-person
10769,***,***,31,Machine Learning,2025-05-04,Online
10770,***,***,40,Machine Learning,2024-11-25,In-person
10771,***,***,38,Data Engineering,2026-08-21,In-person
10772,***,***,42,Data Science,2027-07-07,Online
10773,***,***,28,Data Science,2024-01-11,Online
10774,***,***,39,Software Engineering,2025-04-04,In-person
10775,***,***,37,Data Engineering,2024-04-03,Online
10776,***,***,31,Web development,2025-01-16,Online
10777,***,***,30,Data Science,2024-12-15,In-person
10778,***,***,39,Software Engineering,2025-09-16,In-person
10779,***,***,45,Web development,2025-04-01,Online
10780,***,***,35,Software Engineering,2027-05-15,In-person
10781,***,***,42,Machine Learning,2023-08-29,In-person
10782,***,***,28,Data Engineering,2025-06-15,Online
10783,***,***,30,Machine Learning,2026-08-21,Online
10784,***,***,42,Software Engineering,2026-11-04,In-person
10785,***,***,30,Data Engineering,2027-08-31,In-person
10786,***,***,26,Web development,2023-09-27,Online
10787,***,***,40,Machine Learning,2023-11-19,In-person
10788,***,***,39,Data Science,2023-08-27,Online
10789,***,***,29,Data Engineering,2026-09-10,Online
10790,***,***,28,Web development,2027-08-03,Online
10791,***,***,27,Software Engineering,2027-08-29,In-person
10792,***,***,31,Software Engineering,2024-01-10,Online
10793,***,***,32,Data Engineering,2027-06-24,In-person
10794,***,***,43,Data Science,2024-12-06,In-person
10795,***,***,45,Data Science,2024-01-27,Online
10796,***,***,35,Web development,2025-03-19,In-person
10797,***,***,25,Data Science,2024-01-17,Online
10798,***,***,42,Machine Learning,2024-11-28,In-person
10799,***,***,23,Data Engineering,2025-11-04,In-person
10800,***,***,40,Data Engineering,2027-04-03,Online
10801,***,***,26,Machine Learning,2026-09-18,In-person
10802,***,***,34,Machine Learning,2025-01-27,In-person
10803,***,***,25,Web development,2023-11-01,In-person
10804,***,***,43,Software Engineering,2027-03-08,Online
10805,***,***,26,Data Engineering,2024-02-07,Online
10806,***,***,27,Software Engineering,2023-10-30,Online
10807,***,***,28,Data Engineering,2023-07-18,Online
10808,***,***,42,Web development,2023-07-05,In-person
10809,***,***,38,Software Engineering,2027-06-13,In-person
10810,***,***,44,Data Engineering,2025-05-11,In-person
10811,***,***,26,Data Engineering,2026-02-27,In-person
10812,***,***,34,Web development,2024-11-24,Online
10813,***,***,33,Data Engineering,2026-11-19,Online
10814,***,***,39,Machine Learning,2024-07-20,In-person
10815,***,***,35,Software Engineering,2023-02-20,Online
10816,***,***,35,Web development,2025-12-26,Online
10817,***,***,29,Web development,2027-01-09,Online
10818,***,***,27,Data Science,2023-11-22,In-person
10819,***,***,27,Data Science,2027-10-08,In-person
10820,***,***,27,Software Engineering,2023-02-19,In-person
10821,***,***,40,Machine Learning,2025-03-12,In-person
10822,***,***,39,Machine Learning,2026-10-11,In-person
10823,***,***,23,Data Engineering,2025-12-04,Online
10824,***,***,29,Data Science,2025-07-08,Online
10825,***,***,22,Software Engineering,2026-04-19,Online
10826,***,***,25,Data Science,2026-01-07,Online
10827,***,***,29,Data Science,2023-11-07,Online
10828,***,***,41,Data Engineering,2025-05-07,In-person
10829,***,***,34,Machine Learning,2024-09-09,Online
10830,***,***,24,Software Engineering,2026-11-24,In-person
10831,***,***,43,Web development,2024-08-10,In-person
10832,***,***,28,Software Engineering,2023-12-01,In-person
10833,***,***,43,Data Science,2027-06-09,Online
10834,***,***,44,Web development,2027-03-04,In-person
10835,***,***,23,Machine Learning,2023-09-27,In-person
10836,***,***,42,Web development,2027-08-13,In-person
10837,***,***,30,Data Science,2022-12-17,In-person
10838,***,***,38,Web development,2026-01-16,In-person
10839,***,***,39,Data Engineering,2023-12-09,Online
10840,***,***,28,Machine Learning,2027-07-02,In-person
10841,***,***,36,Software Engineering,2026-10-31,In-person
10842,***,***,41,Web development,2023-12-14,In-person
10843,***,***,22,Data Engineering,2024-08-20,Online
10844,***,***,35,Data Engineering,2024-02-03,In-person
10845,***,***,42,Software Engineering,2023-02-17,In-person
10846,***,***,31,Web development,2024-07-31,In-person
10847,***,***,34,Machine Learning,2026-12-05,Online
10848,***,***,34,Data Science,2023-11-05,Online
10849,***,***,26,Machine Learning,2022-12-19,In-person
10850,***,***,24,Web development,2026-02-14,In-person
10851,***,***,37,Web development,2024-04-07,In-person
10852,***,***,45,Software Engineering,2026-04-05,Online
10853,***,***,24,Data Engineering,2026-12-08,In-person
10854,***,***,44,Web development,2023-10-30,Online
10855,***,***,31,Data Science,2027-10-10,In-person
10856,***,***,44,Software Engineering,2026-12-10,Online
10857,***,***,32,Data Engineering,2024-03-26,Online
10858,***,***,22,Data Engineering,2027-08-07,In-person
10859,***,***,38,Data Engineering,2023-05-12,In-person
10860,***,***,24,Data Engineering,2025-09-14,In-person
10861,***,***,32,Data Science,2022-12-17,In-person
10862,***,***,35,Machine Learning,2024-07-23,Online
10863,***,***,27,Software Engineering,2027-05-02,In-person
10864,***,***,41,Software Engineering,2025-03-05,Online
10865,***,***,39,Data Science,2027-08-12,In-person
10866,***,***,37,Data Science,2025-10-04,Online
10867,***,***,38,Data Engineering,2027-07-10,In-person
10868,***,***,22,Data Science,2025-03-20,In-person
10869,***,***,35,Data Science,2024-03-01,Online
10870,***,***,23,Data Science,2027-08-15,In-person
10871,***,***,43,Web development,2027-01-05,Online
10872,***,***,31,Data Science,2026-04-14,Online
10873,***,***,40,Machine Learning,2023-03-29,Online
10874,***,***,37,Data Science,2024-09-06,In-person
10875,***,***,22,Web development,2024-10-02,Online
10876,***,***,23,Software Engineering,2024-08-25,Online
10877,***,***,24,Data Science,2026-12-14,In-person
10878,***,***,36,Data Science,2025-04-23,Online
10879,***,***,39,Data Science,2027-03-14,In-person
10880,***,***,29,Web development,2024-03-20,In-person
10881,***,***,26,Software Engineering,2027-03-11,Online
10882,***,***,25,Software Engineering,2027-08-17,In-person
10883,***,***,31,Web development,2027-02-17,In-person
10884,***,***,35,Machine Learning,2025-04-29,Online
10885,***,***,37,Data Engineering,2025-11-24,In-person
10886,***,***,24,Web development,2025-03-22,In-person
10887,***,***,34,Data Engineering,2023-09-19,Online
10888,***,***,25,Software Engineering,2023-05-05,Online
10889,***,***,22,Data Engineering,2025-05-17,Online
10890,***,***,35,Machine Learning,2023-03-12,In-person
10891,***,***,25,Data Science,2023-02-02,In-person
10892,***,***,37,Software Engineering,2027-03-29,In-person
10893,***,***,33,Web development,2026-06-25,In-person
10894,***,***,28,Data Science,2025-06-10,In-person
10895,***,***,31,Web development,2025-03-15,In-person
10896,***,***,35,Web development,2024-10-17,In-person
10897,***,***,42,Data Engineering,2022-12-21,Online
10898,***,***,37,Data Science,2025-10-09,In-person
10899,***,***,23,Machine Learning,2023-05-24,Online
10900,***,***,30,Software Engineering,2023-04-15,In-person
10901,***,***,34,Data Science,2025-10-26,In-person
10902,***,***,37,Software Engineering,2025-06-27,Online
10903,***,***,38,Machine Learning,2023-10-23,Online
10904,***,***,33,Machine Learning,2022-12-09,Online
10905,***,***,22,Data Engineering,2026-10-12,In-person
10906,***,***,29,Software Engineering,2025-10-30,Online
10907,***,***,31,Software Engineering,2026-10-02,Online
10908,***,***,36,Web development,2026-06-19,Online
10909,***,***,29,Data Engineering,2024-05-05,In-person
10910,***,***,45,Machine Learning,2023-10-17,Online
10911,***,***,38,Machine Learning,2027-05-30,Online
10912,***,***,39,Machine Learning,2023-09-17,In-person
10913,***,***,33,Web development,2027-01-02,In-person
10914,***,***,40,Data Engineering,2026-05-15,In-person
10915,***,***,42,Web development,2023-09-04,In-person
10916,***,***,36,Data Engineering,2023-06-01,In-person
10917,***,***,41,Data Science,2023-09-25,In-person
10918,***,***,25,Machine Learning,2027-01-26,Online
10919,***,***,28,Software Engineering,2027-07-21,In-person
10920,***,***,35,Web development,2025-04-30,In-person
10921,***,***,43,Software Engineering,2024-09-14,In-person
10922,***,***,31,Data Engineering,2023-12-16,In-person
10923,***,***,29,Software Engineering,2024-08-02,Online
10924,***,***,23,Software Engineering,2022-11-14,Online
10925,***,***,31,Machine Learning,2023-05-02,Online
10926,***,***,28,Machine Learning,2027-07-26,Online
10927,***,***,27,Machine Learning,2026-07-17,Online
10928,***,***,38,Data Engineering,2026-08-20,In-person
10929,***,***,33,Web development,2023-07-28,In-person
10930,***,***,25,Data Science,2026-09-26,Online
10931,***,***,28,Machine Learning,2027-02-09,Online
10932,***,***,42,Software Engineering,2026-12-15,Online
10933,***,***,43,Data Engineering,2023-10-09,In-person
10934,***,***,42,Web development,2025-10-10,Online
10935,***,***,26,Machine Learning,2022-12-16,In-person
10936,***,***,24,Software Engineering,2025-01-30,In-person
10937,***,***,32,Software Engineering,2025-03-21,In-person
10938,***,***,24,Data Science,2024-06-20,Online
10939,***,***,39,Web development,2024-11-24,Online
10940,***,***,37,Machine Learning,2024-12-07,Online
10941,***,***,26,Web development,2027-06-14,Online
10942,***,***,45,Data Science,2025-07-21,In-person
10943,***,***,22,Data Science,2023-08-14,In-person
10944,***,***,26,Data Science,2027-10-14,In-person
10945,***,***,40,Machine Learning,2023-08-09,In-person
10946,***,***,29,Software Engineering,2025-01-01,In-person
10947,***,***,41,Data Engineering,2024-03-23,In-person
10948,***,***,41,Data Engineering,2023-03-24,In-person
10949,***,***,44,Machine Learning,2026-09-17,In-person
10950,***,***,30,Software Engineering,2023-11-25,Online
10951,***,***,31,Software Engineering,2025-01-15,In-person
10952,***,***,45,Data Engineering,2025-04-02,Online
10953,***,***,37,Software Engineering,2027-01-03,In-person
10954,***,***,41,Web development,2023-02-13,Online
10955,***,***,28,Data Science,2027-04-14,Online
10956,***,***,37,Machine Learning,2024-01-28,Online
10957,***,***,23,Data Science,2024-07-11,Online
10958,***,***,27,Data Engineering,2027-06-13,Online
10959,***,***,45,Machine Learning,2027-08-28,In-person
10960,***,***,34,Web development,2027-06-21,In-person
10961,***,***,42,Data Engineering,2023-08-06,Online
10962,***,***,43,Software Engineering,2023-03-19,Online
10963,***,***,30,Web development,2024-04-01,Online
10964,***,***,25,Machine Learning,2022-11-14,In-person
10965,***,***,33,Data Science,2023-10-26,Online
10966,***,***,42,Machine Learning,2022-12-16,Online
10967,***,***,28,Machine Learning,2026-01-11,Online
10968,***,***,36,Data Engineering,2023-11-14,Online
10969,***,***,25,Web development,2025-05-06,In-person
10970,***,***,45,Machine Learning,2024-05-06,In-person
10971,***,***,38,Data Engineering,2026-09-04,In-person
10972,***,***,25,Web development,2022-11-08,Online
10973,***,***,23,Software Engineering,2027-02-14,Online
10974,***,***,42,Data Science,2027-08-15,Online
10975,***,***,42,Data Engineering,2026-08-11,Online
10976,***,***,24,Machine Learning,2027-04-04,In-person
10977,***,***,28,Software Engineering,2025-10-16,Online
10978,***,***,31,Data Engineering,2024-06-27,Online
10979,***,***,36,Software Engineering,2024-12-31,Online
10980,***,***,43,Machine Learning,2026-05-06,In-person
10981,***,***,32,Data Engineering,2022-12-29,Online
10982,***,***,31,Data Science,2025-09-11,In-person
10983,***,***,35,Data Science,2027-08-07,Online
10984,***,***,41,Machine Learning,2025-02-21,Online
10985,***,***,43,Data Engineering,2025-03-03,Online
10986,***,***,43,Software Engineering,2023-08-07,In-person
10987,***,***,34,Data Science,2027-08-28,Online
10988,***,***,27,Data Engineering,2027-07-10,In-person
10989,***,***,32,Machine Learning,2023-02-23,In-person
10990,***,***,28,Data Science,2024-12-01,In-person
10991,***,***,44,Web development,2026-07-03,In-person
10992,***,***,41,Machine Learning,2027-05-12,In-person
10993,***,***,23,Data Science,2027-03-18,Online
10994,***,***,35,Machine Learning,2024-12-05,Online
10995,***,***,45,Data Science,2026-10-17,In-person
10996,***,***,40,Machine Learning,2026-07-26,Online
10997,***,***,22,Data Engineering,2027-02-21,Online
10998,***,***,44,Data Science,2027-07-13,Online
10999,***,***,44,Software Engineering,2026-10-08,Online
11000,***,***,22,Web development,2024-01-04,Online
11001,***,***,28,Machine Learning,2023-04-11,In-person
11002,***,***,38,Software Engineering,2027-08-29,Online
11003,***,***,41,Data Engineering,2024-03-12,Online
11004,***,***,43,Data Science,2025-05-26,In-person
11005,***,***,26,Data Engineering,2023-11-09,Online
11006,***,***,42,Data Engineering,2023-04-13,Online
11007,***,***,32,Software Engineering,2023-06-16,In-person
11008,***,***,40,Software Engineering,2023-10-20,In-person
11009,***,***,31,Machine Learning,2023-05-30,Online
11010,***,***,24,Web development,2024-08-09,In-person
11011,***,***,23,Data Science,2024-11-02,Online
11012,***,***,24,Data Science,2023-08-11,In-person
11013,***,***,28,Data Engineering,2026-08-15,Online
11014,***,***,30,Data Science,2023-09-30,In-person
11015,***,***,41,Data Engineering,2026-12-21,Online
11016,***,***,42,Data Engineering,2026-01-17,In-person
11017,***,***,33,Web development,2026-01-26,Online
11018,***,***,38,Software Engineering,2025-12-29,Online
11019,***,***,26,Data Engineering,2026-03-13,Online
11020,***,***,30,Data Engineering,2024-01-25,Online
11021,***,***,26,Data Science,2023-05-27,In-person
11022,***,***,22,Machine Learning,2026-08-26,Online
11023,***,***,29,Machine Learning,2023-08-23,In-person
11024,***,***,39,Data Science,2027-09-13,Online
11025,***,***,29,Data Science,2025-12-24,Online
11026,***,***,45,Data Engineering,2024-09-15,In-person
11027,***,***,28,Data Engineering,2026-06-04,In-person
11028,***,***,38,Data Science,2024-07-22,In-person
11029,***,***,43,Data Engineering,2024-10-10,In-person
11030,***,***,32,Web development,2026-07-03,Online
11031,***,***,43,Software Engineering,2027-04-07,Online
11032,***,***,27,Software Engineering,2026-05-05,In-person
11033,***,***,31,Machine Learning,2026-08-30,In-person
11034,***,***,32,Web development,2024-06-27,Online
11035,***,***,40,Software Engineering,2023-12-05,Online
11036,***,***,37,Software Engineering,2024-06-19,In-person
11037,***,***,41,Web development,2024-12-21,Online
11038,***,***,29,Data Science,2025-12-16,Online
11039,***,***,27,Software Engineering,2026-07-20,In-person
11040,***,***,34,Data Engineering,2023-12-31,In-person
11041,***,***,40,Data Engineering,2025-04-24,Online
11042,***,***,30,Data Science,2023-10-01,Online
11043,***,***,23,Machine Learning,2026-04-20,Online
11044,***,***,26,Data Engineering,2027-03-05,In-person
11045,***,***,26,Data Science,2024-09-19,Online
11046,***,***,35,Data Science,2025-02-18,Online
11047,***,***,32,Machine Learning,2023-09-05,In-person
11048,***,***,27,Machine Learning,2023-08-13,In-person
11049,***,***,25,Web development,2025-08-31,Online
11050,***,***,37,Software Engineering,2027-08-14,In-person
11051,***,***,30,Web development,2026-06-15,Online
11052,***,***,34,Machine Learning,2027-01-19,Online
11053,***,***,30,Data Engineering,2024-10-03,In-person
11054,***,***,38,Data Science,2022-11-08,Online
11055,***,***,33,Data Science,2024-03-25,In-person
11056,***,***,36,Software Engineering,2024-03-08,Online
11057,***,***,39,Web development,2023-12-17,In-person
11058,***,***,25,Data Science,2027-01-19,Online
11059,***,***,25,Machine Learning,2026-08-10,Online
11060,***,***,36,Data Engineering,2027-09-13,Online
11061,***,***,26,Machine Learning,2022-12-20,In-person
11062,***,***,43,Software Engineering,2024-06-23,Online
11063,***,***,39,Web development,2023-03-31,Online
11064,***,***,44,Machine Learning,2024-09-17,Online
11065,***,***,33,Web development,2024-12-01,Online
11066,***,***,28,Machine Learning,2023-01-14,In-person
11067,***,***,33,Web development,2024-03-06,In-person
11068,***,***,35,Machine Learning,2024-11-15,Online
11069,***,***,45,Data Engineering,2024-09-07,Online
11070,***,***,35,Data Science,2027-02-18,Online
11071,***,***,39,Software Engineering,2023-12-06,Online
11072,***,***,35,Data Science,2023-04-01,Online
11073,***,***,35,Web development,2025-09-23,In-person
11074,***,***,25,Data Science,2026-06-04,In-person
11075,***,***,25,Machine Learning,2026-03-16,Online
11076,***,***,41,Data Engineering,2023-12-21,In-person
11077,***,***,45,Machine Learning,2027-08-17,In-person
11078,***,***,22,Machine Learning,2024-12-12,In-person
11079,***,***,45,Software Engineering,2023-05-26,Online
11080,***,***,45,Software Engineering,2026-05-04,In-person
11081,***,***,25,Software Engineering,2025-05-29,In-person
11082,***,***,37,Web development,2026-09-25,In-person
11083,***,***,28,Data Engineering,2026-12-24,In-person
11084,***,***,38,Data Engineering,2023-05-18,In-person
11085,***,***,35,Data Science,2026-12-16,Online
11086,***,***,40,Data Science,2025-11-25,Online
11087,***,***,26,Software Engineering,2025-01-01,Online
11088,***,***,29,Data Engineering,2026-12-09,Online
11089,***,***,35,Web development,2026-02-03,In-person
11090,***,***,22,Data Engineering,2026-01-22,Online
11091,***,***,23,Web development,2023-02-15,In-person
11092,***,***,45,Software Engineering,2023-11-09,In-person
11093,***,***,27,Software Engineering,2024-11-21,In-person
11094,***,***,28,Software Engineering,2024-03-12,In-person
11095,***,***,44,Machine Learning,2026-12-02,In-person
11096,***,***,26,Machine Learning,2023-02-07,In-person
11097,***,***,29,Data Science,2024-09-07,In-person
11098,***,***,37,Data Science,2025-03-20,In-person
11099,***,***,40,Software Engineering,2024-09-03,Online
11100,***,***,39,Software Engineering,2022-11-25,In-person
11101,***,***,31,Data Engineering,2023-01-21,In-person
11102,***,***,29,Web development,2025-04-18,In-person
11103,***,***,43,Data Engineering,2026-05-13,Online
11104,***,***,38,Machine Learning,2025-12-17,Online
11105,***,***,36,Data Science,2025-04-27,In-person
11106,***,***,31,Software Engineering,2024-08-05,Online
11107,***,***,41,Software Engineering,2026-12-10,In-person
11108,***,***,38,Software Engineering,2023-02-01,In-person
11109,***,***,30,Data Engineering,2023-11-27,In-person
11110,***,***,29,Data Science,2026-04-11,Online
11111,***,***,41,Machine Learning,2023-08-26,In-person
11112,***,***,31,Software Engineering,2024-08-28,Online
11113,***,***,24,Data Engineering,2024-01-10,Online
11114,***,***,38,Machine Learning,2023-07-21,In-person
11115,***,***,26,Data Engineering,2022-10-24,Online
11116,***,***,24,Data Engineering,2026-04-11,Online
11117,***,***,30,Machine Learning,2023-11-13,In-person
11118,***,***,29,Web development,2025-01-15,In-person
11119,***,***,31,Data Engineering,2022-11-17,In-person
11120,***,***,35,Software Engineering,2024-02-14,In-person
11121,***,***,30,Web development,2026-03-23,In-person
11122,***,***,27,Web development,2022-12-28,Online
11123,***,***,30,Web development,2024-10-09,In-person
11124,***,***,38,Machine Learning,2027-09-24,Online
11125,***,***,34,Data Engineering,2025-02-27,Online
11126,***,***,36,Software Engineering,2026-11-13,In-person
11127,***,***,45,Software Engineering,2024-07-25,In-person
11128,***,***,23,Machine Learning,2024-09-15,In-person
11129,***,***,34,Web development,2024-02-16,Online
11130,***,***,29,Data Science,2023-02-12,Online
11131,***,***,26,Data Science,2026-06-07,Online
11132,***,***,36,Machine Learning,2025-12-03,In-person
11133,***,***,30,Machine Learning,2027-09-12,In-person
11134,***,***,23,Web development,2025-10-05,In-person
11135,***,***,27,Web development,2025-05-29,In-person
11136,***,***,26,Data Engineering,2024-09-29,In-person
11137,***,***,27,Data Science,2024-08-09,Online
11138,***,***,30,Data Science,2026-01-28,In-person
11139,***,***,30,Data Engineering,2027-07-25,Online
11140,***,***,30,Machine Learning,2023-12-20,Online
11141,***,***,35,Web development,2025-07-25,In-person
11142,***,***,36,Data Engineering,2027-08-31,Online
11143,***,***,29,Software Engineering,2025-05-29,Online
11144,***,***,40,Software Engineering,2026-08-02,Online
11145,***,***,40,Software Engineering,2026-08-11,Online
11146,***,***,34,Machine Learning,2025-10-19,In-person
11147,***,***,40,Data Engineering,2024-11-04,In-person
11148,***,***,38,Data Science,2026-04-18,In-person
11149,***,***,25,Data Engineering,2025-04-20,Online
11150,***,***,24,Data Engineering,2023-08-23,Online
11151,***,***,22,Data Science,2027-03-31,Online
11152,***,***,31,Data Engineering,2027-07-24,In-person
11153,***,***,41,Machine Learning,2025-04-25,In-person
11154,***,***,40,Data Science,2023-07-06,Online
11155,***,***,24,Software Engineering,2025-03-26,In-person
11156,***,***,42,Machine Learning,2025-06-03,In-person
11157,***,***,43,Data Science,2023-01-01,Online
11158,***,***,41,Data Science,2027-10-13,Online
11159,***,***,41,Machine Learning,2025-10-22,In-person
11160,***,***,44,Software Engineering,2027-02-15,Online
11161,***,***,26,Data Engineering,2027-07-22,In-person
11162,***,***,22,Data Engineering,2024-10-15,Online
11163,***,***,45,Data Science,2023-04-26,Online
11164,***,***,28,Data Engineering,2024-06-20,Online
11165,***,***,40,Web development,2025-07-30,In-person
11166,***,***,36,Web development,2023-12-24,In-person
11167,***,***,27,Software Engineering,2027-05-21,Online
11168,***,***,37,Web development,2026-12-05,In-person
11169,***,***,30,Data Engineering,2025-02-17,In-person
11170,***,***,37,Data Engineering,2025-10-05,Online
11171,***,***,37,Data Science,2024-02-15,In-person
11172,***,***,25,Data Science,2025-10-05,In-person
11173,***,***,33,Software Engineering,2026-12-17,Online
11174,***,***,33,Data Engineering,2022-12-23,In-person
11175,***,***,23,Data Engineering,2024-11-28,In-person
11176,***,***,32,Software Engineering,2026-08-17,Online
11177,***,***,34,Machine Learning,2023-01-04,Online
11178,***,***,34,Machine Learning,2026-12-29,In-person
11179,***,***,43,Software Engineering,2024-06-21,In-person
11180,***,***,40,Data Engineering,2024-12-25,In-person
11181,***,***,39,Data Science,2025-02-14,In-person
11182,***,***,35,Web development,2023-11-10,Online
11183,***,***,40,Machine Learning,2027-07-29,In-person
11184,***,***,33,Data Engineering,2023-05-11,In-person
11185,***,***,24,Data Engineering,2023-09-04,Online
11186,***,***,40,Data Engineering,2023-04-20,In-person
11187,***,***,32,Data Engineering,2026-04-09,In-person
11188,***,***,31,Machine Learning,2023-11-23,In-person
11189,***,***,30,Data Science,2026-08-27,Online
11190,***,***,33,Web development,2024-07-10,Online
11191,***,***,29,Data Science,2025-02-06,Online
11192,***,***,35,Data Engineering,2026-02-21,In-person
11193,***,***,41,Data Engineering,2026-10-03,In-person
11194,***,***,34,Data Engineering,2024-10-08,In-person
11195,***,***,25,Machine Learning,2025-01-29,Online
11196,***,***,25,Data Engineering,2023-07-08,In-person
11197,***,***,41,Data Engineering,2024-08-12,Online
11198,***,***,30,Web development,2023-02-21,Online
11199,***,***,34,Software Engineering,2027-05-16,In-person
11200,***,***,43,Data Science,2025-12-14,In-person
11201,***,***,23,Software Engineering,2026-06-30,In-person
11202,***,***,33,Software Engineering,2026-09-09,Online
11203,***,***,40,Web development,2027-01-29,In-person
11204,***,***,33,Web development,2023-07-17,Online
11205,***,***,36,Software Engineering,2025-08-30,In-person
11206,***,***,45,Data Science,2023-07-09,In-person
11207,***,***,43,Machine Learning,2023-10-10,Online
11208,***,***,22,Data Engineering,2024-01-21,Online
11209,***,***,23,Web development,2027-06-01,In-person
11210,***,***,25,Data Science,2026-07-15,In-person
11211,***,***,44,Data Engineering,2022-10-29,Online
11212,***,***,29,Software Engineering,2026-11-24,In-person
11213,***,***,31,Data Science,2022-11-25,In-person
11214,***,***,40,Machine Learning,2024-03-04,Online
11215,***,***,33,Data Science,2023-09-08,Online
11216,***,***,25,Machine Learning,2025-09-29,Online
11217,***,***,23,Data Science,2025-01-10,Online
11218,***,***,39,Data Engineering,2024-01-08,Online
11219,***,***,36,Data Science,2026-01-30,In-person
11220,***,***,40,Software Engineering,2024-07-25,Online
11221,***,***,25,Software Engineering,2025-01-19,Online
11222,***,***,22,Data Science,2026-10-17,Online
11223,***,***,41,Data Science,2023-02-13,In-person
11224,***,***,30,Software Engineering,2022-12-24,In-person
11225,***,***,43,Machine Learning,2027-08-10,Online
11226,***,***,30,Machine Learning,2025-10-13,Online
11227,***,***,36,Software Engineering,2024-01-17,In-person
11228,***,***,27,Software Engineering,2027-10-04,Online
11229,***,***,24,Web development,2022-11-22,In-person
11230,***,***,35,Web development,2026-02-20,In-person
11231,***,***,34,Data Engineering,2024-10-20,Online
11232,***,***,36,Machine Learning,2026-02-23,Online
11233,***,***,39,Data Science,2024-05-16,In-person
11234,***,***,41,Data Science,2026-08-10,In-person
11235,***,***,35,Machine Learning,2025-10-25,In-person
11236,***,***,24,Machine Learning,2026-12-02,In-person
11237,***,***,32,Software Engineering,2025-08-31,Online
11238,***,***,41,Data Science,2025-03-08,Online
11239,***,***,22,Data Engineering,2026-03-13,Online
11240,***,***,40,Software Engineering,2025-06-30,Online
11241,***,***,39,Software Engineering,2025-08-12,In-person
11242,***,***,25,Machine Learning,2026-01-23,In-person
11243,***,***,42,Web development,2025-12-24,In-person
11244,***,***,35,Web development,2027-06-01,Online
11245,***,***,27,Machine Learning,2022-12-23,Online
11246,***,***,37,Data Science,2024-08-13,Online
11247,***,***,45,Data Engineering,2023-08-27,Online
11248,***,***,23,Web development,2027-06-22,Online
11249,***,***,28,Software Engineering,2023-09-21,Online
11250,***,***,31,Web development,2023-01-16,Online
11251,***,***,41,Data Science,2027-06-16,In-person
11252,***,***,27,Software Engineering,2025-02-26,Online
11253,***,***,39,Data Science,2024-08-30,Online
11254,***,***,22,Data Science,2026-12-11,In-person
11255,***,***,28,Web development,2024-05-15,Online
11256,***,***,23,Web development,2026-05-30,In-person
11257,***,***,25,Software Engineering,2023-03-16,Online
11258,***,***,39,Machine Learning,2025-03-05,Online
11259,***,***,43,Software Engineering,2025-01-01,Online
11260,***,***,29,Data Engineering,2023-03-06,Online
11261,***,***,32,Data Engineering,2027-04-18,Online
11262,***,***,28,Data Science,2022-11-23,Online
11263,***,***,39,Machine Learning,2024-08-20,Online
11264,***,***,33,Machine Learning,2024-01-11,In-person
11265,***,***,38,Data Engineering,2025-06-04,Online
11266,***,***,43,Data Engineering,2023-08-18,In-person
11267,***,***,30,Machine Learning,2023-11-25,Online
11268,***,***,43,Data Engineering,2025-08-17,Online
11269,***,***,26,Web development,2024-04-20,Online
11270,***,***,29,Machine Learning,2027-06-06,Online
11271,***,***,31,Machine Learning,2026-12-14,Online
11272,***,***,37,Data Engineering,2024-02-22,Online
11273,***,***,38,Data Engineering,2026-01-12,In-person
11274,***,***,27,Web development,2026-11-16,In-person
11275,***,***,31,Data Science,2027-04-05,In-person
11276,***,***,43,Machine Learning,2024-09-16,In-person
11277,***,***,37,Software Engineering,2023-06-02,Online
11278,***,***,30,Data Science,2026-08-28,Online
11279,***,***,34,Software Engineering,2027-05-31,In-person
11280,***,***,40,Web development,2025-09-24,In-person
11281,***,***,37,Web development,2022-12-21,In-person
11282,***,***,36,Software Engineering,2025-06-04,In-person
11283,***,***,41,Software Engineering,2027-04-26,Online
11284,***,***,44,Data Engineering,2024-09-13,In-person
11285,***,***,44,Web development,2024-12-17,Online
11286,***,***,42,Software Engineering,2025-03-17,Online
11287,***,***,24,Data Engineering,2025-01-01,Online
11288,***,***,44,Software Engineering,2024-12-09,Online
11289,***,***,32,Data Science,2023-11-28,In-person
11290,***,***,22,Data Science,2023-04-15,In-person
11291,***,***,40,Data Engineering,2026-11-20,Online
11292,***,***,39,Data Science,2024-12-22,In-person
11293,***,***,27,Web development,2023-03-07,Online
11294,***,***,23,Software Engineering,2022-11-29,In-person
11295,***,***,38,Web development,2023-07-30,In-person
11296,***,***,23,Web development,2025-01-19,In-person
11297,***,***,40,Data Engineering,2027-04-20,In-person
11298,***,***,26,Machine Learning,2025-02-05,In-person
11299,***,***,32,Web development,2025-03-09,In-person
11300,***,***,37,Data Engineering,2026-09-09,In-person
11301,***,***,35,Data Engineering,2025-12-15,In-person
11302,***,***,22,Machine Learning,2024-01-11,In-person
11303,***,***,31,Machine Learning,2023-06-23,Online
11304,***,***,27,Data Engineering,2027-09-13,Online
11305,***,***,33,Machine Learning,2026-05-17,Online
11306,***,***,22,Web development,2026-08-11,Online
11307,***,***,44,Software Engineering,2024-09-08,In-person
11308,***,***,34,Machine Learning,2026-05-06,In-person
11309,***,***,35,Machine Learning,2025-07-25,Online
11310,***,***,35,Data Engineering,2023-12-28,In-person
11311,***,***,26,Data Science,2023-06-22,In-person
11312,***,***,34,Data Science,2022-12-14,In-person
11313,***,***,25,Machine Learning,2024-08-14,In-person
11314,***,***,42,Data Science,2023-12-30,Online
11315,***,***,41,Software Engineering,2023-02-28,Online
11316,***,***,35,Software Engineering,2027-08-16,In-person
11317,***,***,24,Software Engineering,2027-03-05,In-person
11318,***,***,45,Data Science,2024-08-18,In-person
11319,***,***,30,Web development,2027-01-03,Online
11320,***,***,31,Software Engineering,2025-10-23,In-person
11321,***,***,45,Data Science,2024-01-21,In-person
11322,***,***,26,Data Engineering,2024-01-25,Online
11323,***,***,40,Data Science,2024-08-19,In-person
11324,***,***,24,Data Engineering,2024-07-10,In-person
11325,***,***,35,Data Science,2025-12-22,In-person
11326,***,***,40,Web development,2027-06-25,In-person
11327,***,***,38,Machine Learning,2027-05-22,Online
11328,***,***,38,Web development,2024-01-23,In-person
11329,***,***,27,Data Science,2023-04-19,In-person
11330,***,***,39,Machine Learning,2023-09-08,Online
11331,***,***,26,Data Science,2025-12-16,Online
11332,***,***,38,Software Engineering,2023-12-13,Online
11333,***,***,33,Software Engineering,2023-11-03,Online
11334,***,***,40,Web development,2022-11-16,Online
11335,***,***,28,Web development,2026-06-18,Online
11336,***,***,36,Data Science,2025-11-26,Online
11337,***,***,22,Software Engineering,2024-06-22,Online
11338,***,***,45,Software Engineering,2024-04-23,In-person
11339,***,***,41,Data Science,2023-04-22,In-person
11340,***,***,42,Software Engineering,2024-12-01,Online
11341,***,***,41,Software Engineering,2024-10-03,Online
11342,***,***,34,Software Engineering,2024-03-31,Online
11343,***,***,24,Data Science,2026-11-05,In-person
11344,***,***,22,Web development,2025-03-25,Online
11345,***,***,33,Web development,2026-08-27,In-person
11346,***,***,30,Web development,2027-06-03,In-person
11347,***,***,36,Data Engineering,2027-01-22,In-person
11348,***,***,33,Web development,2023-07-15,Online
11349,***,***,41,Machine Learning,2024-09-28,In-person
11350,***,***,40,Machine Learning,2027-09-22,Online
11351,***,***,30,Web development,2027-05-02,Online
11352,***,***,32,Web development,2024-04-27,In-person
11353,***,***,22,Software Engineering,2026-03-28,In-person
11354,***,***,38,Data Science,2027-03-21,Online
11355,***,***,32,Data Engineering,2023-02-10,Online
11356,***,***,37,Software Engineering,2023-03-14,Online
11357,***,***,38,Data Science,2023-12-14,In-person
11358,***,***,41,Data Science,2026-06-06,In-person
11359,***,***,41,Web development,2025-08-17,Online
11360,***,***,42,Data Engineering,2025-04-12,Online
11361,***,***,25,Web development,2026-01-18,In-person
11362,***,***,40,Data Science,2027-03-13,Online
11363,***,***,45,Web development,2026-03-11,In-person
11364,***,***,45,Data Science,2027-06-07,Online
11365,***,***,28,Data Engineering,2025-02-28,In-person
11366,***,***,30,Data Science,2024-11-20,Online
11367,***,***,26,Machine Learning,2027-09-21,Online
11368,***,***,43,Data Science,2023-01-27,Online
11369,***,***,33,Data Engineering,2023-01-28,In-person
11370,***,***,35,Data Science,2023-09-21,Online
11371,***,***,40,Software Engineering,2025-01-18,In-person
11372,***,***,41,Web development,2025-10-10,Online
11373,***,***,31,Web development,2027-03-12,In-person
11374,***,***,26,Machine Learning,2026-10-26,Online
11375,***,***,36,Web development,2023-10-19,Online
11376,***,***,36,Web development,2023-08-01,Online
11377,***,***,37,Software Engineering,2027-07-01,Online
11378,***,***,37,Data Science,2026-06-25,In-person
11379,***,***,35,Machine Learning,2023-05-16,In-person
11380,***,***,27,Machine Learning,2027-07-12,In-person
11381,***,***,40,Data Science,2025-09-11,Online
11382,***,***,38,Software Engineering,2023-08-18,Online
11383,***,***,24,Web development,2025-01-03,In-person
11384,***,***,33,Web development,2022-11-28,Online
11385,***,***,42,Data Engineering,2027-01-20,In-person
11386,***,***,38,Data Science,2027-05-12,Online
11387,***,***,33,Data Engineering,2024-03-29,In-person
11388,***,***,22,Software Engineering,2026-12-02,Online
11389,***,***,30,Web development,2027-05-19,In-person
11390,***,***,29,Machine Learning,2025-06-22,In-person
11391,***,***,36,Data Engineering,2024-01-22,Online
11392,***,***,44,Web development,2024-07-30,Online
11393,***,***,27,Web development,2025-05-06,In-person
11394,***,***,28,Data Engineering,2025-06-12,Online
11395,***,***,44,Data Engineering,2024-06-11,Online
11396,***,***,27,Software Engineering,2023-01-15,In-person
11397,***,***,44,Data Engineering,2025-06-29,Online
11398,***,***,42,Data Engineering,2024-11-29,In-person
11399,***,***,45,Data Engineering,2023-03-17,Online
11400,***,***,40,Data Science,2023-12-19,In-person
11401,***,***,33,Machine Learning,2024-01-12,Online
11402,***,***,40,Machine Learning,2023-08-28,Online
11403,***,***,45,Data Science,2025-09-01,Online
11404,***,***,35,Data Science,2027-09-13,In-person
11405,***,***,45,Data Engineering,2027-02-15,In-person
11406,***,***,29,Machine Learning,2023-04-07,Online
11407,***,***,42,Machine Learning,2025-10-30,In-person
11408,***,***,37,Software Engineering,2026-08-22,Online
11409,***,***,35,Web development,2022-10-19,Online
11410,***,***,22,Data Science,2024-08-16,In-person
11411,***,***,28,Web development,2023-12-18,Online
11412,***,***,43,Machine Learning,2023-04-13,Online
11413,***,***,43,Data Engineering,2024-01-11,In-person
11414,***,***,42,Machine Learning,2024-06-25,In-person
11415,***,***,37,Machine Learning,2026-01-31,Online
11416,***,***,38,Software Engineering,2026-09-24,Online
11417,***,***,31,Machine Learning,2022-11-30,In-person
11418,***,***,45,Data Engineering,2023-04-03,Online
11419,***,***,39,Machine Learning,2026-07-27,Online
11420,***,***,44,Data Engineering,2024-08-30,In-person
11421,***,***,31,Data Engineering,2027-07-17,In-person
11422,***,***,38,Software Engineering,2023-03-07,In-person
11423,***,***,45,Data Science,2023-02-13,In-person
11424,***,***,42,Data Engineering,2026-06-02,Online
11425,***,***,31,Machine Learning,2027-08-29,Online
11426,***,***,36,Data Engineering,2025-11-21,In-person
11427,***,***,35,Software Engineering,2025-02-13,In-person
11428,***,***,33,Web development,2027-08-21,Online
11429,***,***,39,Machine Learning,2023-04-20,In-person
11430,***,***,27,Machine Learning,2024-09-10,In-person
11431,***,***,26,Data Science,2024-07-05,Online
11432,***,***,24,Software Engineering,2025-02-04,In-person
11433,***,***,42,Software Engineering,2027-09-15,Online
11434,***,***,36,Data Engineering,2024-10-29,Online
11435,***,***,27,Machine Learning,2025-06-11,In-person
11436,***,***,34,Data Engineering,2026-12-16,Online
11437,***,***,27,Data Science,2025-12-18,In-person
11438,***,***,41,Machine Learning,2023-03-16,Online
11439,***,***,38,Data Engineering,2024-10-24,Online
11440,***,***,24,Data Engineering,2026-04-04,In-person
11441,***,***,30,Data Science,2027-04-11,Online
11442,***,***,35,Data Engineering,2024-02-29,Online
11443,***,***,35,Software Engineering,2025-09-17,In-person
11444,***,***,32,Data Science,2027-03-03,Online
11445,***,***,40,Data Science,2027-08-11,In-person
11446,***,***,40,Software Engineering,2027-07-29,Online
11447,***,***,28,Software Engineering,2023-12-28,In-person
11448,***,***,30,Data Engineering,2026-10-26,In-person
11449,***,***,27,Web development,2027-02-27,In-person
11450,***,***,39,Data Engineering,2027-03-19,In-person
11451,***,***,35,Software Engineering,2027-07-29,In-person
11452,***,***,34,Software Engineering,2027-02-04,In-person
11453,***,***,36,Machine Learning,2022-11-21,Online
11454,***,***,23,Machine Learning,2023-02-20,Online
11455,***,***,32,Web development,2025-03-20,In-person
11456,***,***,24,Software Engineering,2027-07-27,In-person
11457,***,***,40,Data Science,2026-10-18,In-person
11458,***,***,27,Data Science,2025-08-07,Online
11459,***,***,44,Machine Learning,2027-01-20,In-person
11460,***,***,30,Software Engineering,2027-08-03,Online
11461,***,***,32,Machine Learning,2027-03-26,Online
11462,***,***,38,Web development,2022-12-06,In-person
11463,***,***,30,Data Engineering,2027-09-22,Online
11464,***,***,41,Software Engineering,2024-08-16,Online
11465,***,***,37,Machine Learning,2024-09-07,Online
11466,***,***,22,Web development,2025-01-08,In-person
11467,***,***,33,Data Science,2026-11-20,Online
11468,***,***,43,Machine Learning,2023-09-06,Online
11469,***,***,37,Software Engineering,2024-03-17,In-person
11470,***,***,28,Data Engineering,2023-08-02,Online
11471,***,***,25,Data Science,2026-08-05,Online
11472,***,***,39,Machine Learning,2024-08-12,Online
11473,***,***,30,Software Engineering,2026-01-27,In-person
11474,***,***,31,Web development,2025-08-12,Online
11475,***,***,42,Data Engineering,2023-02-03,Online
11476,***,***,23,Web development,2027-07-03,In-person
11477,***,***,27,Web development,2024-03-14,In-person
11478,***,***,24,Web development,2026-08-02,In-person
11479,***,***,28,Machine Learning,2025-05-07,Online
11480,***,***,32,Data Science,2026-06-30,Online
11481,***,***,41,Machine Learning,2025-12-06,Online
11482,***,***,22,Machine Learning,2027-09-01,In-person
11483,***,***,38,Web development,2023-09-11,In-person
11484,***,***,26,Machine Learning,2023-12-24,Online
11485,***,***,39,Software Engineering,2025-08-07,In-person
11486,***,***,40,Data Engineering,2026-05-15,Online
11487,***,***,38,Software Engineering,2023-04-19,In-person
11488,***,***,45,Machine Learning,2024-01-31,In-person
11489,***,***,44,Web development,2024-06-06,In-person
11490,***,***,39,Data Engineering,2027-01-09,In-person
11491,***,***,41,Data Science,2025-09-30,In-person
11492,***,***,37,Data Science,2027-01-13,Online
11493,***,***,39,Machine Learning,2023-06-07,Online
11494,***,***,38,Software Engineering,2023-10-14,In-person
11495,***,***,42,Machine Learning,2026-12-04,In-person
11496,***,***,22,Web development,2027-07-20,Online
11497,***,***,36,Web development,2024-02-12,In-person
11498,***,***,28,Data Engineering,2024-04-01,In-person
11499,***,***,35,Data Science,2025-06-10,Online
11500,***,***,28,Machine Learning,2026-01-24,In-person
11501,***,***,38,Machine Learning,2027-07-04,In-person
11502,***,***,35,Data Engineering,2027-10-15,Online
11503,***,***,32,Data Science,2026-01-10,Online
11504,***,***,41,Machine Learning,2027-02-24,In-person
11505,***,***,24,Data Engineering,2023-06-16,Online
11506,***,***,22,Software Engineering,2025-05-01,In-person
11507,***,***,33,Software Engineering,2027-03-26,Online
11508,***,***,27,Data Science,2025-10-10,In-person
11509,***,***,36,Data Engineering,2023-02-02,Online
11510,***,***,32,Machine Learning,2023-03-16,In-person
11511,***,***,44,Machine Learning,2025-10-04,In-person
11512,***,***,45,Data Science,2025-01-22,In-person
11513,***,***,43,Software Engineering,2024-08-12,Online
11514,***,***,42,Web development,2026-02-04,In-person
11515,***,***,29,Data Science,2024-01-27,Online
11516,***,***,41,Data Science,2026-08-19,In-person
11517,***,***,32,Software Engineering,2024-11-20,In-person
11518,***,***,26,Machine Learning,2024-12-23,Online
11519,***,***,24,Software Engineering,2025-06-20,Online
11520,***,***,27,Data Science,2026-06-24,In-person
11521,***,***,32,Machine Learning,2023-12-03,Online
11522,***,***,40,Software Engineering,2022-12-21,Online
11523,***,***,44,Data Science,2027-01-03,In-person
11524,***,***,39,Machine Learning,2024-04-29,In-person
11525,***,***,33,Machine Learning,2026-05-29,Online
11526,***,***,37,Software Engineering,2023-12-08,In-person
11527,***,***,42,Data Engineering,2026-10-16,In-person
11528,***,***,38,Web development,2025-02-03,Online
11529,***,***,38,Data Engineering,2023-01-06,Online
11530,***,***,27,Web development,2023-05-30,In-person
11531,***,***,37,Data Engineering,2024-05-26,In-person
11532,***,***,22,Web development,2025-05-16,Online
11533,***,***,45,Data Science,2023-04-16,Online
11534,***,***,22,Machine Learning,2025-03-16,In-person
11535,***,***,22,Machine Learning,2023-01-22,In-person
11536,***,***,24,Machine Learning,2026-11-16,In-person
11537,***,***,35,Web development,2023-02-09,In-person
11538,***,***,32,Data Science,2026-06-15,In-person
11539,***,***,39,Data Engineering,2022-11-22,Online
11540,***,***,41,Software Engineering,2025-11-28,Online
11541,***,***,40,Data Engineering,2023-07-03,In-person
11542,***,***,25,Web development,2023-03-07,Online
11543,***,***,35,Machine Learning,2026-12-09,Online
11544,***,***,35,Data Engineering,2025-09-11,Online
11545,***,***,23,Web development,2026-04-23,In-person
11546,***,***,27,Data Engineering,2023-09-05,In-person
11547,***,***,41,Web development,2023-07-06,In-person
11548,***,***,37,Web development,2025-10-31,Online
11549,***,***,28,Machine Learning,2026-03-21,In-person
11550,***,***,38,Software Engineering,2024-11-05,Online
11551,***,***,25,Web development,2025-12-16,Online
11552,***,***,42,Web development,2025-01-26,In-person
11553,***,***,39,Web development,2025-06-01,In-person
11554,***,***,42,Data Engineering,2026-08-19,Online
11555,***,***,32,Software Engineering,2023-04-23,In-person
11556,***,***,32,Data Engineering,2026-10-28,In-person
11557,***,***,33,Data Science,2023-08-07,Online
11558,***,***,23,Data Engineering,2024-01-25,In-person
11559,***,***,26,Software Engineering,2024-01-27,In-person
11560,***,***,33,Software Engineering,2024-09-06,In-person
11561,***,***,39,Data Science,2024-06-11,In-person
11562,***,***,32,Software Engineering,2024-12-15,In-person
11563,***,***,31,Web development,2026-10-28,In-person
11564,***,***,40,Web development,2027-03-05,In-person
11565,***,***,37,Software Engineering,2027-03-12,In-person
11566,***,***,42,Data Science,2025-03-05,Online
11567,***,***,30,Machine Learning,2026-09-21,Online
11568,***,***,33,Machine Learning,2023-05-12,Online
11569,***,***,36,Data Science,2024-09-23,Online
11570,***,***,27,Data Engineering,2024-05-25,In-person
11571,***,***,37,Software Engineering,2024-06-09,In-person
11572,***,***,43,Web development,2027-09-24,In-person
11573,***,***,38,Machine Learning,2025-06-21,In-person
11574,***,***,25,Machine Learning,2022-11-21,Online
11575,***,***,34,Web development,2024-10-28,In-person
11576,***,***,44,Web development,2026-06-21,Online
11577,***,***,35,Software Engineering,2026-09-19,In-person
11578,***,***,25,Machine Learning,2022-12-19,Online
11579,***,***,45,Machine Learning,2024-03-21,In-person
11580,***,***,43,Software Engineering,2023-12-20,Online
11581,***,***,30,Web development,2026-12-19,In-person
11582,***,***,28,Web development,2027-08-03,In-person
11583,***,***,29,Machine Learning,2025-05-30,In-person
11584,***,***,42,Data Engineering,2023-08-03,In-person
11585,***,***,43,Web development,2025-07-31,Online
11586,***,***,34,Data Engineering,2025-11-27,In-person
11587,***,***,27,Software Engineering,2024-07-17,In-person
11588,***,***,29,Web development,2025-09-28,Online
11589,***,***,42,Data Science,2027-04-17,In-person
11590,***,***,31,Data Science,2024-08-31,Online
11591,***,***,31,Software Engineering,2024-10-19,In-person
11592,***,***,35,Web development,2025-06-20,In-person
11593,***,***,28,Software Engineering,2026-04-26,In-person
11594,***,***,41,Web development,2025-03-23,In-person
11595,***,***,24,Web development,2026-02-26,In-person
11596,***,***,39,Data Science,2023-06-04,In-person
11597,***,***,45,Data Science,2025-10-14,Online
11598,***,***,42,Data Engineering,2023-02-28,Online
11599,***,***,30,Data Engineering,2023-10-03,Online
11600,***,***,43,Machine Learning,2023-09-07,In-person
11601,***,***,38,Software Engineering,2025-12-05,In-person
11602,***,***,31,Web development,2025-05-13,In-person
11603,***,***,39,Machine Learning,2023-11-04,Online
11604,***,***,23,Web development,2024-02-12,In-person
11605,***,***,28,Machine Learning,2023-12-09,In-person
11606,***,***,24,Data Science,2027-06-02,Online
11607,***,***,41,Web development,2026-05-05,Online
11608,***,***,29,Data Science,2024-01-09,In-person
11609,***,***,41,Machine Learning,2023-09-27,Online
11610,***,***,41,Data Engineering,2026-08-03,Online
11611,***,***,24,Machine Learning,2023-10-14,Online
11612,***,***,29,Machine Learning,2024-01-27,In-person
11613,***,***,24,Machine Learning,2026-11-05,In-person
11614,***,***,37,Machine Learning,2026-02-23,In-person
11615,***,***,24,Data Science,2025-05-21,In-person
11616,***,***,42,Data Engineering,2024-08-07,Online
11617,***,***,27,Data Engineering,2024-02-26,Online
11618,***,***,40,Software Engineering,2026-07-19,Online
11619,***,***,45,Machine Learning,2023-02-25,Online
11620,***,***,36,Data Science,2027-08-04,In-person
11621,***,***,29,Data Engineering,2022-12-15,Online
11622,***,***,29,Web development,2026-08-10,In-person
11623,***,***,35,Machine Learning,2027-03-22,Online
11624,***,***,29,Software Engineering,2022-12-15,Online
11625,***,***,32,Data Engineering,2023-03-07,In-person
11626,***,***,26,Data Engineering,2026-11-27,Online
11627,***,***,26,Machine Learning,2024-03-05,In-person
11628,***,***,24,Data Engineering,2027-04-12,Online
11629,***,***,27,Data Science,2022-12-13,Online
11630,***,***,43,Data Engineering,2024-10-07,In-person
11631,***,***,37,Data Science,2024-12-15,In-person
11632,***,***,40,Software Engineering,2023-06-03,In-person
11633,***,***,45,Software Engineering,2023-08-31,Online
11634,***,***,30,Data Science,2027-05-04,In-person
11635,***,***,31,Data Engineering,2024-04-08,Online
11636,***,***,31,Software Engineering,2023-11-06,In-person
11637,***,***,25,Data Engineering,2023-03-26,Online
11638,***,***,27,Web development,2023-11-20,In-person
11639,***,***,24,Software Engineering,2023-12-14,Online
11640,***,***,35,Machine Learning,2024-07-10,Online
11641,***,***,26,Data Science,2026-07-31,In-person
11642,***,***,42,Data Engineering,2023-09-06,In-person
11643,***,***,23,Software Engineering,2026-05-19,Online
11644,***,***,42,Web development,2025-06-09,In-person
11645,***,***,32,Data Engineering,2025-04-27,Online
11646,***,***,42,Data Science,2027-01-19,Online
11647,***,***,40,Machine Learning,2023-08-04,In-person
11648,***,***,38,Data Engineering,2023-07-14,In-person
11649,***,***,34,Machine Learning,2023-06-23,In-person
11650,***,***,37,Web development,2023-05-30,Online
11651,***,***,45,Data Science,2023-09-07,Online
11652,***,***,37,Data Science,2026-06-02,In-person
11653,***,***,33,Data Science,2027-06-08,Online
11654,***,***,44,Machine Learning,2024-07-11,In-person
11655,***,***,39,Web development,2024-05-27,Online
11656,***,***,45,Machine Learning,2026-11-01,Online
11657,***,***,33,Data Science,2026-04-30,In-person
11658,***,***,26,Web development,2025-01-11,In-person
11659,***,***,35,Software Engineering,2026-04-21,In-person
11660,***,***,41,Data Engineering,2025-10-13,Online
11661,***,***,41,Software Engineering,2026-03-22,In-person
11662,***,***,37,Web development,2025-02-03,In-person
11663,***,***,45,Data Science,2024-04-30,In-person
11664,***,***,40,Web development,2024-09-24,Online
11665,***,***,24,Machine Learning,2025-11-25,Online
11666,***,***,44,Data Science,2027-01-12,In-person
11667,***,***,28,Data Science,2023-11-22,In-person
11668,***,***,32,Data Engineering,2024-01-11,Online
11669,***,***,35,Data Engineering,2026-11-18,In-person
11670,***,***,45,Machine Learning,2027-08-17,Online
11671,***,***,42,Data Engineering,2023-10-29,In-person
11672,***,***,32,Machine Learning,2024-10-08,Online
11673,***,***,34,Software Engineering,2023-05-10,Online
11674,***,***,22,Data Science,2027-04-22,In-person
11675,***,***,45,Machine Learning,2026-04-26,In-person
11676,***,***,45,Data Science,2025-09-27,Online
11677,***,***,29,Web development,2022-12-13,Online
11678,***,***,35,Web development,2025-09-30,In-person
11679,***,***,32,Software Engineering,2027-02-14,In-person
11680,***,***,25,Software Engineering,2027-08-30,In-person
11681,***,***,33,Software Engineering,2024-02-12,Online
11682,***,***,31,Web development,2022-11-23,In-person
11683,***,***,37,Web development,2026-07-12,In-person
11684,***,***,37,Software Engineering,2024-04-15,Online
11685,***,***,39,Data Engineering,2027-09-12,In-person
11686,***,***,44,Data Science,2027-04-27,In-person
11687,***,***,27,Software Engineering,2024-04-05,Online
11688,***,***,29,Web development,2023-12-19,Online
11689,***,***,31,Data Engineering,2027-06-07,Online
11690,***,***,30,Software Engineering,2027-08-11,Online
11691,***,***,37,Software Engineering,2025-10-10,Online
11692,***,***,26,Data Engineering,2025-03-27,Online
11693,***,***,30,Machine Learning,2024-04-21,Online
11694,***,***,42,Data Engineering,2023-07-28,In-person
11695,***,***,44,Web development,2025-03-22,Online
11696,***,***,40,Data Engineering,2025-02-24,In-person
11697,***,***,29,Machine Learning,2026-01-13,Online
11698,***,***,39,Machine Learning,2023-05-20,Online
11699,***,***,38,Software Engineering,2024-05-14,In-person
11700,***,***,40,Software Engineering,2024-08-28,Online
11701,***,***,27,Machine Learning,2024-11-05,In-person
11702,***,***,30,Software Engineering,2025-09-12,Online
11703,***,***,41,Data Engineering,2024-11-21,In-person
11704,***,***,40,Data Science,2024-06-08,In-person
11705,***,***,40,Software Engineering,2025-01-18,Online
11706,***,***,39,Data Engineering,2027-03-08,In-person
11707,***,***,34,Software Engineering,2027-10-02,Online
11708,***,***,39,Software Engineering,2025-07-04,Online
11709,***,***,24,Data Engineering,2027-06-14,Online
11710,***,***,44,Data Engineering,2023-06-28,Online
11711,***,***,29,Web development,2026-06-01,Online
11712,***,***,22,Data Engineering,2026-02-10,In-person
11713,***,***,22,Data Engineering,2023-04-28,In-person
11714,***,***,29,Machine Learning,2027-06-21,Online
11715,***,***,40,Data Science,2026-05-24,Online
11716,***,***,22,Data Engineering,2023-04-28,Online
11717,***,***,39,Data Science,2022-10-29,In-person
11718,***,***,41,Data Engineering,2024-04-10,Online
11719,***,***,37,Software Engineering,2023-09-24,In-person
11720,***,***,22,Web development,2025-06-15,Online
11721,***,***,43,Machine Learning,2022-12-09,Online
11722,***,***,33,Machine Learning,2023-05-17,In-person
11723,***,***,34,Web development,2026-08-22,Online
11724,***,***,43,Data Science,2026-12-04,In-person
11725,***,***,28,Data Engineering,2025-02-26,In-person
11726,***,***,29,Data Science,2027-01-12,In-person
11727,***,***,23,Web development,2026-10-29,Online
11728,***,***,38,Data Engineering,2027-02-26,Online
11729,***,***,24,Data Engineering,2024-09-05,In-person
11730,***,***,24,Data Engineering,2026-05-10,Online
11731,***,***,45,Web development,2026-11-23,Online
11732,***,***,26,Machine Learning,2023-11-04,In-person
11733,***,***,24,Data Engineering,2027-08-16,In-person
11734,***,***,45,Data Science,2025-04-23,In-person
11735,***,***,29,Machine Learning,2027-02-01,Online
11736,***,***,36,Software Engineering,2027-06-29,Online
11737,***,***,41,Web development,2026-04-10,Online
11738,***,***,25,Web development,2025-02-11,In-person
11739,***,***,38,Web development,2026-03-04,Online
11740,***,***,27,Software Engineering,2025-12-04,In-person
11741,***,***,40,Web development,2024-09-25,In-person
11742,***,***,39,Machine Learning,2023-09-19,In-person
11743,***,***,28,Web development,2022-10-26,In-person
11744,***,***,40,Data Engineering,2025-07-04,Online
11745,***,***,38,Software Engineering,2027-01-19,Online
11746,***,***,38,Data Engineering,2024-01-06,In-person
11747,***,***,40,Software Engineering,2023-11-13,In-person
11748,***,***,42,Machine Learning,2027-06-03,Online
11749,***,***,28,Software Engineering,2024-03-15,Online
11750,***,***,38,Machine Learning,2023-01-31,Online
11751,***,***,34,Data Science,2025-04-06,In-person
11752,***,***,44,Web development,2026-07-26,In-person
11753,***,***,39,Data Science,2025-09-19,Online
11754,***,***,27,Software Engineering,2024-12-06,Online
11755,***,***,42,Data Science,2025-02-22,In-person
11756,***,***,23,Data Science,2026-07-04,In-person
11757,***,***,34,Machine Learning,2027-07-30,Online
11758,***,***,32,Machine Learning,2023-06-01,Online
11759,***,***,29,Machine Learning,2023-05-06,In-person
11760,***,***,34,Data Science,2027-06-08,Online
11761,***,***,25,Software Engineering,2026-05-15,Online
11762,***,***,24,Web development,2026-01-15,In-person
11763,***,***,36,Software Engineering,2023-02-01,Online
11764,***,***,43,Web development,2027-10-01,In-person
11765,***,***,36,Machine Learning,2027-08-04,In-person
11766,***,***,32,Data Science,2027-10-08,Online
11767,***,***,24,Data Engineering,2027-10-04,Online
11768,***,***,39,Web development,2026-06-24,In-person
11769,***,***,37,Machine Learning,2023-03-22,In-person
11770,***,***,27,Software Engineering,2026-07-07,In-person
11771,***,***,45,Data Science,2024-11-16,Online
11772,***,***,33,Machine Learning,2023-01-04,Online
11773,***,***,41,Data Science,2025-12-07,In-person
11774,***,***,33,Data Science,2025-08-01,Online
11775,***,***,38,Data Science,2024-08-25,In-person
11776,***,***,24,Machine Learning,2024-03-01,Online
11777,***,***,22,Machine Learning,2025-04-20,In-person
11778,***,***,45,Data Science,2024-08-28,Online
11779,***,***,45,Data Science,2026-05-22,In-person
11780,***,***,37,Web development,2027-04-27,In-person
11781,***,***,37,Machine Learning,2023-09-12,Online
11782,***,***,36,Data Science,2026-09-11,In-person
11783,***,***,22,Data Engineering,2026-08-01,In-person
11784,***,***,29,Machine Learning,2025-10-16,Online
11785,***,***,22,Software Engineering,2026-08-12,Online
11786,***,***,27,Machine Learning,2024-08-09,Online
11787,***,***,42,Software Engineering,2025-11-09,Online
11788,***,***,45,Web development,2025-07-07,In-person
11789,***,***,26,Data Science,2024-11-21,In-person
11790,***,***,31,Data Engineering,2023-09-25,In-person
11791,***,***,32,Software Engineering,2024-01-25,In-person
11792,***,***,38,Data Engineering,2025-03-09,In-person
11793,***,***,42,Data Engineering,2024-06-05,In-person
11794,***,***,38,Software Engineering,2026-01-13,Online
11795,***,***,26,Machine Learning,2027-06-08,Online
11796,***,***,33,Machine Learning,2025-04-15,In-person
11797,***,***,42,Web development,2025-05-01,In-person
11798,***,***,29,Web development,2025-05-24,In-person
11799,***,***,36,Data Engineering,2024-03-02,In-person
11800,***,***,22,Software Engineering,2025-03-31,In-person
11801,***,***,30,Data Engineering,2023-11-25,Online
11802,***,***,25,Software Engineering,2025-07-18,Online
11803,***,***,34,Web development,2023-04-18,Online
11804,***,***,30,Web development,2027-01-13,Online
11805,***,***,28,Data Science,2023-09-26,In-person
11806,***,***,29,Data Engineering,2025-12-16,Online
11807,***,***,32,Data Engineering,2026-10-19,Online
11808,***,***,45,Web development,2025-10-06,Online
11809,***,***,42,Data Engineering,2026-10-05,In-person
11810,***,***,32,Data Engineering,2025-12-28,Online
11811,***,***,35,Software Engineering,2026-07-09,In-person
11812,***,***,42,Web development,2025-07-05,In-person
11813,***,***,43,Data Science,2027-02-01,In-person
11814,***,***,34,Web development,2022-12-29,Online
11815,***,***,36,Data Engineering,2025-04-18,In-person
11816,***,***,23,Software Engineering,2022-10-20,In-person
11817,***,***,43,Web development,2024-04-18,Online
11818,***,***,29,Machine Learning,2027-08-12,Online
11819,***,***,38,Machine Learning,2024-11-16,Online
11820,***,***,26,Software Engineering,2024-05-23,Online
11821,***,***,26,Machine Learning,2023-06-09,In-person
11822,***,***,44,Machine Learning,2023-04-24,Online
11823,***,***,36,Software Engineering,2025-12-04,In-person
11824,***,***,24,Machine Learning,2026-04-09,In-person
11825,***,***,42,Software Engineering,2023-08-01,In-person
11826,***,***,23,Software Engineering,2025-05-03,Online
11827,***,***,36,Data Science,2026-04-24,In-person
11828,***,***,33,Web development,2025-01-13,In-person
11829,***,***,44,Data Science,2024-03-20,Online
11830,***,***,44,Machine Learning,2025-11-04,Online
11831,***,***,37,Data Science,2025-09-17,Online
11832,***,***,27,Data Science,2024-03-05,Online
11833,***,***,28,Data Science,2023-08-15,Online
11834,***,***,37,Web development,2025-03-02,Online
11835,***,***,44,Data Engineering,2024-09-30,Online
11836,***,***,43,Software Engineering,2026-09-01,Online
11837,***,***,35,Data Engineering,2025-07-05,Online
11838,***,***,37,Machine Learning,2025-04-10,In-person
11839,***,***,39,Web development,2026-07-12,Online
11840,***,***,29,Data Science,2023-09-30,In-person
11841,***,***,33,Data Science,2027-03-22,In-person
11842,***,***,27,Machine Learning,2025-10-25,In-person
11843,***,***,44,Data Science,2024-06-18,In-person
11844,***,***,40,Data Engineering,2026-01-31,Online
11845,***,***,37,Machine Learning,2023-07-10,In-person
11846,***,***,33,Data Engineering,2023-08-09,In-person
11847,***,***,43,Software Engineering,2024-12-15,Online
11848,***,***,22,Data Engineering,2025-11-08,Online
11849,***,***,37,Software Engineering,2026-01-13,Online
11850,***,***,37,Web development,2024-11-27,Online
11851,***,***,28,Software Engineering,2025-08-13,In-person
11852,***,***,37,Web development,2023-08-29,Online
11853,***,***,25,Data Engineering,2023-12-20,Online
11854,***,***,33,Software Engineering,2024-01-22,In-person
11855,***,***,40,Machine Learning,2025-08-08,In-person
11856,***,***,29,Web development,2024-09-01,In-person
11857,***,***,26,Software Engineering,2027-08-05,In-person
11858,***,***,35,Data Engineering,2023-01-31,Online
11859,***,***,43,Data Engineering,2026-05-27,In-person
11860,***,***,30,Data Science,2023-07-13,In-person
11861,***,***,22,Software Engineering,2023-11-13,In-person
11862,***,***,38,Data Engineering,2026-12-19,Online
11863,***,***,40,Data Science,2023-08-10,Online
11864,***,***,31,Web development,2027-05-07,In-person
11865,***,***,24,Data Science,2026-10-03,In-person
11866,***,***,25,Software Engineering,2027-07-18,In-person
11867,***,***,26,Data Science,2026-10-10,In-person
11868,***,***,36,Machine Learning,2025-02-28,Online
11869,***,***,42,Data Science,2027-08-21,In-person
11870,***,***,28,Data Engineering,2026-08-17,In-person
11871,***,***,23,Software Engineering,2022-12-07,Online
11872,***,***,23,Web development,2024-01-06,In-person
11873,***,***,38,Data Engineering,2024-02-12,Online
11874,***,***,33,Data Science,2024-07-05,Online
11875,***,***,27,Machine Learning,2026-11-03,In-person
11876,***,***,33,Data Engineering,2025-01-25,Online
11877,***,***,23,Web development,2023-09-19,Online
11878,***,***,44,Web development,2025-10-28,In-person
11879,***,***,28,Web development,2026-08-01,In-person
11880,***,***,35,Machine Learning,2024-05-01,In-person
11881,***,***,24,Data Science,2025-03-13,In-person
11882,***,***,22,Machine Learning,2027-08-16,Online
11883,***,***,33,Web development,2026-01-04,Online
11884,***,***,30,Web development,2023-03-16,Online
11885,***,***,38,Web development,2023-03-27,In-person
11886,***,***,28,Data Science,2025-04-22,Online
11887,***,***,42,Data Engineering,2024-04-24,In-person
11888,***,***,30,Data Engineering,2026-04-15,In-person
11889,***,***,25,Machine Learning,2022-12-31,Online
11890,***,***,41,Software Engineering,2027-10-12,In-person
11891,***,***,36,Software Engineering,2027-03-07,In-person
11892,***,***,37,Machine Learning,2026-08-19,Online
11893,***,***,30,Machine Learning,2025-08-16,In-person
11894,***,***,36,Data Engineering,2023-09-30,Online
11895,***,***,38,Data Engineering,2027-09-07,Online
11896,***,***,37,Data Science,2022-12-13,In-person
11897,***,***,39,Data Engineering,2024-02-20,In-person
11898,***,***,23,Software Engineering,2026-10-26,In-person
11899,***,***,40,Data Science,2023-04-14,Online
11900,***,***,34,Software Engineering,2025-08-04,Online
11901,***,***,43,Data Engineering,2024-06-30,In-person
11902,***,***,36,Data Science,2026-08-16,In-person
11903,***,***,45,Data Science,2025-07-20,Online
11904,***,***,41,Machine Learning,2025-05-12,In-person
11905,***,***,34,Software Engineering,2026-06-15,In-person
11906,***,***,27,Software Engineering,2025-02-25,Online
11907,***,***,27,Data Engineering,2026-12-31,In-person
11908,***,***,45,Data Engineering,2025-02-18,In-person
11909,***,***,27,Software Engineering,2022-12-14,Online
11910,***,***,39,Data Engineering,2026-06-28,In-person
11911,***,***,32,Data Science,2026-10-02,In-person
11912,***,***,24,Machine Learning,2022-11-12,In-person
11913,***,***,29,Machine Learning,2023-08-20,In-person
11914,***,***,32,Software Engineering,2026-01-09,Online
11915,***,***,39,Data Engineering,2026-09-04,Online
11916,***,***,43,Data Science,2025-02-15,Online
11917,***,***,33,Machine Learning,2024-11-08,In-person
11918,***,***,22,Data Engineering,2026-07-11,Online
11919,***,***,31,Data Science,2023-07-25,Online
11920,***,***,44,Machine Learning,2024-10-30,Online
11921,***,***,40,Data Engineering,2023-02-20,In-person
11922,***,***,31,Software Engineering,2023-06-24,In-person
11923,***,***,42,Machine Learning,2027-08-31,In-person
11924,***,***,34,Machine Learning,2022-12-13,Online
11925,***,***,26,Machine Learning,2023-08-23,Online
11926,***,***,41,Machine Learning,2025-05-18,In-person
11927,***,***,43,Software Engineering,2026-12-09,Online
11928,***,***,42,Machine Learning,2023-02-24,Online
11929,***,***,39,Machine Learning,2023-07-15,Online
11930,***,***,29,Software Engineering,2026-12-24,Online
11931,***,***,43,Machine Learning,2023-12-20,Online
11932,***,***,42,Data Engineering,2025-11-26,In-person
11933,***,***,29,Machine Learning,2026-08-31,In-person
11934,***,***,41,Data Engineering,2025-04-09,In-person
11935,***,***,35,Web development,2026-02-13,Online
11936,***,***,36,Machine Learning,2023-08-11,Online
11937,***,***,36,Web development,2026-03-18,Online
11938,***,***,26,Software Engineering,2023-01-15,Online
11939,***,***,29,Data Engineering,2026-11-20,In-person
11940,***,***,23,Data Science,2024-05-10,Online
11941,***,***,34,Data Science,2024-05-21,Online
11942,***,***,44,Data Science,2024-08-11,In-person
11943,***,***,39,Machine Learning,2023-10-17,Online
11944,***,***,41,Web development,2027-10-07,Online
11945,***,***,43,Data Science,2022-10-18,In-person
11946,***,***,27,Data Engineering,2027-05-03,In-person
11947,***,***,39,Machine Learning,2023-05-24,In-person
11948,***,***,43,Machine Learning,2025-03-21,Online
11949,***,***,26,Web development,2023-07-01,In-person
11950,***,***,26,Data Science,2027-01-24,Online
11951,***,***,44,Web development,2023-02-03,In-person
11952,***,***,35,Machine Learning,2025-05-12,Online
11953,***,***,26,Web development,2026-09-21,Online
11954,***,***,43,Machine Learning,2023-08-01,Online
11955,***,***,23,Web development,2023-05-24,Online
11956,***,***,42,Machine Learning,2023-01-05,In-person
11957,***,***,44,Machine Learning,2024-02-07,Online
11958,***,***,26,Data Science,2026-05-26,In-person
11959,***,***,31,Data Science,2022-10-19,In-person
11960,***,***,36,Web development,2027-01-05,Online
11961,***,***,25,Machine Learning,2024-11-27,Online
11962,***,***,27,Data Science,2023-01-29,Online
11963,***,***,32,Software Engineering,2024-04-14,In-person
11964,***,***,29,Machine Learning,2024-04-16,Online
11965,***,***,27,Data Engineering,2025-08-22,In-person
11966,***,***,39,Data Engineering,2027-03-12,In-person
11967,***,***,30,Web development,2025-12-13,Online
11968,***,***,40,Machine Learning,2023-04-16,In-person
11969,***,***,35,Data Science,2025-06-14,Online
11970,***,***,28,Software Engineering,2024-04-07,In-person
11971,***,***,44,Data Engineering,2026-02-15,Online
11972,***,***,22,Software Engineering,2027-03-30,Online
11973,***,***,28,Web development,2022-11-03,In-person
11974,***,***,24,Software Engineering,2025-06-24,In-person
11975,***,***,37,Data Engineering,2025-05-15,In-person
11976,***,***,32,Software Engineering,2025-06-18,In-person
11977,***,***,32,Software Engineering,2027-04-10,Online
11978,***,***,23,Data Engineering,2025-09-04,Online
11979,***,***,33,Web development,2026-08-02,In-person
11980,***,***,43,Data Science,2025-10-04,In-person
11981,***,***,45,Data Science,2024-05-23,In-person
11982,***,***,25,Web development,2025-09-30,In-person
11983,***,***,35,Machine Learning,2024-10-02,Online
11984,***,***,39,Web development,2023-09-19,In-person
11985,***,***,29,Software Engineering,2023-10-17,In-person
11986,***,***,33,Web development,2025-05-13,In-person
11987,***,***,24,Software Engineering,2026-04-20,Online
11988,***,***,40,Data Science,2025-05-13,In-person
11989,***,***,38,Machine Learning,2025-08-27,Online
11990,***,***,31,Machine Learning,2023-05-02,In-person
11991,***,***,27,Machine Learning,2026-05-31,In-person
11992,***,***,35,Software Engineering,2026-03-14,In-person
11993,***,***,23,Web development,2024-03-24,In-person
11994,***,***,44,Data Engineering,2024-04-14,Online
11995,***,***,29,Data Engineering,2027-02-06,In-person
11996,***,***,43,Software Engineering,2023-02-25,Online
11997,***,***,26,Machine Learning,2024-05-09,Online
11998,***,***,36,Data Engineering,2026-10-08,In-person
11999,***,***,30,Software Engineering,2023-01-12,Online
12000,***,***,40,Web development,2026-12-16,Online
12001,***,***,43,Data Science,2023-12-31,In-person
12002,***,***,34,Machine Learning,2024-02-03,In-person
12003,***,***,43,Software Engineering,2026-10-09,Online
12004,***,***,36,Web development,2025-06-11,In-person
12005,***,***,39,Data Engineering,2027-07-14,Online
12006,***,***,43,Web development,2026-01-12,Online
12007,***,***,24,Data Science,2023-02-14,In-person
12008,***,***,30,Software Engineering,2023-02-06,In-person
12009,***,***,32,Software Engineering,2026-03-27,In-person
12010,***,***,29,Machine Learning,2027-02-27,In-person
12011,***,***,27,Data Engineering,2026-02-15,In-person
12012,***,***,32,Data Engineering,2027-05-30,Online
12013,***,***,27,Web development,2025-03-07,In-person
12014,***,***,31,Web development,2025-08-29,Online
12015,***,***,36,Data Science,2026-03-25,Online
12016,***,***,34,Data Science,2025-05-30,Online
12017,***,***,39,Machine Learning,2025-06-25,Online
12018,***,***,30,Machine Learning,2023-04-06,In-person
12019,***,***,30,Data Science,2025-02-09,In-person
12020,***,***,41,Data Science,2024-09-18,In-person
12021,***,***,35,Machine Learning,2025-03-24,In-person
12022,***,***,32,Software Engineering,2022-12-12,In-person
12023,***,***,23,Machine Learning,2026-02-19,In-person
12024,***,***,33,Data Science,2025-10-17,In-person
12025,***,***,31,Data Science,2027-06-13,Online
12026,***,***,28,Data Engineering,2025-02-25,In-person
12027,***,***,40,Data Science,2023-08-10,In-person
12028,***,***,34,Software Engineering,2027-01-15,In-person
12029,***,***,25,Software Engineering,2023-09-03,Online
12030,***,***,43,Data Science,2025-01-24,Online
12031,***,***,29,Data Engineering,2027-07-18,In-person
12032,***,***,22,Machine Learning,2024-11-18,In-person
12033,***,***,27,Machine Learning,2025-08-30,In-person
12034,***,***,29,Data Science,2025-01-25,Online
12035,***,***,41,Software Engineering,2024-09-10,Online
12036,***,***,43,Software Engineering,2026-01-03,Online
12037,***,***,41,Web development,2022-12-28,In-person
12038,***,***,28,Software Engineering,2025-11-28,Online
12039,***,***,34,Software Engineering,2024-05-28,In-person
12040,***,***,36,Machine Learning,2022-11-18,Online
12041,***,***,41,Machine Learning,2026-04-01,In-person
12042,***,***,26,Data Engineering,2027-03-29,Online
12043,***,***,42,Web development,2027-08-04,In-person
12044,***,***,25,Web development,2026-04-14,In-person
12045,***,***,30,Software Engineering,2024-01-23,In-person
12046,***,***,25,Software Engineering,2025-07-28,In-person
12047,***,***,30,Data Engineering,2024-06-21,In-person
12048,***,***,33,Data Science,2027-02-25,In-person
12049,***,***,30,Software Engineering,2026-04-06,Online
12050,***,***,30,Machine Learning,2026-12-20,Online
12051,***,***,43,Web development,2023-05-23,Online
12052,***,***,38,Software Engineering,2024-05-17,Online
12053,***,***,45,Data Science,2027-04-18,Online
12054,***,***,26,Web development,2027-08-02,Online
12055,***,***,45,Data Engineering,2026-01-09,In-person
12056,***,***,42,Web development,2026-10-26,In-person
12057,***,***,29,Data Engineering,2025-08-28,Online
12058,***,***,36,Machine Learning,2023-03-09,Online
12059,***,***,36,Machine Learning,2025-02-08,In-person
12060,***,***,25,Data Science,2023-10-15,In-person
12061,***,***,42,Machine Learning,2023-04-02,Online
12062,***,***,30,Data Science,2024-07-09,Online
12063,***,***,37,Software Engineering,2025-10-19,Online
12064,***,***,38,Software Engineering,2025-09-27,In-person
12065,***,***,36,Machine Learning,2024-04-13,Online
12066,***,***,38,Data Science,2023-12-03,In-person
12067,***,***,38,Machine Learning,2027-04-06,In-person
12068,***,***,38,Web development,2023-09-11,In-person
12069,***,***,35,Web development,2023-06-24,Online
12070,***,***,30,Data Engineering,2026-10-02,In-person
12071,***,***,32,Software Engineering,2025-09-08,Online
12072,***,***,24,Data Engineering,2024-02-13,In-person
12073,***,***,38,Software Engineering,2024-02-02,In-person
12074,***,***,30,Data Engineering,2025-06-10,In-person
12075,***,***,31,Web development,2026-01-06,Online
12076,***,***,25,Machine Learning,2025-08-26,In-person
12077,***,***,41,Web development,2025-01-16,In-person
12078,***,***,25,Data Engineering,2023-01-05,Online
12079,***,***,34,Data Science,2025-07-19,Online
12080,***,***,22,Web development,2026-08-11,Online
12081,***,***,23,Machine Learning,2027-06-03,Online
12082,***,***,44,Data Engineering,2025-01-17,In-person
12083,***,***,31,Software Engineering,2027-01-07,Online
12084,***,***,32,Web development,2026-08-14,Online
12085,***,***,30,Data Engineering,2023-06-19,Online
12086,***,***,34,Machine Learning,2024-06-02,Online
12087,***,***,26,Machine Learning,2027-09-21,In-person
12088,***,***,30,Data Science,2025-12-11,Online
12089,***,***,36,Data Engineering,2027-10-09,In-person
12090,***,***,41,Machine Learning,2025-10-04,In-person
12091,***,***,41,Data Engineering,2025-05-20,In-person
12092,***,***,33,Data Engineering,2025-02-03,Online
12093,***,***,34,Data Science,2022-12-09,In-person
12094,***,***,40,Web development,2025-12-05,Online
12095,***,***,31,Software Engineering,2027-07-23,Online
12096,***,***,36,Data Science,2026-11-06,In-person
12097,***,***,24,Software Engineering,2022-11-23,In-person
12098,***,***,23,Software Engineering,2026-10-01,In-person
12099,***,***,40,Software Engineering,2025-11-20,In-person
12100,***,***,27,Data Science,2023-09-03,In-person
12101,***,***,42,Machine Learning,2026-04-06,In-person
12102,***,***,40,Web development,2025-08-02,Online
12103,***,***,38,Web development,2025-02-23,In-person
12104,***,***,39,Data Engineering,2024-05-14,In-person
12105,***,***,35,Data Engineering,2023-05-24,Online
12106,***,***,29,Web development,2024-06-28,In-person
12107,***,***,38,Data Science,2023-07-11,Online
12108,***,***,26,Data Science,2023-10-16,In-person
12109,***,***,43,Software Engineering,2023-12-08,In-person
12110,***,***,34,Data Science,2025-10-01,Online
12111,***,***,34,Data Science,2026-07-15,In-person
12112,***,***,22,Machine Learning,2026-12-10,In-person
12113,***,***,27,Machine Learning,2022-12-07,Online
12114,***,***,40,Software Engineering,2024-04-10,Online
12115,***,***,24,Web development,2027-04-03,Online
12116,***,***,44,Web development,2026-05-13,In-person
12117,***,***,32,Data Engineering,2024-06-25,Online
12118,***,***,31,Web development,2023-06-18,In-person
12119,***,***,37,Machine Learning,2024-06-21,In-person
12120,***,***,30,Data Science,2023-12-15,Online
12121,***,***,33,Web development,2026-01-26,In-person
12122,***,***,27,Data Science,2023-10-11,In-person
12123,***,***,25,Data Engineering,2025-08-23,In-person
12124,***,***,45,Data Science,2024-07-11,In-person
12125,***,***,45,Data Science,2025-05-12,Online
12126,***,***,44,Web development,2025-02-21,In-person
12127,***,***,38,Data Science,2026-08-23,Online
12128,***,***,40,Data Science,2027-08-03,In-person
12129,***,***,29,Machine Learning,2025-12-06,In-person
12130,***,***,35,Machine Learning,2026-05-07,In-person
12131,***,***,29,Web development,2026-04-07,Online
12132,***,***,34,Data Engineering,2023-03-15,In-person
12133,***,***,45,Software Engineering,2026-08-23,Online
12134,***,***,24,Web development,2023-12-29,Online
12135,***,***,27,Data Science,2027-09-10,Online
12136,***,***,30,Web development,2027-03-17,Online
12137,***,***,33,Data Engineering,2026-04-15,Online
12138,***,***,45,Data Engineering,2026-10-10,In-person
12139,***,***,40,Machine Learning,2026-04-19,Online
12140,***,***,35,Software Engineering,2024-04-28,In-person
12141,***,***,31,Data Science,2026-07-05,Online
12142,***,***,45,Data Engineering,2023-01-07,Online
12143,***,***,37,Web development,2024-06-23,In-person
12144,***,***,29,Software Engineering,2022-11-05,Online
12145,***,***,41,Web development,2027-06-29,In-person
12146,***,***,41,Web development,2025-07-03,Online
12147,***,***,40,Machine Learning,2023-01-24,Online
12148,***,***,38,Web development,2025-09-04,Online
12149,***,***,39,Data Science,2026-12-21,Online
12150,***,***,44,Data Engineering,2024-09-03,Online
12151,***,***,45,Web development,2025-12-03,In-person
12152,***,***,35,Data Engineering,2024-03-27,Online
12153,***,***,31,Software Engineering,2023-12-03,Online
12154,***,***,44,Machine Learning,2025-08-16,Online
12155,***,***,43,Data Science,2025-12-14,In-person
12156,***,***,41,Data Science,2027-01-22,In-person
12157,***,***,34,Data Science,2026-02-22,In-person
12158,***,***,24,Web development,2027-06-16,Online
12159,***,***,33,Machine Learning,2026-12-04,Online
12160,***,***,27,Web development,2023-09-05,Online
12161,***,***,27,Web development,2025-09-03,In-person
12162,***,***,25,Machine Learning,2023-07-09,Online
12163,***,***,25,Web development,2023-11-12,Online
12164,***,***,23,Data Science,2024-09-01,In-person
12165,***,***,44,Machine Learning,2026-07-02,Online
12166,***,***,25,Web development,2027-01-23,Online
12167,***,***,42,Software Engineering,2025-09-23,In-person
12168,***,***,39,Machine Learning,2025-04-24,In-person
12169,***,***,28,Data Engineering,2026-01-09,Online
12170,***,***,36,Web development,2027-08-05,In-person
12171,***,***,35,Machine Learning,2023-09-15,Online
12172,***,***,35,Machine Learning,2025-12-18,Online
12173,***,***,35,Data Science,2026-08-30,Online
12174,***,***,45,Web development,2025-02-06,Online
12175,***,***,45,Software Engineering,2024-02-07,In-person
12176,***,***,30,Data Science,2024-12-15,Online
12177,***,***,27,Machine Learning,2024-04-23,Online
12178,***,***,31,Machine Learning,2026-04-06,Online
12179,***,***,23,Software Engineering,2023-01-09,In-person
12180,***,***,40,Software Engineering,2024-04-06,Online
12181,***,***,41,Software Engineering,2024-05-31,In-person
12182,***,***,43,Data Science,2023-10-02,In-person
12183,***,***,34,Software Engineering,2023-02-18,In-person
12184,***,***,22,Machine Learning,2027-01-24,In-person
12185,***,***,23,Software Engineering,2025-12-18,Online
12186,***,***,45,Software Engineering,2027-08-21,In-person
12187,***,***,36,Machine Learning,2024-07-13,In-person
12188,***,***,27,Data Engineering,2024-07-29,Online
12189,***,***,29,Web development,2025-02-03,Online
12190,***,***,34,Web development,2025-01-24,In-person
12191,***,***,27,Data Engineering,2023-10-30,In-person
12192,***,***,31,Web development,2026-09-26,In-person
12193,***,***,37,Machine Learning,2026-01-22,Online
12194,***,***,40,Software Engineering,2024-10-09,In-person
12195,***,***,27,Data Engineering,2027-07-14,Online
12196,***,***,37,Machine Learning,2027-08-08,Online
12197,***,***,43,Data Engineering,2024-03-31,In-person
12198,***,***,28,Web development,2024-08-05,Online
12199,***,***,33,Data Engineering,2024-10-06,Online
12200,***,***,44,Machine Learning,2026-08-05,Online
12201,***,***,28,Machine Learning,2025-04-20,In-person
12202,***,***,29,Data Engineering,2024-01-13,In-person
12203,***,***,26,Machine Learning,2024-10-09,Online
12204,***,***,42,Data Science,2024-10-31,Online
12205,***,***,25,Machine Learning,2024-03-04,Online
12206,***,***,27,Machine Learning,2027-10-06,Online
12207,***,***,29,Data Engineering,2026-06-15,Online
12208,***,***,24,Data Science,2024-10-06,Online
12209,***,***,26,Data Engineering,2024-04-06,In-person
12210,***,***,23,Data Science,2023-04-18,In-person
12211,***,***,22,Machine Learning,2022-10-19,Online
12212,***,***,33,Data Science,2024-06-26,In-person
12213,***,***,25,Data Engineering,2023-03-23,In-person
12214,***,***,33,Software Engineering,2024-05-27,In-person
12215,***,***,42,Data Science,2026-12-13,In-person
12216,***,***,36,Software Engineering,2026-01-21,In-person
12217,***,***,24,Software Engineering,2027-07-06,Online
12218,***,***,28,Data Engineering,2026-03-27,In-person
12219,***,***,25,Software Engineering,2023-05-27,In-person
12220,***,***,39,Web development,2023-03-06,In-person
12221,***,***,44,Machine Learning,2024-06-17,In-person
12222,***,***,40,Data Science,2023-06-03,Online
12223,***,***,24,Web development,2022-11-10,In-person
12224,***,***,37,Machine Learning,2022-12-02,In-person
12225,***,***,37,Data Science,2027-10-09,In-person
12226,***,***,30,Machine Learning,2022-10-31,In-person
12227,***,***,43,Web development,2027-09-02,In-person
12228,***,***,23,Web development,2025-04-17,Online
12229,***,***,26,Software Engineering,2024-07-31,Online
12230,***,***,25,Data Science,2025-11-24,In-person
12231,***,***,31,Web development,2025-10-09,Online
12232,***,***,35,Data Science,2025-05-11,In-person
12233,***,***,32,Web development,2027-09-06,In-person
12234,***,***,30,Software Engineering,2025-06-02,Online
12235,***,***,25,Machine Learning,2027-07-15,Online
12236,***,***,32,Data Engineering,2023-09-04,Online
12237,***,***,30,Data Engineering,2022-11-14,In-person
12238,***,***,28,Software Engineering,2024-04-03,Online
12239,***,***,41,Web development,2026-02-26,In-person
12240,***,***,29,Machine Learning,2026-03-29,In-person
12241,***,***,37,Machine Learning,2026-07-14,Online
12242,***,***,23,Machine Learning,2023-07-31,Online
12243,***,***,39,Machine Learning,2026-09-21,Online
12244,***,***,43,Data Science,2027-04-02,In-person
12245,***,***,36,Machine Learning,2025-04-21,Online
12246,***,***,24,Data Engineering,2027-03-24,In-person
12247,***,***,31,Data Engineering,2024-03-16,Online
12248,***,***,41,Software Engineering,2026-12-25,Online
12249,***,***,37,Software Engineering,2027-03-11,Online
12250,***,***,43,Data Science,2026-09-20,Online
12251,***,***,42,Software Engineering,2023-05-09,Online
12252,***,***,23,Machine Learning,2025-11-28,In-person
12253,***,***,32,Web development,2026-06-25,In-person
12254,***,***,45,Data Engineering,2026-04-27,Online
12255,***,***,44,Data Engineering,2023-11-11,Online
12256,***,***,32,Data Science,2026-09-06,In-person
12257,***,***,33,Data Engineering,2025-04-02,In-person
12258,***,***,32,Machine Learning,2027-09-21,In-person
12259,***,***,37,Web development,2026-06-05,Online
12260,***,***,30,Data Science,2025-06-04,Online
12261,***,***,22,Data Science,2025-12-25,Online
12262,***,***,43,Software Engineering,2023-01-10,In-person
12263,***,***,41,Web development,2026-03-29,Online
12264,***,***,38,Machine Learning,2027-04-27,Online
12265,***,***,36,Web development,2023-06-29,Online
12266,***,***,33,Software Engineering,2026-12-06,Online
12267,***,***,25,Machine Learning,2024-05-30,Online
12268,***,***,26,Machine Learning,2023-08-19,In-person
12269,***,***,36,Software Engineering,2023-07-22,Online
12270,***,***,23,Data Engineering,2024-03-07,Online
12271,***,***,44,Machine Learning,2023-05-06,Online
12272,***,***,37,Data Science,2026-04-14,In-person
12273,***,***,30,Machine Learning,2025-02-21,In-person
12274,***,***,28,Data Engineering,2023-12-19,In-person
12275,***,***,34,Software Engineering,2027-07-22,In-person
12276,***,***,26,Data Science,2027-09-07,Online
12277,***,***,24,Web development,2027-03-11,In-person
12278,***,***,36,Web development,2023-01-27,Online
12279,***,***,32,Data Engineering,2024-04-17,In-person
12280,***,***,28,Data Engineering,2027-04-13,Online
12281,***,***,30,Machine Learning,2023-12-06,In-person
12282,***,***,44,Machine Learning,2023-08-24,In-person
12283,***,***,35,Data Science,2027-01-28,Online
12284,***,***,38,Software Engineering,2027-02-24,In-person
12285,***,***,35,Data Science,2024-06-10,In-person
12286,***,***,25,Web development,2025-03-27,Online
12287,***,***,42,Web development,2025-01-22,Online
12288,***,***,39,Software Engineering,2026-06-13,Online
12289,***,***,44,Software Engineering,2026-04-12,In-person
12290,***,***,35,Data Science,2027-05-07,Online
12291,***,***,26,Data Science,2024-02-15,In-person
12292,***,***,42,Software Engineering,2027-06-07,Online
12293,***,***,35,Data Science,2026-09-20,Online
12294,***,***,33,Data Engineering,2026-09-04,In-person
12295,***,***,30,Web development,2024-03-01,Online
12296,***,***,45,Web development,2025-08-21,In-person
12297,***,***,34,Software Engineering,2024-06-26,In-person
12298,***,***,33,Machine Learning,2025-09-18,In-person
12299,***,***,41,Software Engineering,2027-02-14,Online
12300,***,***,43,Data Engineering,2024-12-25,Online
12301,***,***,31,Data Science,2026-10-28,In-person
12302,***,***,24,Data Engineering,2024-06-08,Online
12303,***,***,40,Data Engineering,2024-08-07,Online
12304,***,***,24,Data Engineering,2025-11-17,Online
12305,***,***,37,Web development,2026-07-03,Online
12306,***,***,31,Web development,2027-02-03,In-person
12307,***,***,30,Data Engineering,2026-09-30,Online
12308,***,***,44,Software Engineering,2025-06-23,In-person
12309,***,***,41,Data Engineering,2023-04-19,Online
12310,***,***,31,Data Engineering,2024-08-05,In-person
12311,***,***,43,Machine Learning,2027-08-24,Online
12312,***,***,23,Data Engineering,2025-06-24,In-person
12313,***,***,45,Software Engineering,2023-06-11,In-person
12314,***,***,29,Web development,2025-05-17,Online
12315,***,***,41,Machine Learning,2026-05-15,Online
12316,***,***,44,Data Engineering,2025-04-18,Online
12317,***,***,24,Web development,2024-11-05,Online
12318,***,***,25,Data Science,2023-04-11,In-person
12319,***,***,27,Software Engineering,2026-05-30,In-person
12320,***,***,44,Machine Learning,2025-07-07,Online
12321,***,***,35,Software Engineering,2022-11-15,In-person
12322,***,***,44,Machine Learning,2023-07-25,In-person
12323,***,***,31,Data Engineering,2027-02-13,In-person
12324,***,***,37,Software Engineering,2027-04-13,Online
12325,***,***,44,Data Engineering,2023-10-19,Online
12326,***,***,28,Data Engineering,2024-09-30,In-person
12327,***,***,22,Web development,2024-09-05,In-person
12328,***,***,30,Machine Learning,2026-12-13,Online
12329,***,***,32,Web development,2023-04-24,Online
12330,***,***,42,Data Science,2024-12-16,In-person
12331,***,***,33,Data Science,2026-11-20,Online
12332,***,***,27,Software Engineering,2026-06-23,Online
12333,***,***,41,Machine Learning,2027-07-21,In-person
12334,***,***,45,Web development,2027-06-17,In-person
12335,***,***,22,Machine Learning,2024-08-02,In-person
12336,***,***,34,Software Engineering,2024-06-20,In-person
12337,***,***,23,Data Science,2023-06-23,In-person
12338,***,***,33,Data Engineering,2024-04-14,In-person
12339,***,***,40,Data Science,2025-09-30,Online
12340,***,***,23,Software Engineering,2026-01-15,In-person
12341,***,***,44,Data Engineering,2025-10-29,In-person
12342,***,***,27,Machine Learning,2024-04-26,In-person
12343,***,***,32,Data Engineering,2024-03-06,In-person
12344,***,***,39,Data Science,2024-09-09,Online
12345,***,***,42,Machine Learning,2023-07-07,In-person
12346,***,***,23,Machine Learning,2025-05-30,Online
12347,***,***,28,Web development,2026-05-21,Online
12348,***,***,42,Data Science,2024-08-14,In-person
12349,***,***,22,Software Engineering,2026-09-30,Online
12350,***,***,23,Data Science,2025-07-26,Online
12351,***,***,31,Machine Learning,2026-07-01,In-person
12352,***,***,33,Software Engineering,2022-12-22,In-person
12353,***,***,25,Web development,2026-01-08,Online
12354,***,***,43,Software Engineering,2024-11-23,Online
12355,***,***,43,Machine Learning,2024-02-09,Online
12356,***,***,38,Software Engineering,2027-01-14,In-person
12357,***,***,39,Web development,2022-12-01,In-person
12358,***,***,35,Data Science,2024-07-28,Online
12359,***,***,22,Data Engineering,2025-07-04,Online
12360,***,***,32,Software Engineering,2025-02-10,Online
12361,***,***,28,Data Science,2025-08-07,Online
12362,***,***,28,Data Science,2024-02-09,In-person
12363,***,***,31,Data Science,2023-05-25,In-person
12364,***,***,44,Machine Learning,2024-05-16,In-person
12365,***,***,37,Machine Learning,2027-07-21,Online
12366,***,***,33,Data Engineering,2024-01-30,In-person
12367,***,***,29,Data Engineering,2027-04-22,In-person
12368,***,***,29,Web development,2022-10-21,In-person
12369,***,***,42,Data Science,2026-01-08,In-person
12370,***,***,44,Data Engineering,2024-05-25,In-person
12371,***,***,43,Machine Learning,2023-01-23,Online
12372,***,***,30,Web development,2027-01-10,Online
12373,***,***,27,Software Engineering,2026-09-26,In-person
12374,***,***,42,Machine Learning,2023-06-24,In-person
12375,***,***,37,Machine Learning,2023-11-23,Online
12376,***,***,40,Machine Learning,2025-12-27,Online
12377,***,***,23,Machine Learning,2025-05-02,Online
12378,***,***,34,Data Science,2026-10-21,In-person
12379,***,***,26,Data Science,2024-10-23,Online
12380,***,***,42,Machine Learning,2023-04-02,Online
12381,***,***,43,Machine Learning,2025-03-05,In-person
12382,***,***,45,Data Science,2023-10-10,In-person
12383,***,***,33,Data Science,2027-05-27,In-person
12384,***,***,24,Machine Learning,2027-03-12,Online
12385,***,***,38,Web development,2024-08-09,In-person
12386,***,***,28,Data Science,2026-06-30,In-person
12387,***,***,34,Data Science,2027-08-15,In-person
12388,***,***,35,Machine Learning,2027-05-21,In-person
12389,***,***,25,Machine Learning,2024-03-31,Online
12390,***,***,44,Web development,2027-08-22,Online
12391,***,***,42,Web development,2024-03-26,Online
12392,***,***,27,Software Engineering,2025-07-17,Online
12393,***,***,37,Software Engineering,2026-01-21,In-person
12394,***,***,29,Web development,2023-10-20,Online
12395,***,***,34,Data Engineering,2024-04-11,Online
12396,***,***,36,Data Engineering,2023-10-26,Online
12397,***,***,28,Software Engineering,2025-12-22,Online
12398,***,***,40,Data Engineering,2025-12-26,Online
12399,***,***,44,Web development,2026-08-20,Online
12400,***,***,25,Data Engineering,2025-04-13,Online
12401,***,***,32,Data Science,2023-02-02,Online
12402,***,***,34,Data Engineering,2022-11-24,In-person
12403,***,***,40,Data Science,2025-05-26,Online
12404,***,***,25,Data Engineering,2025-09-18,Online
12405,***,***,30,Software Engineering,2022-10-28,Online
12406,***,***,23,Machine Learning,2025-06-10,In-person
12407,***,***,45,Data Science,2027-07-28,Online
12408,***,***,40,Machine Learning,2027-01-12,Online
12409,***,***,32,Web development,2023-03-14,In-person
12410,***,***,31,Machine Learning,2025-03-18,Online
12411,***,***,30,Data Science,2025-10-04,In-person
12412,***,***,31,Data Science,2027-09-01,In-person
12413,***,***,29,Data Engineering,2026-02-28,In-person
12414,***,***,31,Data Engineering,2022-12-03,In-person
12415,***,***,39,Web development,2027-07-11,Online
12416,***,***,41,Software Engineering,2023-06-13,Online
12417,***,***,37,Data Science,2024-07-04,In-person
12418,***,***,24,Machine Learning,2026-09-02,In-person
12419,***,***,43,Machine Learning,2026-04-19,In-person
12420,***,***,39,Machine Learning,2023-10-08,Online
12421,***,***,32,Data Engineering,2027-01-30,In-person
12422,***,***,40,Software Engineering,2023-05-20,Online
12423,***,***,36,Data Science,2026-08-14,Online
12424,***,***,22,Data Engineering,2025-07-11,In-person
12425,***,***,36,Web development,2023-10-21,Online
12426,***,***,38,Data Science,2027-07-10,In-person
12427,***,***,42,Machine Learning,2026-09-10,Online
12428,***,***,24,Web development,2025-09-27,Online
12429,***,***,43,Data Science,2023-04-24,Online
12430,***,***,45,Machine Learning,2024-10-10,Online
12431,***,***,45,Software Engineering,2027-07-23,Online
12432,***,***,40,Web development,2027-10-12,In-person
12433,***,***,33,Data Science,2027-01-11,Online
12434,***,***,30,Machine Learning,2023-10-24,In-person
12435,***,***,42,Web development,2023-09-23,Online
12436,***,***,34,Data Science,2026-07-17,In-person
12437,***,***,40,Data Engineering,2026-09-26,Online
12438,***,***,41,Data Science,2023-01-13,In-person
12439,***,***,45,Software Engineering,2026-11-01,In-person
12440,***,***,27,Software Engineering,2023-12-09,In-person
12441,***,***,30,Web development,2027-07-14,Online
12442,***,***,32,Software Engineering,2026-01-22,In-person
12443,***,***,34,Software Engineering,2024-10-16,Online
12444,***,***,29,Data Science,2026-03-11,In-person
12445,***,***,34,Data Science,2024-06-09,In-person
12446,***,***,31,Software Engineering,2024-02-21,In-person
12447,***,***,28,Data Engineering,2025-09-21,In-person
12448,***,***,36,Machine Learning,2025-06-21,Online
12449,***,***,33,Machine Learning,2022-10-21,Online
12450,***,***,28,Data Science,2024-12-12,In-person
12451,***,***,30,Data Science,2025-10-27,In-person
12452,***,***,35,Software Engineering,2024-03-02,Online
12453,***,***,31,Web development,2027-04-06,Online
12454,***,***,38,Machine Learning,2027-07-27,In-person
12455,***,***,39,Software Engineering,2025-04-14,In-person
12456,***,***,38,Software Engineering,2024-12-23,Online
12457,***,***,24,Data Science,2024-09-21,Online
12458,***,***,27,Data Science,2025-01-27,In-person
12459,***,***,39,Software Engineering,2023-05-30,In-person
12460,***,***,42,Web development,2026-10-23,Online
12461,***,***,30,Data Science,2023-11-24,Online
12462,***,***,34,Machine Learning,2026-01-04,In-person
12463,***,***,42,Web development,2026-02-14,In-person
12464,***,***,25,Software Engineering,2025-07-13,Online
12465,***,***,44,Machine Learning,2024-02-25,Online
12466,***,***,29,Data Science,2027-05-01,Online
12467,***,***,39,Machine Learning,2026-01-27,Online
12468,***,***,25,Data Science,2027-03-20,In-person
12469,***,***,30,Data Engineering,2023-08-06,Online
12470,***,***,44,Web development,2027-07-19,Online
12471,***,***,23,Data Science,2023-01-09,Online
12472,***,***,45,Software Engineering,2027-07-30,In-person
12473,***,***,24,Data Science,2026-11-23,Online
12474,***,***,29,Data Science,2022-12-25,Online
12475,***,***,33,Machine Learning,2023-12-26,In-person
12476,***,***,44,Data Science,2025-10-15,Online
12477,***,***,41,Software Engineering,2024-08-16,Online
12478,***,***,42,Web development,2023-10-18,In-person
12479,***,***,33,Web development,2023-08-22,In-person
12480,***,***,39,Software Engineering,2027-09-23,In-person
12481,***,***,42,Web development,2027-05-12,Online
12482,***,***,38,Web development,2026-02-06,In-person
12483,***,***,23,Data Engineering,2023-10-27,In-person
12484,***,***,35,Web development,2024-09-23,In-person
12485,***,***,39,Software Engineering,2022-11-28,Online
12486,***,***,37,Machine Learning,2023-05-28,Online
12487,***,***,32,Machine Learning,2026-10-10,In-person
12488,***,***,33,Data Engineering,2025-10-12,Online
12489,***,***,36,Web development,2025-06-02,Online
12490,***,***,38,Software Engineering,2027-02-23,Online
12491,***,***,40,Web development,2023-11-15,Online
12492,***,***,33,Data Science,2025-10-19,Online
12493,***,***,23,Software Engineering,2023-12-15,In-person
12494,***,***,43,Web development,2027-07-20,Online
12495,***,***,37,Data Science,2024-10-05,Online
12496,***,***,43,Web development,2023-09-07,Online
12497,***,***,28,Software Engineering,2022-11-30,Online
12498,***,***,26,Machine Learning,2025-10-02,In-person
12499,***,***,27,Machine Learning,2026-03-09,In-person
12500,***,***,44,Machine Learning,2023-04-10,Online
12501,***,***,26,Machine Learning,2024-12-02,In-person
12502,***,***,44,Software Engineering,2026-08-01,Online
12503,***,***,26,Data Science,2026-08-14,Online
12504,***,***,37,Data Engineering,2025-01-18,Online
12505,***,***,35,Software Engineering,2027-02-24,Online
12506,***,***,24,Data Engineering,2023-11-16,Online
12507,***,***,39,Web development,2026-07-31,Online
12508,***,***,31,Data Science,2023-11-21,Online
12509,***,***,36,Web development,2024-04-30,Online
12510,***,***,32,Data Science,2025-06-14,Online
12511,***,***,28,Data Science,2025-01-07,In-person
12512,***,***,28,Machine Learning,2026-07-19,In-person
12513,***,***,29,Web development,2025-04-09,Online
12514,***,***,38,Data Engineering,2025-01-02,Online
12515,***,***,37,Software Engineering,2024-03-28,Online
12516,***,***,45,Data Engineering,2025-01-27,Online
12517,***,***,27,Machine Learning,2025-05-03,Online
12518,***,***,30,Data Science,2023-01-07,In-person
12519,***,***,32,Data Science,2023-08-18,Online
12520,***,***,41,Machine Learning,2022-12-03,Online
12521,***,***,45,Software Engineering,2024-08-13,Online
12522,***,***,33,Software Engineering,2025-03-18,Online
12523,***,***,28,Data Engineering,2025-08-11,In-person
12524,***,***,24,Data Science,2024-10-15,In-person
12525,***,***,38,Machine Learning,2024-06-10,In-person
12526,***,***,29,Web development,2024-10-05,In-person
12527,***,***,44,Software Engineering,2025-09-07,Online
12528,***,***,22,Machine Learning,2027-01-09,Online
12529,***,***,33,Software Engineering,2027-10-09,In-person
12530,***,***,31,Machine Learning,2026-04-21,In-person
12531,***,***,29,Web development,2023-03-12,In-person
12532,***,***,30,Software Engineering,2025-12-26,Online
12533,***,***,28,Software Engineering,2024-06-06,In-person
12534,***,***,35,Data Engineering,2023-04-19,Online
12535,***,***,32,Web development,2024-10-06,Online
12536,***,***,35,Software Engineering,2024-07-10,In-person
12537,***,***,43,Data Science,2023-09-27,Online
12538,***,***,30,Data Engineering,2027-08-15,Online
12539,***,***,32,Data Science,2024-12-04,In-person
12540,***,***,26,Data Engineering,2023-03-26,Online
12541,***,***,32,Machine Learning,2026-07-25,Online
12542,***,***,42,Web development,2026-04-28,Online
12543,***,***,38,Data Engineering,2027-08-17,In-person
12544,***,***,35,Software Engineering,2027-01-19,In-person
12545,***,***,40,Software Engineering,2025-09-29,Online
12546,***,***,25,Data Science,2023-05-03,In-person
12547,***,***,36,Data Science,2025-04-10,Online
12548,***,***,23,Software Engineering,2025-11-30,In-person
12549,***,***,38,Data Science,2023-06-22,In-person
12550,***,***,36,Machine Learning,2022-10-28,Online
12551,***,***,24,Web development,2027-02-07,Online
12552,***,***,39,Data Engineering,2024-03-10,Online
12553,***,***,39,Data Science,2023-01-27,In-person
12554,***,***,29,Software Engineering,2025-06-06,Online
12555,***,***,36,Data Science,2024-07-07,Online
12556,***,***,28,Software Engineering,2025-12-04,Online
12557,***,***,44,Data Engineering,2026-02-19,In-person
12558,***,***,38,Data Science,2025-12-22,Online
12559,***,***,35,Software Engineering,2026-09-03,Online
12560,***,***,36,Machine Learning,2026-07-17,In-person
12561,***,***,24,Data Engineering,2023-03-06,Online
12562,***,***,31,Data Engineering,2023-07-01,In-person
12563,***,***,27,Software Engineering,2027-06-28,Online
12564,***,***,36,Machine Learning,2026-08-29,Online
12565,***,***,27,Web development,2026-02-18,In-person
12566,***,***,44,Data Science,2025-10-25,In-person
12567,***,***,34,Machine Learning,2026-09-11,In-person
12568,***,***,37,Software Engineering,2024-08-21,In-person
12569,***,***,30,Data Science,2027-09-10,Online
12570,***,***,28,Machine Learning,2023-03-02,In-person
12571,***,***,38,Data Science,2024-01-18,Online
12572,***,***,42,Data Engineering,2026-04-18,Online
12573,***,***,36,Software Engineering,2024-01-01,Online
12574,***,***,23,Data Science,2025-08-08,In-person
12575,***,***,42,Machine Learning,2024-08-23,In-person
12576,***,***,31,Machine Learning,2027-07-09,Online
12577,***,***,31,Software Engineering,2027-08-06,In-person
12578,***,***,44,Data Engineering,2027-07-05,In-person
12579,***,***,30,Web development,2026-09-09,Online
12580,***,***,27,Data Science,2023-09-14,Online
12581,***,***,35,Data Engineering,2026-04-05,Online
12582,***,***,44,Software Engineering,2025-10-09,In-person
12583,***,***,23,Data Engineering,2027-01-13,Online
12584,***,***,44,Web development,2026-07-09,Online
12585,***,***,35,Data Science,2024-02-05,Online
12586,***,***,34,Machine Learning,2024-05-03,Online
12587,***,***,22,Web development,2024-08-02,In-person
12588,***,***,24,Data Engineering,2024-02-20,Online
12589,***,***,28,Data Science,2025-08-07,Online
12590,***,***,25,Data Engineering,2023-04-28,Online
12591,***,***,24,Web development,2027-06-13,Online
12592,***,***,29,Data Engineering,2025-02-01,Online
12593,***,***,34,Software Engineering,2026-10-02,Online
12594,***,***,43,Machine Learning,2023-06-18,In-person
12595,***,***,28,Software Engineering,2027-07-15,In-person
12596,***,***,32,Data Engineering,2027-02-02,Online
12597,***,***,43,Machine Learning,2023-06-24,In-person
12598,***,***,24,Data Engineering,2026-08-14,Online
12599,***,***,28,Web development,2026-06-18,Online
12600,***,***,32,Software Engineering,2024-10-03,Online
12601,***,***,45,Software Engineering,2027-06-28,In-person
12602,***,***,41,Software Engineering,2026-03-07,Online
12603,***,***,40,Web development,2024-12-29,Online
12604,***,***,28,Web development,2027-03-09,Online
12605,***,***,31,Data Science,2023-05-12,In-person
12606,***,***,25,Machine Learning,2027-01-06,In-person
12607,***,***,36,Data Science,2027-04-19,Online
12608,***,***,40,Data Science,2024-03-19,In-person
12609,***,***,39,Machine Learning,2027-06-06,Online
12610,***,***,45,Web development,2025-09-08,In-person
12611,***,***,33,Data Science,2023-02-10,In-person
12612,***,***,40,Data Engineering,2024-09-18,In-person
12613,***,***,37,Software Engineering,2027-09-09,In-person
12614,***,***,26,Data Engineering,2027-05-28,In-person
12615,***,***,38,Data Science,2024-06-12,In-person
12616,***,***,44,Software Engineering,2025-12-22,Online
12617,***,***,33,Machine Learning,2023-08-26,In-person
12618,***,***,41,Data Engineering,2026-01-04,In-person
12619,***,***,23,Software Engineering,2026-09-20,Online
12620,***,***,28,Web development,2024-08-24,Online
12621,***,***,28,Data Science,2023-09-11,Online
12622,***,***,35,Software Engineering,2025-05-10,In-person
12623,***,***,29,Web development,2027-05-19,In-person
12624,***,***,40,Web development,2027-02-25,Online
12625,***,***,22,Data Engineering,2026-05-08,In-person
12626,***,***,34,Machine Learning,2024-07-26,In-person
12627,***,***,44,Web development,2026-08-10,In-person
12628,***,***,34,Machine Learning,2026-01-26,In-person
12629,***,***,30,Software Engineering,2026-08-19,In-person
12630,***,***,45,Data Engineering,2023-12-20,Online
12631,***,***,26,Data Engineering,2026-12-09,In-person
12632,***,***,40,Data Science,2025-11-13,Online
12633,***,***,32,Machine Learning,2023-09-19,Online
12634,***,***,44,Web development,2025-05-25,Online
12635,***,***,34,Web development,2025-01-13,In-person
12636,***,***,28,Data Science,2023-08-07,Online
12637,***,***,41,Software Engineering,2025-07-26,In-person
12638,***,***,27,Data Engineering,2025-06-15,Online
12639,***,***,31,Data Science,2026-08-10,In-person
12640,***,***,40,Data Engineering,2025-01-22,In-person
12641,***,***,28,Data Science,2025-07-07,In-person
12642,***,***,23,Data Engineering,2026-11-04,In-person
12643,***,***,28,Software Engineering,2024-09-20,In-person
12644,***,***,37,Software Engineering,2023-09-25,Online
12645,***,***,37,Machine Learning,2022-10-19,In-person
12646,***,***,43,Machine Learning,2024-01-19,Online
12647,***,***,25,Data Science,2024-12-26,Online
12648,***,***,44,Web development,2027-02-03,In-person
12649,***,***,37,Data Science,2023-11-29,In-person
12650,***,***,27,Web development,2026-01-12,In-person
12651,***,***,43,Web development,2024-12-20,In-person
12652,***,***,42,Web development,2023-11-06,Online
12653,***,***,37,Machine Learning,2026-10-02,Online
12654,***,***,24,Web development,2024-10-05,In-person
12655,***,***,42,Data Engineering,2023-10-19,Online
12656,***,***,23,Machine Learning,2027-05-08,In-person
12657,***,***,42,Software Engineering,2025-03-17,Online
12658,***,***,26,Machine Learning,2025-04-06,In-person
12659,***,***,42,Data Science,2023-08-02,Online
12660,***,***,26,Software Engineering,2026-08-19,In-person
12661,***,***,23,Web development,2026-09-20,In-person
12662,***,***,22,Web development,2025-09-14,Online
12663,***,***,41,Machine Learning,2027-05-23,In-person
12664,***,***,30,Data Science,2023-02-28,In-person
12665,***,***,38,Data Science,2024-09-10,Online
12666,***,***,30,Data Engineering,2027-07-30,Online
12667,***,***,44,Data Science,2024-12-23,In-person
12668,***,***,31,Data Science,2027-07-14,Online
12669,***,***,40,Data Engineering,2023-04-08,In-person
12670,***,***,29,Data Science,2022-11-12,Online
12671,***,***,41,Machine Learning,2024-08-14,Online
12672,***,***,22,Data Science,2023-08-15,In-person
12673,***,***,29,Software Engineering,2025-09-20,Online
12674,***,***,33,Web development,2026-11-21,In-person
12675,***,***,38,Web development,2025-06-20,In-person
12676,***,***,37,Data Science,2025-05-17,Online
12677,***,***,30,Web development,2023-12-13,Online
12678,***,***,35,Data Engineering,2026-01-04,Online
12679,***,***,40,Data Engineering,2022-11-01,Online
12680,***,***,41,Data Science,2026-10-25,Online
12681,***,***,32,Data Engineering,2025-07-14,Online
12682,***,***,40,Software Engineering,2025-03-13,In-person
12683,***,***,28,Machine Learning,2022-11-15,In-person
12684,***,***,33,Machine Learning,2024-11-20,Online
12685,***,***,24,Data Science,2023-12-26,Online
12686,***,***,35,Data Science,2022-11-21,Online
12687,***,***,26,Software Engineering,2026-11-29,Online
12688,***,***,25,Data Science,2023-01-12,In-person
12689,***,***,42,Web development,2024-01-13,Online
12690,***,***,26,Data Engineering,2026-09-25,In-person
12691,***,***,41,Software Engineering,2026-10-22,In-person
12692,***,***,23,Data Science,2027-05-08,In-person
12693,***,***,34,Software Engineering,2023-11-05,In-person
12694,***,***,40,Web development,2024-05-13,In-person
12695,***,***,44,Software Engineering,2024-03-13,In-person
12696,***,***,31,Data Engineering,2025-08-23,In-person
12697,***,***,42,Machine Learning,2026-12-16,In-person
12698,***,***,37,Machine Learning,2026-08-10,In-person
12699,***,***,45,Data Engineering,2024-03-04,Online
12700,***,***,34,Web development,2023-05-15,In-person
12701,***,***,30,Data Science,2027-07-05,Online
12702,***,***,39,Data Engineering,2026-04-07,In-person
12703,***,***,27,Data Science,2025-11-14,Online
12704,***,***,44,Web development,2025-03-26,In-person
12705,***,***,32,Data Science,2027-09-26,Online
12706,***,***,34,Data Engineering,2027-03-20,Online
12707,***,***,24,Data Engineering,2025-06-21,In-person
12708,***,***,31,Software Engineering,2027-04-24,Online
12709,***,***,40,Data Science,2026-09-09,In-person
12710,***,***,29,Software Engineering,2026-03-03,In-person
12711,***,***,44,Software Engineering,2027-07-10,In-person
12712,***,***,28,Software Engineering,2023-10-22,In-person
12713,***,***,29,Software Engineering,2022-10-23,In-person
12714,***,***,29,Data Science,2027-01-06,In-person
12715,***,***,45,Machine Learning,2024-11-10,Online
12716,***,***,39,Software Engineering,2023-10-31,In-person
12717,***,***,45,Data Engineering,2026-06-27,In-person
12718,***,***,39,Machine Learning,2025-02-18,Online
12719,***,***,37,Data Engineering,2023-08-03,In-person
12720,***,***,40,Software Engineering,2023-03-09,Online
12721,***,***,23,Data Engineering,2025-05-03,Online
12722,***,***,29,Data Science,2023-08-14,Online
12723,***,***,42,Machine Learning,2026-10-02,Online
12724,***,***,38,Web development,2026-09-09,In-person
12725,***,***,35,Software Engineering,2026-05-08,In-person
12726,***,***,44,Software Engineering,2027-01-04,In-person
12727,***,***,41,Web development,2025-10-03,In-person
12728,***,***,28,Data Science,2023-09-16,In-person
12729,***,***,39,Data Engineering,2023-09-07,In-person
12730,***,***,41,Software Engineering,2026-10-31,In-person
12731,***,***,22,Software Engineering,2026-12-10,In-person
12732,***,***,33,Software Engineering,2023-11-13,In-person
12733,***,***,26,Data Engineering,2024-10-22,In-person
12734,***,***,45,Machine Learning,2026-07-27,Online
12735,***,***,31,Data Engineering,2027-07-31,In-person
12736,***,***,23,Machine Learning,2024-03-04,In-person
12737,***,***,32,Software Engineering,2026-06-30,Online
12738,***,***,32,Data Science,2023-05-14,In-person
12739,***,***,40,Data Science,2025-02-08,Online
12740,***,***,41,Machine Learning,2027-07-08,Online
12741,***,***,27,Data Engineering,2027-05-26,Online
12742,***,***,37,Data Science,2025-03-22,In-person
12743,***,***,45,Software Engineering,2026-08-07,In-person
12744,***,***,40,Machine Learning,2026-05-29,Online
12745,***,***,37,Machine Learning,2025-03-05,Online
12746,***,***,36,Data Science,2023-04-16,In-person
12747,***,***,27,Software Engineering,2025-09-05,In-person
12748,***,***,44,Machine Learning,2023-01-25,Online
12749,***,***,41,Software Engineering,2023-01-08,Online
12750,***,***,30,Machine Learning,2025-09-02,In-person
12751,***,***,25,Software Engineering,2027-03-03,Online
12752,***,***,24,Machine Learning,2025-12-17,Online
12753,***,***,44,Data Engineering,2027-04-22,In-person
12754,***,***,33,Data Engineering,2022-12-15,In-person
12755,***,***,32,Data Science,2022-11-04,In-person
12756,***,***,25,Web development,2025-07-01,In-person
12757,***,***,45,Software Engineering,2022-11-18,In-person
12758,***,***,39,Data Science,2025-12-10,In-person
12759,***,***,32,Data Engineering,2024-02-24,In-person
12760,***,***,27,Web development,2026-05-20,In-person
12761,***,***,45,Machine Learning,2025-08-18,Online
12762,***,***,45,Data Science,2027-07-04,In-person
12763,***,***,33,Web development,2023-10-04,Online
12764,***,***,43,Data Science,2024-07-03,In-person
12765,***,***,26,Data Science,2024-12-26,Online
12766,***,***,23,Data Engineering,2026-10-08,Online
12767,***,***,23,Data Science,2022-11-06,Online
12768,***,***,22,Data Engineering,2025-04-20,Online
12769,***,***,28,Software Engineering,2024-02-09,In-person
12770,***,***,29,Web development,2024-08-17,In-person
12771,***,***,26,Machine Learning,2023-05-08,Online
12772,***,***,27,Software Engineering,2024-11-23,In-person
12773,***,***,28,Data Engineering,2022-12-24,Online
12774,***,***,34,Data Science,2026-07-21,Online
12775,***,***,42,Web development,2025-12-23,Online
12776,***,***,25,Data Science,2024-03-06,Online
12777,***,***,33,Data Science,2027-05-25,Online
12778,***,***,40,Software Engineering,2025-07-04,Online
12779,***,***,34,Data Science,2023-09-13,In-person
12780,***,***,42,Data Engineering,2025-03-21,Online
12781,***,***,25,Machine Learning,2027-05-18,In-person
12782,***,***,28,Web development,2025-12-26,In-person
12783,***,***,29,Software Engineering,2027-04-18,Online
12784,***,***,40,Machine Learning,2023-08-07,In-person
12785,***,***,31,Web development,2025-04-13,Online
12786,***,***,35,Software Engineering,2023-01-10,In-person
12787,***,***,39,Web development,2023-10-03,Online
12788,***,***,42,Software Engineering,2024-04-29,In-person
12789,***,***,44,Web development,2023-02-18,Online
12790,***,***,36,Web development,2027-07-11,In-person
12791,***,***,22,Data Engineering,2026-06-05,In-person
12792,***,***,41,Data Science,2027-10-16,In-person
12793,***,***,44,Web development,2023-10-30,In-person
12794,***,***,29,Data Engineering,2026-07-09,Online
12795,***,***,41,Web development,2022-10-22,Online
12796,***,***,45,Machine Learning,2024-02-09,In-person
12797,***,***,29,Data Engineering,2027-04-04,In-person
12798,***,***,38,Machine Learning,2023-10-01,Online
12799,***,***,33,Data Engineering,2026-12-13,In-person
12800,***,***,22,Data Science,2025-11-20,Online
12801,***,***,41,Machine Learning,2024-01-26,In-person
12802,***,***,41,Software Engineering,2025-06-30,In-person
12803,***,***,29,Data Science,2026-06-21,Online
12804,***,***,27,Machine Learning,2025-08-16,In-person
12805,***,***,38,Web development,2026-03-02,Online
12806,***,***,37,Data Engineering,2027-06-13,Online
12807,***,***,36,Web development,2027-03-06,Online
12808,***,***,22,Machine Learning,2024-01-17,In-person
12809,***,***,45,Data Science,2024-09-26,In-person
12810,***,***,22,Machine Learning,2027-07-04,In-person
12811,***,***,36,Machine Learning,2024-01-13,Online
12812,***,***,37,Data Engineering,2024-04-08,In-person
12813,***,***,38,Machine Learning,2024-03-01,In-person
12814,***,***,38,Software Engineering,2027-08-03,Online
12815,***,***,45,Data Engineering,2025-04-25,Online
12816,***,***,23,Data Engineering,2023-02-03,In-person
12817,***,***,24,Software Engineering,2025-12-17,In-person
12818,***,***,41,Data Engineering,2027-10-14,In-person
12819,***,***,36,Data Science,2025-08-10,Online
12820,***,***,23,Machine Learning,2026-05-29,Online
12821,***,***,40,Machine Learning,2026-06-28,In-person
12822,***,***,39,Web development,2023-06-01,Online
12823,***,***,38,Data Engineering,2023-01-02,In-person
12824,***,***,44,Data Science,2027-08-17,In-person
12825,***,***,33,Software Engineering,2026-05-10,Online
12826,***,***,25,Data Engineering,2024-01-12,In-person
12827,***,***,30,Data Science,2023-02-02,Online
12828,***,***,33,Software Engineering,2027-10-12,In-person
12829,***,***,37,Data Science,2025-09-10,In-person
12830,***,***,45,Data Science,2026-07-09,Online
12831,***,***,22,Data Engineering,2027-10-10,Online
12832,***,***,44,Web development,2023-06-30,Online
12833,***,***,33,Data Engineering,2025-05-15,In-person
12834,***,***,28,Data Science,2025-06-16,In-person
12835,***,***,27,Data Engineering,2026-02-24,Online
12836,***,***,31,Data Science,2027-10-17,Online
12837,***,***,37,Data Science,2026-05-15,In-person
12838,***,***,30,Software Engineering,2024-07-30,In-person
12839,***,***,22,Data Engineering,2023-10-06,Online
12840,***,***,42,Data Engineering,2024-05-04,Online
12841,***,***,26,Data Engineering,2023-01-04,Online
12842,***,***,35,Software Engineering,2025-07-17,Online
12843,***,***,42,Machine Learning,2027-01-14,Online
12844,***,***,23,Machine Learning,2024-07-10,In-person
12845,***,***,36,Data Engineering,2026-07-10,Online
12846,***,***,27,Machine Learning,2026-10-05,In-person
12847,***,***,43,Data Engineering,2022-11-25,In-person
12848,***,***,39,Software Engineering,2027-09-29,In-person
12849,***,***,34,Software Engineering,2024-04-12,In-person
12850,***,***,42,Machine Learning,2026-07-26,Online
12851,***,***,43,Data Engineering,2026-11-19,Online
12852,***,***,30,Web development,2024-02-09,In-person
12853,***,***,45,Software Engineering,2025-02-24,Online
12854,***,***,27,Data Science,2023-02-26,Online
12855,***,***,36,Software Engineering,2024-04-30,In-person
12856,***,***,41,Software Engineering,2024-01-14,Online
12857,***,***,29,Data Science,2023-06-12,In-person
12858,***,***,41,Data Engineering,2025-02-03,Online
12859,***,***,32,Data Science,2023-07-29,In-person
12860,***,***,38,Machine Learning,2027-09-11,In-person
12861,***,***,23,Software Engineering,2026-01-10,In-person
12862,***,***,28,Web development,2025-06-30,In-person
12863,***,***,44,Data Science,2026-08-14,In-person
12864,***,***,42,Web development,2026-06-28,In-person
12865,***,***,40,Machine Learning,2023-01-19,Online
12866,***,***,40,Software Engineering,2023-08-14,In-person
12867,***,***,23,Data Engineering,2024-02-22,Online
12868,***,***,35,Software Engineering,2022-11-13,Online
12869,***,***,33,Software Engineering,2025-06-12,In-person
12870,***,***,44,Web development,2027-06-22,In-person
12871,***,***,39,Web development,2023-02-21,In-person
12872,***,***,31,Web development,2025-05-04,In-person
12873,***,***,33,Data Science,2026-03-24,In-person
12874,***,***,26,Machine Learning,2027-09-28,Online
12875,***,***,37,Machine Learning,2025-08-05,Online
12876,***,***,30,Data Science,2022-11-02,In-person
12877,***,***,31,Data Science,2023-08-19,Online
12878,***,***,23,Data Engineering,2022-12-20,Online
12879,***,***,26,Data Engineering,2027-09-15,Online
12880,***,***,42,Web development,2024-10-25,Online
12881,***,***,37,Data Science,2023-11-29,In-person
12882,***,***,24,Machine Learning,2023-10-03,In-person
12883,***,***,26,Software Engineering,2023-01-16,Online
12884,***,***,33,Data Science,2023-01-11,Online
12885,***,***,41,Data Engineering,2024-04-26,In-person
12886,***,***,42,Software Engineering,2023-05-11,Online
12887,***,***,45,Data Engineering,2023-11-24,Online
12888,***,***,38,Data Science,2026-08-23,In-person
12889,***,***,41,Data Engineering,2024-10-22,In-person
12890,***,***,30,Software Engineering,2025-01-20,Online
12891,***,***,24,Data Engineering,2023-06-18,In-person
12892,***,***,26,Data Engineering,2024-05-13,Online
12893,***,***,39,Web development,2024-05-21,In-person
12894,***,***,30,Data Science,2026-11-15,Online
12895,***,***,35,Machine Learning,2026-03-08,In-person
12896,***,***,34,Data Engineering,2025-10-25,Online
12897,***,***,40,Machine Learning,2023-12-02,Online
12898,***,***,31,Web development,2026-11-10,Online
12899,***,***,25,Data Engineering,2023-03-24,In-person
12900,***,***,41,Machine Learning,2025-09-03,In-person
12901,***,***,28,Data Engineering,2023-12-29,In-person
12902,***,***,30,Machine Learning,2025-05-16,Online
12903,***,***,30,Data Science,2022-12-21,Online
12904,***,***,30,Software Engineering,2023-02-17,Online
12905,***,***,30,Machine Learning,2026-02-19,In-person
12906,***,***,34,Web development,2025-03-06,Online
12907,***,***,37,Data Science,2023-06-28,Online
12908,***,***,44,Data Engineering,2024-01-26,In-person
12909,***,***,40,Software Engineering,2025-08-02,In-person
12910,***,***,35,Software Engineering,2027-10-04,In-person
12911,***,***,29,Data Science,2023-08-22,Online
12912,***,***,25,Data Science,2027-07-09,Online
12913,***,***,42,Software Engineering,2027-05-16,In-person
12914,***,***,45,Web development,2024-05-03,In-person
12915,***,***,29,Machine Learning,2025-12-28,Online
12916,***,***,37,Web development,2024-04-12,Online
12917,***,***,41,Software Engineering,2023-06-16,Online
12918,***,***,42,Web development,2024-03-19,In-person
12919,***,***,31,Software Engineering,2026-04-20,Online
12920,***,***,33,Data Science,2024-08-06,In-person
12921,***,***,37,Machine Learning,2025-04-16,Online
12922,***,***,42,Data Engineering,2026-07-25,In-person
12923,***,***,34,Machine Learning,2026-12-20,Online
12924,***,***,31,Machine Learning,2025-04-17,Online
12925,***,***,32,Web development,2023-12-06,In-person
12926,***,***,43,Web development,2025-07-05,Online
12927,***,***,39,Data Engineering,2026-10-07,In-person
12928,***,***,26,Software Engineering,2027-07-30,Online
12929,***,***,32,Software Engineering,2025-09-29,In-person
12930,***,***,23,Web development,2027-05-06,In-person
12931,***,***,42,Data Science,2027-03-21,In-person
12932,***,***,42,Data Science,2027-02-05,Online
12933,***,***,26,Software Engineering,2023-09-17,Online
12934,***,***,27,Data Science,2027-08-29,Online
12935,***,***,36,Machine Learning,2024-09-23,In-person
12936,***,***,45,Machine Learning,2023-07-11,Online
12937,***,***,34,Software Engineering,2026-08-03,In-person
12938,***,***,43,Data Science,2025-06-13,Online
12939,***,***,36,Machine Learning,2022-12-08,Online
12940,***,***,22,Software Engineering,2023-10-29,In-person
12941,***,***,27,Web development,2026-05-19,In-person
12942,***,***,24,Machine Learning,2023-11-30,Online
12943,***,***,41,Data Science,2027-09-21,In-person
12944,***,***,35,Data Engineering,2027-05-18,In-person
12945,***,***,33,Software Engineering,2023-10-31,In-person
12946,***,***,39,Machine Learning,2025-05-06,Online
12947,***,***,41,Web development,2026-09-25,Online
12948,***,***,35,Software Engineering,2026-03-07,Online
12949,***,***,43,Software Engineering,2023-09-23,In-person
12950,***,***,24,Data Engineering,2023-11-17,Online
12951,***,***,45,Software Engineering,2023-10-24,In-person
12952,***,***,29,Software Engineering,2027-05-23,Online
12953,***,***,27,Machine Learning,2025-08-28,In-person
12954,***,***,45,Software Engineering,2024-01-28,Online
12955,***,***,27,Machine Learning,2025-04-25,Online
12956,***,***,39,Data Engineering,2027-06-13,Online
12957,***,***,24,Machine Learning,2025-05-27,Online
12958,***,***,36,Web development,2026-10-19,In-person
12959,***,***,30,Data Science,2023-03-26,In-person
12960,***,***,26,Data Engineering,2023-12-10,In-person
12961,***,***,44,Web development,2025-04-24,In-person
12962,***,***,36,Software Engineering,2024-12-08,In-person
12963,***,***,27,Data Engineering,2027-03-10,In-person
12964,***,***,44,Machine Learning,2025-03-05,In-person
12965,***,***,29,Data Science,2027-02-16,In-person
12966,***,***,35,Software Engineering,2026-03-24,Online
12967,***,***,35,Software Engineering,2026-06-03,Online
12968,***,***,24,Data Engineering,2024-11-09,Online
12969,***,***,28,Software Engineering,2025-01-11,Online
12970,***,***,22,Data Science,2022-11-24,In-person
12971,***,***,43,Data Engineering,2026-08-01,In-person
12972,***,***,40,Data Science,2027-02-06,Online
12973,***,***,30,Data Science,2025-02-20,In-person
12974,***,***,45,Data Science,2024-02-15,Online
12975,***,***,35,Software Engineering,2027-09-22,In-person
12976,***,***,41,Web development,2025-11-11,In-person
12977,***,***,27,Data Science,2023-04-26,In-person
12978,***,***,44,Data Engineering,2023-09-30,Online
12979,***,***,45,Machine Learning,2024-10-06,In-person
12980,***,***,42,Machine Learning,2027-02-16,Online
12981,***,***,28,Machine Learning,2023-02-03,Online
12982,***,***,31,Web development,2023-03-24,In-person
12983,***,***,33,Data Engineering,2024-06-24,Online
12984,***,***,41,Web development,2023-07-13,In-person
12985,***,***,33,Machine Learning,2026-10-11,Online
12986,***,***,44,Software Engineering,2023-04-05,In-person
12987,***,***,25,Software Engineering,2026-12-03,Online
12988,***,***,42,Data Engineering,2023-08-08,Online
12989,***,***,44,Data Science,2026-12-26,In-person
12990,***,***,32,Data Engineering,2025-03-23,Online
12991,***,***,39,Software Engineering,2025-01-17,In-person
12992,***,***,34,Web development,2024-01-15,In-person
12993,***,***,40,Machine Learning,2027-09-12,Online
12994,***,***,41,Data Engineering,2027-04-13,In-person
12995,***,***,28,Software Engineering,2025-05-17,In-person
12996,***,***,32,Machine Learning,2026-07-07,Online
12997,***,***,26,Software Engineering,2025-03-07,In-person
12998,***,***,36,Data Engineering,2026-05-04,In-person
12999,***,***,43,Data Engineering,2025-11-17,In-person
13000,***,***,29,Data Science,2022-12-24,In-person
13001,***,***,24,Web development,2024-03-30,In-person
13002,***,***,31,Data Science,2027-10-11,In-person
13003,***,***,27,Machine Learning,2026-06-11,In-person
13004,***,***,22,Machine Learning,2026-09-30,In-person
13005,***,***,36,Data Science,2024-03-21,Online
13006,***,***,32,Machine Learning,2024-03-07,Online
13007,***,***,25,Web development,2023-07-06,In-person
13008,***,***,33,Data Engineering,2023-02-11,In-person
13009,***,***,37,Data Science,2027-07-18,Online
13010,***,***,26,Software Engineering,2025-10-04,In-person
13011,***,***,25,Data Science,2022-10-24,In-person
13012,***,***,33,Software Engineering,2026-08-04,Online
13013,***,***,24,Data Science,2025-03-10,In-person
13014,***,***,27,Data Science,2023-07-13,In-person
13015,***,***,33,Machine Learning,2022-11-26,Online
13016,***,***,24,Machine Learning,2026-04-20,Online
13017,***,***,33,Web development,2026-10-24,Online
13018,***,***,33,Data Science,2025-12-19,Online
13019,***,***,32,Machine Learning,2022-11-15,Online
13020,***,***,35,Machine Learning,2024-04-08,Online
13021,***,***,44,Data Engineering,2023-08-24,Online
13022,***,***,44,Software Engineering,2024-10-28,In-person
13023,***,***,24,Data Science,2023-06-27,Online
13024,***,***,33,Data Science,2027-04-01,Online
13025,***,***,28,Machine Learning,2024-09-17,In-person
13026,***,***,24,Machine Learning,2027-05-15,In-person
13027,***,***,44,Web development,2025-05-25,In-person
13028,***,***,38,Data Engineering,2026-10-12,In-person
13029,***,***,30,Data Engineering,2026-06-10,In-person
13030,***,***,42,Data Science,2026-08-08,In-person
13031,***,***,32,Machine Learning,2026-11-28,In-person
13032,***,***,22,Data Science,2024-09-19,In-person
13033,***,***,37,Machine Learning,2025-05-02,In-person
13034,***,***,22,Data Science,2026-07-01,Online
13035,***,***,41,Web development,2022-11-15,In-person
13036,***,***,41,Data Science,2025-03-19,In-person
13037,***,***,24,Web development,2027-05-19,Online
13038,***,***,38,Web development,2026-02-26,In-person
13039,***,***,28,Data Engineering,2024-07-07,Online
13040,***,***,39,Data Science,2024-12-31,Online
13041,***,***,30,Web development,2027-09-08,In-person
13042,***,***,43,Data Science,2024-06-20,Online
13043,***,***,23,Data Science,2023-05-23,Online
13044,***,***,24,Web development,2026-05-22,In-person
13045,***,***,31,Data Engineering,2023-09-16,In-person
13046,***,***,33,Machine Learning,2025-06-25,In-person
13047,***,***,39,Software Engineering,2027-09-21,In-person
13048,***,***,41,Machine Learning,2024-06-16,In-person
13049,***,***,27,Web development,2023-09-08,In-person
13050,***,***,34,Data Engineering,2026-04-05,Online
13051,***,***,43,Software Engineering,2023-11-22,In-person
13052,***,***,24,Data Science,2023-10-10,Online
13053,***,***,43,Software Engineering,2022-11-20,In-person
13054,***,***,30,Machine Learning,2026-02-18,Online
13055,***,***,37,Web development,2024-08-03,Online
13056,***,***,42,Data Engineering,2023-05-03,In-person
13057,***,***,39,Machine Learning,2026-08-21,In-person
13058,***,***,38,Software Engineering,2024-08-09,In-person
13059,***,***,38,Web development,2027-07-21,Online
13060,***,***,44,Data Science,2023-02-16,Online
13061,***,***,39,Data Science,2026-12-23,In-person
13062,***,***,45,Web development,2025-03-22,In-person
13063,***,***,35,Data Science,2027-10-12,Online
13064,***,***,41,Web development,2023-11-06,Online
13065,***,***,41,Data Science,2024-03-10,Online
13066,***,***,32,Machine Learning,2023-08-28,In-person
13067,***,***,42,Data Science,2024-02-18,Online
13068,***,***,29,Software Engineering,2024-01-01,In-person
13069,***,***,28,Machine Learning,2026-05-03,Online
13070,***,***,45,Data Science,2022-11-01,Online
13071,***,***,26,Machine Learning,2025-10-12,In-person
13072,***,***,42,Data Engineering,2027-04-26,In-person
13073,***,***,40,Software Engineering,2026-09-25,In-person
13074,***,***,40,Data Science,2025-12-29,Online
13075,***,***,23,Machine Learning,2025-09-16,Online
13076,***,***,42,Machine Learning,2024-11-05,In-person
13077,***,***,36,Data Engineering,2025-01-24,In-person
13078,***,***,37,Web development,2024-03-27,In-person
13079,***,***,35,Data Engineering,2024-12-23,Online
13080,***,***,33,Web development,2025-02-18,In-person
13081,***,***,34,Software Engineering,2025-10-22,In-person
13082,***,***,33,Data Engineering,2026-10-28,Online
13083,***,***,37,Web development,2023-07-22,In-person
13084,***,***,31,Web development,2026-11-06,Online
13085,***,***,29,Software Engineering,2023-10-04,Online
13086,***,***,45,Software Engineering,2024-02-21,Online
13087,***,***,42,Software Engineering,2023-10-05,In-person
13088,***,***,44,Web development,2025-10-29,Online
13089,***,***,23,Data Engineering,2026-10-20,Online
13090,***,***,34,Software Engineering,2025-02-08,Online
13091,***,***,28,Web development,2025-06-03,In-person
13092,***,***,24,Software Engineering,2026-07-27,Online
13093,***,***,32,Data Science,2025-11-30,In-person
13094,***,***,30,Data Engineering,2025-05-23,Online
13095,***,***,32,Machine Learning,2025-06-03,In-person
13096,***,***,27,Data Engineering,2023-01-07,Online
13097,***,***,37,Data Science,2025-01-01,In-person
13098,***,***,28,Machine Learning,2025-09-05,Online
13099,***,***,27,Web development,2027-02-14,Online
13100,***,***,26,Machine Learning,2023-10-30,Online
13101,***,***,40,Data Engineering,2024-04-02,In-person
13102,***,***,44,Data Engineering,2026-07-14,In-person
13103,***,***,32,Data Science,2024-05-30,In-person
13104,***,***,36,Software Engineering,2026-09-10,Online
13105,***,***,28,Web development,2026-07-29,Online
13106,***,***,45,Web development,2023-12-17,In-person
13107,***,***,33,Software Engineering,2024-02-12,Online
13108,***,***,25,Machine Learning,2023-02-08,Online
13109,***,***,31,Data Science,2024-09-17,Online
13110,***,***,22,Data Science,2023-08-19,Online
13111,***,***,24,Web development,2025-09-01,In-person
13112,***,***,25,Machine Learning,2025-02-05,Online
13113,***,***,38,Data Engineering,2024-05-21,In-person
13114,***,***,39,Web development,2027-08-04,Online
13115,***,***,23,Machine Learning,2023-02-10,In-person
13116,***,***,43,Software Engineering,2025-11-23,In-person
13117,***,***,24,Software Engineering,2026-07-21,In-person
13118,***,***,28,Data Engineering,2022-11-16,Online
13119,***,***,23,Web development,2022-11-28,Online
13120,***,***,27,Web development,2024-03-20,Online
13121,***,***,33,Machine Learning,2023-04-06,In-person
13122,***,***,33,Web development,2025-09-19,In-person
13123,***,***,43,Software Engineering,2023-03-15,In-person
13124,***,***,30,Data Science,2026-04-21,In-person
13125,***,***,28,Data Science,2024-02-15,Online
13126,***,***,32,Machine Learning,2022-12-21,In-person
13127,***,***,39,Machine Learning,2022-12-19,In-person
13128,***,***,42,Data Science,2022-10-18,In-person
13129,***,***,41,Software Engineering,2027-05-20,Online
13130,***,***,38,Data Science,2024-11-03,In-person
13131,***,***,23,Software Engineering,2026-04-05,Online
13132,***,***,37,Data Engineering,2026-05-17,Online
13133,***,***,44,Data Engineering,2027-06-22,Online
13134,***,***,43,Data Science,2022-12-15,In-person
13135,***,***,44,Web development,2024-06-30,In-person
13136,***,***,36,Software Engineering,2023-05-11,In-person
13137,***,***,40,Data Engineering,2027-06-04,In-person
13138,***,***,32,Machine Learning,2025-07-17,Online
13139,***,***,24,Data Science,2027-05-12,Online
13140,***,***,28,Software Engineering,2022-11-19,In-person
13141,***,***,43,Data Science,2024-09-17,In-person
13142,***,***,33,Data Engineering,2024-06-27,Online
13143,***,***,37,Data Engineering,2025-07-22,Online
13144,***,***,39,Machine Learning,2022-12-18,Online
13145,***,***,35,Data Engineering,2024-09-17,In-person
13146,***,***,41,Software Engineering,2025-06-29,In-person
13147,***,***,25,Software Engineering,2025-04-15,Online
13148,***,***,23,Web development,2025-06-06,In-person
13149,***,***,39,Software Engineering,2025-01-23,Online
13150,***,***,40,Machine Learning,2026-03-17,Online
13151,***,***,42,Data Science,2027-08-12,Online
13152,***,***,28,Web development,2025-01-08,In-person
13153,***,***,27,Data Engineering,2025-08-06,Online
13154,***,***,35,Data Engineering,2027-03-24,In-person
13155,***,***,26,Web development,2026-07-10,In-person
13156,***,***,34,Data Science,2024-04-23,In-person
13157,***,***,27,Data Engineering,2026-11-28,Online
13158,***,***,40,Machine Learning,2026-07-09,In-person
13159,***,***,33,Machine Learning,2026-01-25,Online
13160,***,***,26,Data Science,2026-11-16,In-person
13161,***,***,32,Data Engineering,2027-04-20,Online
13162,***,***,44,Data Science,2023-10-09,In-person
13163,***,***,36,Software Engineering,2027-01-27,In-person
13164,***,***,27,Data Science,2027-04-15,In-person
13165,***,***,42,Web development,2025-08-16,In-person
13166,***,***,38,Data Engineering,2025-08-15,Online
13167,***,***,42,Data Science,2024-09-05,Online
13168,***,***,23,Data Science,2025-05-08,In-person
13169,***,***,24,Machine Learning,2023-05-16,In-person
13170,***,***,43,Data Engineering,2026-11-24,Online
13171,***,***,37,Machine Learning,2024-12-25,In-person
13172,***,***,42,Web development,2025-06-01,In-person
13173,***,***,26,Web development,2026-07-18,In-person
13174,***,***,25,Web development,2027-03-12,Online
13175,***,***,26,Software Engineering,2027-10-08,In-person
13176,***,***,23,Software Engineering,2025-08-03,In-person
13177,***,***,26,Data Science,2025-02-04,Online
13178,***,***,45,Machine Learning,2024-03-08,Online
13179,***,***,29,Machine Learning,2023-06-18,Online
13180,***,***,38,Data Engineering,2024-01-25,Online
13181,***,***,37,Data Engineering,2026-01-18,Online
13182,***,***,33,Software Engineering,2026-03-18,Online
13183,***,***,33,Web development,2026-08-12,In-person
13184,***,***,34,Web development,2026-02-21,In-person
13185,***,***,36,Machine Learning,2027-07-06,Online
13186,***,***,30,Data Science,2027-01-26,Online
13187,***,***,23,Web development,2023-01-25,Online
13188,***,***,24,Software Engineering,2027-03-29,In-person
13189,***,***,25,Machine Learning,2023-09-25,In-person
13190,***,***,24,Machine Learning,2023-11-08,Online
13191,***,***,42,Data Science,2025-10-12,Online
13192,***,***,25,Software Engineering,2024-08-03,In-person
13193,***,***,40,Machine Learning,2023-03-30,In-person
13194,***,***,23,Data Engineering,2025-05-03,Online
13195,***,***,36,Web development,2022-12-12,Online
13196,***,***,42,Machine Learning,2026-06-16,In-person
13197,***,***,39,Machine Learning,2025-11-16,In-person
13198,***,***,31,Data Engineering,2023-07-04,Online
13199,***,***,23,Web development,2024-06-06,In-person
13200,***,***,44,Data Science,2025-10-20,Online
13201,***,***,28,Software Engineering,2026-07-30,In-person
13202,***,***,39,Data Engineering,2023-08-09,In-person
13203,***,***,45,Software Engineering,2024-02-24,Online
13204,***,***,42,Machine Learning,2027-08-29,Online
13205,***,***,33,Web development,2023-05-03,Online
13206,***,***,27,Web development,2023-11-15,Online
13207,***,***,42,Web development,2025-10-14,Online
13208,***,***,38,Data Engineering,2026-02-25,Online
13209,***,***,42,Data Engineering,2023-08-06,Online
13210,***,***,30,Machine Learning,2026-09-21,Online
13211,***,***,31,Web development,2027-08-23,In-person
13212,***,***,25,Software Engineering,2025-03-30,Online
13213,***,***,26,Software Engineering,2027-01-27,Online
13214,***,***,45,Software Engineering,2023-12-12,Online
13215,***,***,34,Data Engineering,2025-06-24,In-person
13216,***,***,36,Web development,2026-06-08,In-person
13217,***,***,36,Software Engineering,2026-05-25,In-person
13218,***,***,32,Machine Learning,2027-03-03,In-person
13219,***,***,29,Web development,2023-05-27,In-person
13220,***,***,33,Data Engineering,2026-02-16,Online
13221,***,***,40,Data Engineering,2024-12-29,In-person
13222,***,***,41,Machine Learning,2027-08-09,Online
13223,***,***,40,Machine Learning,2023-03-03,Online
13224,***,***,36,Data Engineering,2024-06-16,Online
13225,***,***,34,Machine Learning,2025-11-27,Online
13226,***,***,43,Web development,2025-07-28,Online
13227,***,***,28,Software Engineering,2024-10-19,In-person
13228,***,***,41,Data Science,2024-05-17,Online
13229,***,***,32,Web development,2026-03-13,Online
13230,***,***,38,Data Science,2026-03-27,In-person
13231,***,***,34,Data Science,2025-10-16,In-person
13232,***,***,24,Data Science,2024-05-22,In-person
13233,***,***,43,Machine Learning,2024-06-27,In-person
13234,***,***,30,Data Engineering,2025-05-10,In-person
13235,***,***,41,Web development,2024-03-27,Online
13236,***,***,39,Software Engineering,2025-12-20,In-person
13237,***,***,24,Data Engineering,2022-10-30,In-person
13238,***,***,24,Machine Learning,2027-04-04,In-person
13239,***,***,43,Web development,2023-01-24,Online
13240,***,***,26,Data Engineering,2023-08-11,Online
13241,***,***,23,Data Engineering,2027-03-03,Online
13242,***,***,22,Software Engineering,2025-03-06,In-person
13243,***,***,26,Machine Learning,2026-11-13,Online
13244,***,***,40,Data Science,2025-06-19,In-person
13245,***,***,43,Web development,2025-08-28,Online
13246,***,***,44,Data Science,2024-03-29,Online
13247,***,***,24,Web development,2027-05-13,Online
13248,***,***,33,Data Engineering,2027-03-23,Online
13249,***,***,24,Software Engineering,2023-10-28,Online
13250,***,***,26,Software Engineering,2024-08-31,In-person
13251,***,***,37,Machine Learning,2022-10-18,In-person
13252,***,***,36,Web development,2025-05-28,Online
13253,***,***,38,Machine Learning,2024-05-20,Online
13254,***,***,31,Machine Learning,2026-05-27,Online
13255,***,***,44,Machine Learning,2026-04-02,Online
13256,***,***,37,Machine Learning,2026-02-22,In-person
13257,***,***,23,Data Science,2025-03-12,In-person
13258,***,***,34,Machine Learning,2023-04-19,In-person
13259,***,***,31,Software Engineering,2023-08-18,In-person
13260,***,***,36,Machine Learning,2024-10-25,In-person
13261,***,***,34,Data Engineering,2023-10-30,Online
13262,***,***,44,Machine Learning,2025-11-12,In-person
13263,***,***,45,Web development,2023-05-28,Online
13264,***,***,26,Web development,2025-09-25,In-person
13265,***,***,41,Web development,2022-12-27,Online
13266,***,***,28,Data Engineering,2024-09-08,Online
13267,***,***,24,Data Engineering,2027-05-02,In-person
13268,***,***,29,Data Science,2024-06-29,In-person
13269,***,***,37,Data Science,2024-03-11,In-person
13270,***,***,36,Software Engineering,2023-06-07,In-person
13271,***,***,31,Software Engineering,2026-07-18,Online
13272,***,***,39,Software Engineering,2023-07-28,In-person
13273,***,***,43,Data Science,2023-12-09,Online
13274,***,***,23,Machine Learning,2023-08-07,In-person
13275,***,***,30,Software Engineering,2026-03-03,In-person
13276,***,***,42,Machine Learning,2023-03-25,In-person
13277,***,***,33,Web development,2025-10-10,In-person
13278,***,***,28,Web development,2026-06-13,Online
13279,***,***,26,Software Engineering,2026-03-09,In-person
13280,***,***,41,Data Engineering,2024-04-03,In-person
13281,***,***,26,Software Engineering,2026-06-02,Online
13282,***,***,39,Machine Learning,2022-11-07,Online
13283,***,***,35,Machine Learning,2026-04-20,In-person
13284,***,***,26,Software Engineering,2025-09-12,Online
13285,***,***,36,Machine Learning,2025-11-21,In-person
13286,***,***,28,Data Engineering,2023-04-01,Online
13287,***,***,28,Software Engineering,2025-07-28,In-person
13288,***,***,23,Software Engineering,2027-03-29,Online
13289,***,***,38,Web development,2024-10-16,Online
13290,***,***,43,Software Engineering,2026-07-22,Online
13291,***,***,45,Data Engineering,2026-08-09,Online
13292,***,***,42,Data Science,2022-12-31,In-person
13293,***,***,30,Machine Learning,2024-10-09,In-person
13294,***,***,40,Machine Learning,2026-01-07,Online
13295,***,***,40,Data Science,2024-01-08,Online
13296,***,***,32,Machine Learning,2027-09-14,Online
13297,***,***,32,Data Science,2024-07-31,In-person
13298,***,***,33,Data Engineering,2025-05-07,Online
13299,***,***,35,Software Engineering,2023-06-22,In-person
13300,***,***,27,Machine Learning,2024-11-12,Online
13301,***,***,25,Machine Learning,2027-03-21,Online
13302,***,***,33,Machine Learning,2026-12-17,In-person
13303,***,***,41,Data Science,2023-06-06,In-person
13304,***,***,23,Data Engineering,2024-03-28,Online
13305,***,***,27,Data Science,2023-07-26,In-person
13306,***,***,38,Data Science,2027-03-21,Online
13307,***,***,30,Data Science,2023-09-11,In-person
13308,***,***,24,Data Engineering,2027-03-21,Online
13309,***,***,36,Machine Learning,2024-04-12,Online
13310,***,***,45,Data Engineering,2024-03-20,In-person
13311,***,***,33,Software Engineering,2027-07-01,Online
13312,***,***,41,Web development,2024-03-20,In-person
13313,***,***,22,Software Engineering,2027-02-11,Online
13314,***,***,25,Machine Learning,2027-03-17,In-person
13315,***,***,29,Web development,2027-02-01,In-person
13316,***,***,41,Web development,2023-01-02,Online
13317,***,***,37,Machine Learning,2026-04-07,Online
13318,***,***,44,Data Engineering,2025-12-02,Online
13319,***,***,38,Data Science,2027-01-09,In-person
13320,***,***,38,Data Engineering,2027-08-15,In-person
13321,***,***,27,Machine Learning,2026-04-04,Online
13322,***,***,24,Data Engineering,2025-12-07,In-person
13323,***,***,28,Data Science,2027-05-30,In-person
13324,***,***,26,Data Engineering,2023-03-20,In-person
13325,***,***,35,Web development,2027-02-06,Online
13326,***,***,33,Software Engineering,2024-05-06,Online
13327,***,***,36,Software Engineering,2026-10-11,In-person
13328,***,***,32,Web development,2023-11-12,Online
13329,***,***,31,Software Engineering,2024-09-26,Online
13330,***,***,41,Software Engineering,2024-12-22,Online
13331,***,***,22,Software Engineering,2023-10-12,Online
13332,***,***,29,Software Engineering,2024-10-10,In-person
13333,***,***,40,Data Engineering,2024-09-22,In-person
13334,***,***,35,Machine Learning,2025-10-16,Online
13335,***,***,27,Web development,2022-10-18,In-person
13336,***,***,28,Machine Learning,2023-04-05,Online
13337,***,***,23,Data Science,2023-11-29,Online
13338,***,***,39,Software Engineering,2025-07-10,Online
13339,***,***,36,Web development,2026-07-29,Online
13340,***,***,45,Software Engineering,2026-06-30,Online
13341,***,***,44,Data Science,2024-07-27,Online
13342,***,***,32,Data Engineering,2023-12-05,Online
13343,***,***,45,Machine Learning,2027-07-09,Online
13344,***,***,30,Software Engineering,2027-08-25,Online
13345,***,***,29,Data Science,2026-06-22,Online
13346,***,***,38,Web development,2025-05-02,Online
13347,***,***,38,Software Engineering,2024-11-26,In-person
13348,***,***,40,Software Engineering,2025-10-25,In-person
13349,***,***,27,Data Science,2024-11-15,Online
13350,***,***,23,Data Engineering,2025-10-05,In-person
13351,***,***,38,Data Science,2027-02-07,In-person
13352,***,***,28,Machine Learning,2026-09-16,In-person
13353,***,***,26,Data Engineering,2027-02-12,Online
13354,***,***,29,Web development,2025-08-27,In-person
13355,***,***,25,Data Engineering,2026-06-13,In-person
13356,***,***,43,Machine Learning,2023-03-17,Online
13357,***,***,34,Data Engineering,2023-10-29,Online
13358,***,***,32,Data Engineering,2025-09-15,In-person
13359,***,***,41,Machine Learning,2023-08-07,Online
13360,***,***,29,Web development,2025-04-22,Online
13361,***,***,39,Data Engineering,2024-12-29,Online
13362,***,***,45,Machine Learning,2026-03-15,In-person
13363,***,***,32,Software Engineering,2025-08-04,In-person
13364,***,***,36,Data Science,2026-06-17,In-person
13365,***,***,23,Software Engineering,2024-12-12,Online
13366,***,***,43,Web development,2024-02-14,In-person
13367,***,***,30,Machine Learning,2025-03-26,In-person
13368,***,***,28,Machine Learning,2026-02-14,Online
13369,***,***,41,Machine Learning,2024-12-03,Online
13370,***,***,23,Data Science,2027-05-06,Online
13371,***,***,40,Web development,2027-06-05,Online
13372,***,***,42,Machine Learning,2024-01-08,Online
13373,***,***,37,Web development,2023-04-05,In-person
13374,***,***,32,Data Engineering,2026-10-22,Online
13375,***,***,27,Data Science,2023-05-24,In-person
13376,***,***,42,Data Engineering,2023-07-04,Online
13377,***,***,38,Data Science,2024-02-16,Online
13378,***,***,37,Machine Learning,2024-05-02,Online
13379,***,***,38,Data Engineering,2024-11-17,Online
13380,***,***,33,Data Science,2023-08-10,In-person
13381,***,***,30,Data Engineering,2022-10-28,Online
13382,***,***,26,Data Engineering,2023-06-21,In-person
13383,***,***,37,Data Engineering,2025-01-15,In-person
13384,***,***,42,Data Engineering,2026-12-06,In-person
13385,***,***,39,Web development,2025-03-07,Online
13386,***,***,23,Data Science,2025-01-14,In-person
13387,***,***,23,Data Science,2026-12-30,Online
13388,***,***,42,Data Engineering,2023-12-15,Online
13389,***,***,36,Machine Learning,2026-02-11,In-person
13390,***,***,25,Data Engineering,2022-12-03,In-person
13391,***,***,31,Data Science,2022-11-10,Online
13392,***,***,37,Data Engineering,2027-05-11,Online
13393,***,***,37,Data Science,2023-07-03,In-person
13394,***,***,23,Machine Learning,2023-02-21,Online
13395,***,***,35,Data Science,2023-03-05,In-person
13396,***,***,42,Data Science,2022-12-11,In-person
13397,***,***,28,Machine Learning,2022-12-07,Online
13398,***,***,33,Web development,2022-10-20,Online
13399,***,***,22,Data Engineering,2025-03-25,Online
13400,***,***,42,Data Science,2027-04-02,Online
13401,***,***,24,Machine Learning,2027-01-26,Online
13402,***,***,45,Web development,2024-05-23,Online
13403,***,***,31,Web development,2023-12-13,In-person
13404,***,***,22,Machine Learning,2025-12-17,Online
13405,***,***,38,Data Engineering,2027-06-25,Online
13406,***,***,45,Data Engineering,2025-04-17,Online
13407,***,***,32,Data Science,2023-11-10,In-person
13408,***,***,38,Machine Learning,2025-07-27,Online
13409,***,***,34,Data Engineering,2024-01-09,In-person
13410,***,***,24,Data Science,2025-07-25,Online
13411,***,***,42,Data Science,2024-11-03,In-person
13412,***,***,44,Machine Learning,2023-05-03,Online
13413,***,***,24,Data Science,2026-12-21,Online
13414,***,***,33,Data Engineering,2027-07-08,In-person
13415,***,***,36,Software Engineering,2023-12-23,In-person
13416,***,***,32,Data Science,2025-01-30,In-person
13417,***,***,32,Web development,2023-03-04,Online
13418,***,***,23,Web development,2026-08-15,In-person
13419,***,***,28,Data Engineering,2023-10-18,In-person
13420,***,***,35,Data Engineering,2025-10-06,Online
13421,***,***,36,Software Engineering,2027-02-17,In-person
13422,***,***,22,Data Science,2023-09-08,Online
13423,***,***,24,Machine Learning,2025-08-29,In-person
13424,***,***,42,Software Engineering,2027-07-24,In-person
13425,***,***,29,Software Engineering,2024-04-30,Online
13426,***,***,30,Web development,2027-09-12,In-person
13427,***,***,41,Web development,2024-07-02,Online
13428,***,***,26,Web development,2026-01-10,Online
13429,***,***,31,Data Engineering,2023-12-27,In-person
13430,***,***,37,Web development,2026-07-02,In-person
13431,***,***,27,Data Science,2024-09-06,In-person
13432,***,***,45,Software Engineering,2023-02-16,Online
13433,***,***,38,Data Engineering,2024-05-28,Online
13434,***,***,22,Data Science,2023-01-24,In-person
13435,***,***,24,Machine Learning,2024-10-25,In-person
13436,***,***,24,Software Engineering,2025-03-31,In-person
13437,***,***,35,Data Engineering,2024-01-11,In-person
13438,***,***,43,Data Science,2024-02-26,Online
13439,***,***,28,Data Engineering,2027-02-09,Online
13440,***,***,37,Software Engineering,2027-09-10,Online
13441,***,***,28,Data Engineering,2025-09-26,In-person
13442,***,***,22,Data Engineering,2025-12-12,In-person
13443,***,***,26,Web development,2023-03-29,In-person
13444,***,***,37,Data Engineering,2023-11-03,In-person
13445,***,***,45,Data Engineering,2026-06-01,In-person
13446,***,***,36,Software Engineering,2024-06-30,Online
13447,***,***,45,Data Science,2026-01-27,Online
13448,***,***,45,Data Science,2024-11-17,Online
13449,***,***,35,Data Science,2023-06-02,Online
13450,***,***,45,Data Engineering,2023-10-13,In-person
13451,***,***,35,Data Science,2024-10-04,Online
13452,***,***,36,Software Engineering,2026-05-22,Online
13453,***,***,23,Machine Learning,2026-11-24,Online
13454,***,***,29,Data Science,2023-09-12,Online
13455,***,***,29,Software Engineering,2026-12-26,In-person
13456,***,***,24,Web development,2026-09-17,In-person
13457,***,***,40,Data Science,2023-04-12,Online
13458,***,***,41,Data Science,2022-11-13,Online
13459,***,***,31,Software Engineering,2024-11-09,In-person
13460,***,***,24,Software Engineering,2025-04-06,Online
13461,***,***,23,Web development,2024-08-08,Online
13462,***,***,28,Data Science,2025-04-17,In-person
13463,***,***,42,Software Engineering,2022-11-04,In-person
13464,***,***,28,Machine Learning,2026-11-26,Online
13465,***,***,23,Web development,2027-02-23,Online
13466,***,***,38,Software Engineering,2027-01-06,Online
13467,***,***,42,Data Science,2027-09-17,In-person
13468,***,***,37,Web development,2023-06-30,In-person
13469,***,***,35,Software Engineering,2026-01-26,In-person
13470,***,***,28,Data Science,2026-12-03,In-person
13471,***,***,29,Machine Learning,2026-03-01,In-person
13472,***,***,42,Software Engineering,2027-01-27,Online
13473,***,***,33,Web development,2022-12-30,Online
13474,***,***,38,Web development,2023-04-24,Online
13475,***,***,43,Software Engineering,2024-01-29,In-person
13476,***,***,26,Software Engineering,2026-02-17,In-person
13477,***,***,44,Web development,2027-06-08,Online
13478,***,***,37,Data Engineering,2022-12-15,In-person
13479,***,***,33,Data Engineering,2025-03-27,Online
13480,***,***,40,Web development,2025-12-24,In-person
13481,***,***,31,Data Engineering,2024-08-04,Online
13482,***,***,38,Software Engineering,2026-10-11,Online
13483,***,***,41,Machine Learning,2024-06-06,Online
13484,***,***,41,Data Engineering,2023-08-19,In-person
13485,***,***,24,Web development,2027-10-03,Online
13486,***,***,41,Web development,2027-01-17,Online
13487,***,***,44,Web development,2027-05-15,In-person
13488,***,***,39,Data Science,2025-06-21,In-person
13489,***,***,37,Machine Learning,2025-07-21,In-person
13490,***,***,43,Web development,2025-07-07,In-person
13491,***,***,43,Data Science,2025-03-20,In-person
13492,***,***,33,Software Engineering,2027-01-23,Online
13493,***,***,24,Data Engineering,2024-02-24,Online
13494,***,***,42,Machine Learning,2025-04-12,Online
13495,***,***,44,Data Science,2026-04-01,Online
13496,***,***,25,Web development,2027-02-05,Online
13497,***,***,43,Software Engineering,2025-12-16,In-person
13498,***,***,40,Web development,2026-11-04,Online
13499,***,***,39,Data Engineering,2024-04-29,Online
13500,***,***,35,Web development,2026-04-15,In-person
13501,***,***,26,Software Engineering,2026-07-23,Online
13502,***,***,38,Data Science,2027-05-06,Online
13503,***,***,39,Web development,2023-10-09,In-person
13504,***,***,34,Web development,2027-07-15,In-person
13505,***,***,23,Web development,2024-04-04,In-person
13506,***,***,27,Data Engineering,2023-09-25,In-person
13507,***,***,42,Web development,2025-02-19,Online
13508,***,***,39,Software Engineering,2026-10-25,Online
13509,***,***,41,Web development,2025-01-23,Online
13510,***,***,30,Data Engineering,2027-07-09,Online
13511,***,***,25,Data Engineering,2027-03-25,In-person
13512,***,***,44,Machine Learning,2027-01-19,In-person
13513,***,***,29,Software Engineering,2025-12-30,In-person
13514,***,***,40,Data Engineering,2026-11-26,In-person
13515,***,***,27,Web development,2023-10-30,In-person
13516,***,***,29,Web development,2025-03-01,Online
13517,***,***,25,Machine Learning,2025-04-15,In-person
13518,***,***,45,Software Engineering,2024-12-23,In-person
13519,***,***,25,Data Engineering,2027-08-13,Online
13520,***,***,37,Web development,2026-12-17,Online
13521,***,***,29,Data Science,2027-05-15,Online
13522,***,***,26,Software Engineering,2026-01-06,Online
13523,***,***,39,Software Engineering,2026-07-04,Online
13524,***,***,35,Data Science,2026-04-02,In-person
13525,***,***,41,Data Engineering,2024-09-21,In-person
13526,***,***,38,Machine Learning,2027-03-29,In-person
13527,***,***,26,Data Science,2023-04-07,Online
13528,***,***,39,Software Engineering,2027-06-16,In-person
13529,***,***,45,Machine Learning,2023-02-09,In-person
13530,***,***,39,Data Engineering,2025-04-07,Online
13531,***,***,37,Data Engineering,2023-06-04,Online
13532,***,***,38,Software Engineering,2023-07-18,Online
13533,***,***,41,Web development,2023-03-23,In-person
13534,***,***,31,Data Science,2025-09-22,Online
13535,***,***,41,Data Science,2025-10-20,In-person
13536,***,***,40,Software Engineering,2025-12-03,Online
13537,***,***,24,Web development,2023-02-02,Online
13538,***,***,39,Software Engineering,2024-06-06,In-person
13539,***,***,43,Data Science,2023-11-11,Online
13540,***,***,43,Machine Learning,2026-06-20,In-person
13541,***,***,26,Machine Learning,2025-08-19,In-person
13542,***,***,34,Web development,2027-07-12,Online
13543,***,***,27,Data Science,2025-06-16,Online
13544,***,***,38,Machine Learning,2026-01-03,Online
13545,***,***,36,Web development,2025-12-17,In-person
13546,***,***,40,Machine Learning,2025-04-02,Online
13547,***,***,33,Software Engineering,2023-10-20,Online
13548,***,***,42,Data Science,2024-03-12,Online
13549,***,***,26,Machine Learning,2027-04-29,In-person
13550,***,***,32,Software Engineering,2026-09-17,In-person
13551,***,***,34,Web development,2026-03-27,In-person
13552,***,***,30,Web development,2023-11-12,In-person
13553,***,***,40,Data Engineering,2025-04-22,Online
13554,***,***,26,Machine Learning,2024-03-16,Online
13555,***,***,27,Web development,2026-02-08,Online
13556,***,***,39,Data Engineering,2023-11-18,In-person
13557,***,***,38,Machine Learning,2025-03-27,Online
13558,***,***,35,Data Science,2026-07-09,Online
13559,***,***,27,Software Engineering,2025-05-16,Online
13560,***,***,38,Data Engineering,2026-12-27,In-person
13561,***,***,27,Web development,2024-01-24,In-person
13562,***,***,36,Machine Learning,2026-10-02,Online
13563,***,***,40,Web development,2026-02-25,Online
13564,***,***,33,Data Engineering,2024-01-08,Online
13565,***,***,25,Web development,2026-12-24,Online
13566,***,***,29,Web development,2023-10-02,In-person
13567,***,***,41,Data Science,2025-01-27,In-person
13568,***,***,29,Web development,2026-09-14,In-person
13569,***,***,40,Data Engineering,2025-07-07,Online
13570,***,***,39,Data Engineering,2027-05-17,Online
13571,***,***,26,Web development,2024-05-04,Online
13572,***,***,32,Data Science,2027-07-02,Online
13573,***,***,25,Machine Learning,2023-06-23,Online
13574,***,***,45,Web development,2026-12-15,Online
13575,***,***,44,Data Engineering,2026-08-11,Online
13576,***,***,26,Data Science,2025-08-31,Online
13577,***,***,44,Software Engineering,2024-09-04,In-person
13578,***,***,43,Software Engineering,2026-11-15,In-person
13579,***,***,33,Data Science,2026-10-28,Online
13580,***,***,30,Machine Learning,2027-06-11,In-person
13581,***,***,23,Data Engineering,2026-03-27,In-person
13582,***,***,43,Web development,2026-01-27,In-person
13583,***,***,35,Web development,2025-06-27,In-person
13584,***,***,38,Machine Learning,2025-04-12,In-person
13585,***,***,30,Web development,2025-06-03,In-person
13586,***,***,38,Software Engineering,2026-02-10,Online
13587,***,***,44,Machine Learning,2022-12-17,In-person
13588,***,***,41,Web development,2024-07-30,In-person
13589,***,***,37,Data Science,2024-11-07,In-person
13590,***,***,42,Software Engineering,2026-08-15,In-person
13591,***,***,29,Data Science,2024-12-22,In-person
13592,***,***,22,Software Engineering,2024-03-18,In-person
13593,***,***,45,Software Engineering,2027-09-02,In-person
13594,***,***,30,Software Engineering,2023-02-04,Online
13595,***,***,38,Web development,2024-11-10,In-person
13596,***,***,40,Machine Learning,2024-08-17,Online
13597,***,***,36,Data Engineering,2024-07-28,In-person
13598,***,***,40,Data Science,2024-04-15,In-person
13599,***,***,23,Machine Learning,2023-01-28,Online
13600,***,***,28,Machine Learning,2026-12-29,Online
13601,***,***,33,Software Engineering,2025-11-14,In-person
13602,***,***,40,Machine Learning,2026-06-27,In-person
13603,***,***,22,Web development,2024-12-04,In-person
13604,***,***,22,Data Engineering,2024-11-13,In-person
13605,***,***,44,Machine Learning,2027-04-06,In-person
13606,***,***,26,Machine Learning,2025-02-01,In-person
13607,***,***,27,Web development,2024-11-30,In-person
13608,***,***,25,Machine Learning,2024-10-21,Online
13609,***,***,43,Software Engineering,2025-04-28,Online
13610,***,***,35,Web development,2025-01-09,Online
13611,***,***,43,Data Science,2024-03-06,Online
13612,***,***,41,Data Science,2027-01-29,In-person
13613,***,***,33,Software Engineering,2024-06-19,In-person
13614,***,***,30,Data Engineering,2026-02-05,In-person
13615,***,***,28,Machine Learning,2025-08-13,Online
13616,***,***,39,Software Engineering,2024-02-12,Online
13617,***,***,32,Machine Learning,2026-06-11,In-person
13618,***,***,36,Data Science,2025-07-21,Online
13619,***,***,34,Data Engineering,2026-09-24,Online
13620,***,***,43,Data Engineering,2027-02-06,In-person
13621,***,***,31,Data Engineering,2026-10-31,Online
13622,***,***,26,Web development,2022-11-16,In-person
13623,***,***,38,Data Science,2025-12-19,Online
13624,***,***,24,Web development,2025-07-07,Online
13625,***,***,29,Machine Learning,2027-02-28,Online
13626,***,***,45,Web development,2024-10-28,Online
13627,***,***,38,Web development,2023-07-13,In-person
13628,***,***,30,Web development,2025-01-25,Online
13629,***,***,36,Machine Learning,2026-04-17,In-person
13630,***,***,37,Machine Learning,2025-01-12,Online
13631,***,***,30,Software Engineering,2024-02-02,In-person
13632,***,***,39,Data Engineering,2026-05-25,In-person
13633,***,***,34,Data Science,2023-04-23,Online
13634,***,***,31,Machine Learning,2022-10-29,In-person
13635,***,***,30,Web development,2026-02-03,In-person
13636,***,***,27,Software Engineering,2025-11-23,In-person
13637,***,***,35,Data Science,2024-02-17,Online
13638,***,***,38,Web development,2027-09-26,In-person
13639,***,***,45,Software Engineering,2026-03-31,Online
13640,***,***,33,Data Science,2022-12-06,In-person
13641,***,***,45,Machine Learning,2022-12-09,Online
13642,***,***,40,Machine Learning,2023-01-08,Online
13643,***,***,22,Software Engineering,2025-06-09,Online
13644,***,***,34,Data Engineering,2024-06-27,Online
13645,***,***,39,Data Engineering,2027-02-20,Online
13646,***,***,29,Machine Learning,2026-03-04,In-person
13647,***,***,31,Web development,2025-08-20,In-person
13648,***,***,34,Data Science,2023-05-23,In-person
13649,***,***,43,Data Engineering,2023-05-16,In-person
13650,***,***,33,Data Science,2025-11-08,In-person
13651,***,***,25,Machine Learning,2027-01-16,Online
13652,***,***,23,Web development,2026-04-25,In-person
13653,***,***,29,Data Engineering,2025-03-03,Online
13654,***,***,41,Software Engineering,2027-03-29,Online
13655,***,***,38,Data Science,2025-05-08,Online
13656,***,***,23,Web development,2025-09-23,Online
13657,***,***,31,Data Science,2023-08-14,In-person
13658,***,***,41,Software Engineering,2023-10-19,Online
13659,***,***,34,Machine Learning,2027-05-12,In-person
13660,***,***,38,Data Engineering,2023-09-09,In-person
13661,***,***,32,Software Engineering,2024-09-05,Online
13662,***,***,41,Machine Learning,2024-06-03,In-person
13663,***,***,37,Data Engineering,2027-08-08,Online
13664,***,***,32,Web development,2026-09-28,Online
13665,***,***,29,Software Engineering,2025-01-03,Online
13666,***,***,41,Data Engineering,2024-07-13,Online
13667,***,***,27,Web development,2024-03-30,Online
13668,***,***,45,Data Science,2023-12-26,In-person
13669,***,***,41,Data Science,2025-11-16,Online
13670,***,***,38,Data Engineering,2024-12-14,In-person
13671,***,***,36,Machine Learning,2024-02-20,In-person
13672,***,***,35,Data Engineering,2024-08-26,In-person
13673,***,***,43,Data Engineering,2026-04-16,Online
13674,***,***,41,Data Science,2025-07-08,In-person
13675,***,***,32,Data Engineering,2025-06-06,Online
13676,***,***,31,Web development,2022-10-24,In-person
13677,***,***,31,Web development,2024-11-26,In-person
13678,***,***,43,Data Engineering,2025-01-05,In-person
13679,***,***,37,Machine Learning,2023-11-21,In-person
13680,***,***,44,Machine Learning,2025-01-17,In-person
13681,***,***,34,Web development,2027-09-05,Online
13682,***,***,45,Web development,2027-04-04,In-person
13683,***,***,22,Data Engineering,2027-04-23,Online
13684,***,***,26,Data Science,2025-07-05,In-person
13685,***,***,37,Web development,2023-01-27,In-person
13686,***,***,29,Software Engineering,2024-12-23,Online
13687,***,***,26,Software Engineering,2025-09-02,In-person
13688,***,***,44,Web development,2023-09-25,In-person
13689,***,***,32,Web development,2024-10-31,Online
13690,***,***,32,Software Engineering,2025-03-06,In-person
13691,***,***,29,Software Engineering,2023-06-08,In-person
13692,***,***,45,Data Engineering,2023-01-13,Online
13693,***,***,33,Data Science,2025-12-07,Online
13694,***,***,29,Data Science,2025-04-23,In-person
13695,***,***,28,Machine Learning,2024-12-08,Online
13696,***,***,22,Web development,2023-06-18,Online
13697,***,***,32,Machine Learning,2027-05-13,In-person
13698,***,***,31,Software Engineering,2025-07-08,Online
13699,***,***,34,Machine Learning,2025-07-01,Online
13700,***,***,38,Software Engineering,2025-06-20,Online
13701,***,***,43,Web development,2023-04-06,In-person
13702,***,***,24,Web development,2023-06-24,Online
13703,***,***,35,Web development,2026-07-04,In-person
13704,***,***,45,Web development,2024-11-08,Online
13705,***,***,45,Data Science,2026-06-03,Online
13706,***,***,33,Data Engineering,2022-10-22,In-person
13707,***,***,32,Data Science,2026-02-10,In-person
13708,***,***,43,Data Engineering,2023-05-08,Online
13709,***,***,42,Data Science,2024-12-22,Online
13710,***,***,43,Software Engineering,2027-07-16,In-person
13711,***,***,22,Data Engineering,2023-04-28,Online
13712,***,***,27,Machine Learning,2023-05-17,In-person
13713,***,***,26,Machine Learning,2026-02-01,In-person
13714,***,***,25,Machine Learning,2023-01-16,Online
13715,***,***,25,Machine Learning,2026-09-07,In-person
13716,***,***,39,Machine Learning,2024-06-05,Online
13717,***,***,44,Software Engineering,2024-01-16,In-person
13718,***,***,29,Software Engineering,2024-09-03,Online
13719,***,***,31,Software Engineering,2024-10-27,In-person
13720,***,***,39,Data Engineering,2025-10-01,In-person
13721,***,***,27,Software Engineering,2027-05-30,In-person
13722,***,***,25,Machine Learning,2023-10-07,In-person
13723,***,***,28,Web development,2025-05-01,In-person
13724,***,***,43,Machine Learning,2026-10-25,In-person
13725,***,***,32,Software Engineering,2027-04-25,Online
13726,***,***,31,Data Engineering,2023-03-05,In-person
13727,***,***,41,Data Science,2025-09-09,Online
13728,***,***,25,Data Engineering,2024-06-07,Online
13729,***,***,26,Data Science,2025-02-24,In-person
13730,***,***,24,Data Science,2024-05-15,Online
13731,***,***,26,Data Science,2024-08-15,In-person
13732,***,***,41,Software Engineering,2025-06-17,In-person
13733,***,***,33,Machine Learning,2022-11-05,In-person
13734,***,***,35,Software Engineering,2025-11-07,Online
13735,***,***,45,Data Science,2027-04-25,Online
13736,***,***,42,Machine Learning,2022-12-17,Online
13737,***,***,35,Software Engineering,2024-11-15,Online
13738,***,***,39,Machine Learning,2025-07-29,Online
13739,***,***,23,Software Engineering,2022-11-12,In-person
13740,***,***,43,Machine Learning,2027-07-04,Online
13741,***,***,25,Data Engineering,2023-11-20,In-person
13742,***,***,25,Web development,2026-01-20,In-person
13743,***,***,42,Machine Learning,2027-01-26,In-person
13744,***,***,24,Data Science,2026-03-03,In-person
13745,***,***,43,Machine Learning,2026-09-23,Online
13746,***,***,38,Machine Learning,2026-04-28,In-person
13747,***,***,44,Machine Learning,2026-10-21,In-person
13748,***,***,39,Machine Learning,2027-09-10,Online
13749,***,***,29,Data Engineering,2023-07-10,Online
13750,***,***,38,Web development,2023-07-21,Online
13751,***,***,28,Web development,2023-07-04,In-person
13752,***,***,29,Machine Learning,2027-10-04,Online
13753,***,***,44,Machine Learning,2026-12-30,In-person
13754,***,***,22,Software Engineering,2027-09-22,Online
13755,***,***,36,Machine Learning,2026-06-12,Online
13756,***,***,29,Machine Learning,2024-09-26,Online
13757,***,***,39,Data Engineering,2024-02-18,Online
13758,***,***,45,Machine Learning,2025-01-25,In-person
13759,***,***,45,Data Science,2024-06-07,In-person
13760,***,***,27,Data Science,2025-07-22,Online
13761,***,***,39,Data Science,2025-03-22,Online
13762,***,***,25,Machine Learning,2023-01-27,In-person
13763,***,***,34,Machine Learning,2027-06-18,Online
13764,***,***,33,Software Engineering,2026-03-03,Online
13765,***,***,45,Web development,2025-04-20,In-person
13766,***,***,30,Web development,2026-03-22,In-person
13767,***,***,41,Data Science,2025-01-28,Online
13768,***,***,27,Software Engineering,2024-08-04,Online
13769,***,***,43,Machine Learning,2027-09-16,In-person
13770,***,***,25,Machine Learning,2024-08-03,Online
13771,***,***,32,Data Engineering,2027-09-16,Online
13772,***,***,35,Data Engineering,2022-11-15,In-person
13773,***,***,29,Machine Learning,2024-06-10,In-person
13774,***,***,24,Machine Learning,2023-04-05,Online
13775,***,***,39,Web development,2027-10-02,Online
13776,***,***,45,Web development,2024-02-11,In-person
13777,***,***,23,Data Science,2026-06-08,Online
13778,***,***,33,Machine Learning,2025-02-23,Online
13779,***,***,41,Web development,2026-05-20,Online
13780,***,***,24,Web development,2023-06-15,In-person
13781,***,***,42,Software Engineering,2026-05-04,In-person
13782,***,***,36,Data Science,2022-12-11,In-person
13783,***,***,32,Web development,2024-10-05,In-person
13784,***,***,28,Data Science,2023-05-29,In-person
13785,***,***,43,Software Engineering,2027-07-20,Online
13786,***,***,42,Data Science,2025-08-14,In-person
13787,***,***,39,Software Engineering,2024-10-21,In-person
13788,***,***,34,Software Engineering,2023-01-19,Online
13789,***,***,36,Software Engineering,2024-02-03,In-person
13790,***,***,34,Data Science,2026-11-25,In-person
13791,***,***,22,Data Science,2023-02-11,In-person
13792,***,***,33,Data Engineering,2026-08-08,In-person
13793,***,***,26,Data Engineering,2023-05-23,In-person
13794,***,***,45,Web development,2025-06-15,Online
13795,***,***,27,Web development,2027-06-07,Online
13796,***,***,34,Machine Learning,2023-07-07,In-person
13797,***,***,43,Data Science,2022-10-30,Online
13798,***,***,43,Web development,2022-10-26,Online
13799,***,***,42,Web development,2024-10-13,In-person
13800,***,***,37,Data Science,2026-09-23,In-person
13801,***,***,45,Web development,2026-01-22,Online
13802,***,***,22,Software Engineering,2023-11-09,In-person
13803,***,***,44,Web development,2023-07-30,In-person
13804,***,***,26,Data Science,2023-09-08,Online
13805,***,***,44,Software Engineering,2026-09-06,In-person
13806,***,***,25,Web development,2027-02-07,In-person
13807,***,***,43,Machine Learning,2024-10-28,Online
13808,***,***,25,Web development,2024-09-02,Online
13809,***,***,25,Software Engineering,2026-01-01,Online
13810,***,***,44,Data Engineering,2025-04-25,Online
13811,***,***,39,Web development,2023-05-03,In-person
13812,***,***,30,Web development,2023-05-16,Online
13813,***,***,27,Web development,2025-06-23,Online
13814,***,***,40,Software Engineering,2023-06-06,Online
13815,***,***,28,Software Engineering,2025-12-18,Online
13816,***,***,40,Data Science,2023-03-15,Online
13817,***,***,33,Software Engineering,2025-05-14,Online
13818,***,***,23,Software Engineering,2023-05-08,In-person
13819,***,***,33,Web development,2026-06-02,In-person
13820,***,***,42,Data Science,2022-11-12,Online
13821,***,***,32,Data Science,2027-01-26,Online
13822,***,***,38,Data Science,2027-06-21,In-person
13823,***,***,32,Data Science,2025-09-14,Online
13824,***,***,43,Web development,2024-05-11,Online
13825,***,***,43,Data Engineering,2023-01-30,In-person
13826,***,***,34,Software Engineering,2022-12-01,Online
13827,***,***,42,Machine Learning,2025-07-25,Online
13828,***,***,28,Web development,2024-10-03,Online
13829,***,***,34,Machine Learning,2025-08-31,In-person
13830,***,***,28,Machine Learning,2025-11-17,In-person
13831,***,***,26,Data Science,2023-11-14,Online
13832,***,***,32,Software Engineering,2026-04-02,Online
13833,***,***,30,Web development,2024-02-29,In-person
13834,***,***,39,Machine Learning,2025-01-14,In-person
13835,***,***,32,Machine Learning,2023-03-06,In-person
13836,***,***,38,Software Engineering,2025-03-19,Online
13837,***,***,38,Web development,2025-11-23,Online
13838,***,***,24,Data Science,2025-11-18,Online
13839,***,***,33,Software Engineering,2027-03-09,Online
13840,***,***,38,Web development,2024-07-17,Online
13841,***,***,23,Machine Learning,2027-10-03,Online
13842,***,***,23,Data Science,2025-05-24,Online
13843,***,***,30,Data Science,2026-09-20,Online
13844,***,***,25,Machine Learning,2026-05-21,In-person
13845,***,***,30,Data Science,2025-11-15,Online
13846,***,***,30,Data Engineering,2022-11-30,In-person
13847,***,***,35,Data Engineering,2023-06-29,In-person
13848,***,***,41,Data Science,2025-09-04,Online
13849,***,***,24,Machine Learning,2026-09-24,In-person
13850,***,***,26,Machine Learning,2023-03-02,Online
13851,***,***,31,Data Science,2024-06-12,In-person
13852,***,***,34,Data Engineering,2024-06-24,In-person
13853,***,***,36,Data Engineering,2023-10-26,In-person
13854,***,***,26,Machine Learning,2024-06-12,Online
13855,***,***,34,Data Engineering,2026-12-10,Online
13856,***,***,35,Machine Learning,2023-08-07,Online
13857,***,***,45,Machine Learning,2025-03-06,Online
13858,***,***,25,Web development,2023-09-08,In-person
13859,***,***,31,Machine Learning,2025-06-21,Online
13860,***,***,28,Data Engineering,2026-02-15,Online
13861,***,***,25,Data Engineering,2027-08-18,In-person
13862,***,***,38,Data Science,2024-08-21,Online
13863,***,***,43,Software Engineering,2025-06-29,Online
13864,***,***,37,Machine Learning,2026-08-16,In-person
13865,***,***,43,Machine Learning,2026-10-20,Online
13866,***,***,27,Software Engineering,2023-01-29,Online
13867,***,***,31,Machine Learning,2023-11-01,In-person
13868,***,***,40,Machine Learning,2023-08-22,In-person
13869,***,***,25,Data Engineering,2025-08-31,Online
13870,***,***,28,Data Engineering,2025-01-16,In-person
13871,***,***,37,Data Engineering,2023-01-02,Online
13872,***,***,25,Data Science,2025-01-10,Online
13873,***,***,29,Data Science,2024-05-04,In-person
13874,***,***,27,Web development,2023-08-20,In-person
13875,***,***,27,Web development,2024-11-06,Online
13876,***,***,31,Software Engineering,2023-07-10,Online
13877,***,***,39,Data Science,2024-03-27,Online
13878,***,***,36,Machine Learning,2026-04-09,Online
13879,***,***,34,Data Engineering,2023-01-08,Online
13880,***,***,32,Data Engineering,2025-04-03,Online
13881,***,***,24,Software Engineering,2023-04-17,In-person
13882,***,***,29,Data Engineering,2026-02-11,Online
13883,***,***,24,Software Engineering,2026-02-20,In-person
13884,***,***,44,Software Engineering,2025-01-29,Online
13885,***,***,42,Machine Learning,2027-05-03,In-person
13886,***,***,39,Data Science,2024-02-29,In-person
13887,***,***,39,Software Engineering,2026-03-07,In-person
13888,***,***,34,Software Engineering,2025-07-06,Online
13889,***,***,26,Machine Learning,2023-05-20,Online
13890,***,***,23,Software Engineering,2027-01-12,Online
13891,***,***,35,Data Science,2024-09-27,Online
13892,***,***,27,Software Engineering,2024-05-12,Online
13893,***,***,31,Software Engineering,2026-09-04,Online
13894,***,***,30,Software Engineering,2025-04-23,Online
13895,***,***,33,Data Science,2024-02-03,Online
13896,***,***,32,Data Engineering,2027-05-26,In-person
13897,***,***,34,Machine Learning,2025-10-31,In-person
13898,***,***,43,Software Engineering,2022-11-13,In-person
13899,***,***,39,Machine Learning,2027-06-15,In-person
13900,***,***,29,Machine Learning,2027-02-10,Online
13901,***,***,38,Machine Learning,2022-12-13,In-person
13902,***,***,41,Web development,2025-05-07,In-person
13903,***,***,33,Web development,2023-05-08,In-person
13904,***,***,34,Data Engineering,2024-09-11,Online
13905,***,***,41,Data Science,2024-10-09,Online
13906,***,***,44,Web development,2025-03-04,Online
13907,***,***,44,Machine Learning,2024-09-22,Online
13908,***,***,36,Software Engineering,2025-01-08,In-person
13909,***,***,33,Machine Learning,2024-02-21,Online
13910,***,***,35,Machine Learning,2024-11-11,In-person
13911,***,***,28,Web development,2025-06-28,In-person
13912,***,***,45,Data Engineering,2023-04-21,In-person
13913,***,***,22,Machine Learning,2023-06-07,Online
13914,***,***,40,Data Engineering,2022-11-17,Online
13915,***,***,24,Data Engineering,2026-06-11,Online
13916,***,***,22,Machine Learning,2025-09-27,Online
13917,***,***,23,Software Engineering,2024-04-10,Online
13918,***,***,44,Data Engineering,2027-10-09,In-person
13919,***,***,28,Web development,2023-06-24,In-person
13920,***,***,38,Machine Learning,2025-06-30,Online
13921,***,***,23,Software Engineering,2023-12-25,In-person
13922,***,***,26,Web development,2022-11-18,Online
13923,***,***,35,Software Engineering,2026-10-29,Online
13924,***,***,38,Data Engineering,2027-01-18,In-person
13925,***,***,28,Software Engineering,2025-02-08,In-person
13926,***,***,28,Web development,2027-04-24,In-person
13927,***,***,43,Data Science,2026-02-23,In-person
13928,***,***,23,Machine Learning,2027-06-20,Online
13929,***,***,24,Data Science,2025-11-08,In-person
13930,***,***,35,Software Engineering,2026-03-06,Online
13931,***,***,41,Data Engineering,2024-02-06,In-person
13932,***,***,38,Software Engineering,2026-10-24,Online
13933,***,***,33,Software Engineering,2023-11-26,In-person
13934,***,***,27,Machine Learning,2026-11-07,In-person
13935,***,***,26,Data Engineering,2027-09-13,In-person
13936,***,***,41,Web development,2027-02-26,In-person
13937,***,***,28,Software Engineering,2023-11-29,In-person
13938,***,***,45,Data Engineering,2027-03-29,Online
13939,***,***,31,Machine Learning,2023-01-26,Online
13940,***,***,31,Machine Learning,2024-09-04,Online
13941,***,***,35,Web development,2024-06-15,In-person
13942,***,***,42,Data Science,2023-09-02,Online
13943,***,***,32,Machine Learning,2027-02-05,Online
13944,***,***,40,Data Engineering,2026-11-09,Online
13945,***,***,28,Data Science,2026-12-07,In-person
13946,***,***,24,Data Engineering,2026-11-19,Online
13947,***,***,43,Machine Learning,2024-03-04,In-person
13948,***,***,44,Web development,2024-09-26,Online
13949,***,***,25,Machine Learning,2023-09-16,Online
13950,***,***,40,Data Engineering,2025-08-18,Online
13951,***,***,37,Machine Learning,2027-04-05,Online
13952,***,***,38,Web development,2026-11-24,Online
13953,***,***,25,Software Engineering,2025-07-13,In-person
13954,***,***,23,Data Engineering,2026-12-07,Online
13955,***,***,43,Web development,2026-11-01,Online
13956,***,***,30,Software Engineering,2025-05-19,In-person
13957,***,***,43,Web development,2027-03-24,In-person
13958,***,***,25,Machine Learning,2023-12-24,In-person
13959,***,***,28,Software Engineering,2026-11-28,In-person
13960,***,***,29,Web development,2025-11-10,In-person
13961,***,***,38,Machine Learning,2025-10-17,Online
13962,***,***,24,Data Engineering,2024-07-25,In-person
13963,***,***,28,Web development,2025-02-26,Online
13964,***,***,29,Machine Learning,2023-02-24,Online
13965,***,***,44,Data Science,2026-08-08,In-person
13966,***,***,29,Data Science,2026-02-03,Online
13967,***,***,32,Machine Learning,2023-05-10,In-person
13968,***,***,38,Web development,2025-10-13,In-person
13969,***,***,42,Data Engineering,2023-10-28,In-person
13970,***,***,31,Machine Learning,2024-08-20,Online
13971,***,***,32,Software Engineering,2026-07-15,Online
13972,***,***,33,Web development,2025-01-20,Online
13973,***,***,34,Data Engineering,2026-07-10,Online
13974,***,***,44,Data Engineering,2023-04-12,In-person
13975,***,***,39,Data Engineering,2027-03-12,In-person
13976,***,***,23,Web development,2027-01-19,In-person
13977,***,***,32,Software Engineering,2024-10-21,In-person
13978,***,***,31,Data Science,2023-04-15,Online
13979,***,***,43,Web development,2027-10-01,Online
13980,***,***,40,Software Engineering,2026-03-15,Online
13981,***,***,34,Data Science,2025-07-23,In-person
13982,***,***,36,Machine Learning,2027-05-03,Online
13983,***,***,29,Machine Learning,2024-02-04,In-person
13984,***,***,35,Software Engineering,2023-05-20,Online
13985,***,***,38,Data Engineering,2027-01-15,In-person
13986,***,***,33,Data Engineering,2027-08-24,In-person
13987,***,***,27,Web development,2023-10-17,In-person
13988,***,***,26,Machine Learning,2027-06-26,In-person
13989,***,***,35,Software Engineering,2022-11-04,In-person
13990,***,***,25,Data Engineering,2023-10-28,In-person
13991,***,***,26,Machine Learning,2026-05-05,In-person
13992,***,***,29,Web development,2024-09-06,In-person
13993,***,***,23,Software Engineering,2024-05-29,Online
13994,***,***,22,Data Science,2026-03-17,Online
13995,***,***,24,Software Engineering,2025-04-18,In-person
13996,***,***,37,Software Engineering,2026-04-05,Online
13997,***,***,29,Software Engineering,2023-04-18,In-person
13998,***,***,27,Web development,2026-11-18,Online
13999,***,***,26,Data Science,2025-07-29,Online
14000,***,***,40,Machine Learning,2023-04-15,Online
14001,***,***,37,Data Engineering,2026-07-02,Online
14002,***,***,38,Data Science,2023-07-23,Online
14003,***,***,33,Web development,2024-01-13,Online
14004,***,***,45,Web development,2023-04-23,In-person
14005,***,***,32,Data Science,2023-04-19,Online
14006,***,***,35,Data Science,2025-01-16,In-person
14007,***,***,28,Machine Learning,2025-07-13,In-person
14008,***,***,39,Machine Learning,2023-08-02,In-person
14009,***,***,24,Software Engineering,2026-02-26,Online
14010,***,***,34,Data Science,2025-12-01,Online
14011,***,***,31,Machine Learning,2027-09-20,In-person
14012,***,***,31,Data Science,2025-09-01,In-person
14013,***,***,26,Machine Learning,2025-09-25,Online
14014,***,***,39,Software Engineering,2023-09-22,In-person
14015,***,***,36,Data Engineering,2024-08-09,In-person
14016,***,***,23,Data Engineering,2027-06-23,Online
14017,***,***,37,Data Science,2027-06-06,Online
14018,***,***,35,Software Engineering,2024-12-20,Online
14019,***,***,34,Data Science,2025-05-09,Online
14020,***,***,32,Web development,2024-06-14,In-person
14021,***,***,43,Data Engineering,2025-04-28,Online
14022,***,***,34,Web development,2027-03-03,In-person
14023,***,***,36,Software Engineering,2025-08-06,In-person
14024,***,***,45,Software Engineering,2026-11-24,In-person
14025,***,***,25,Data Engineering,2025-12-22,In-person
14026,***,***,26,Web development,2025-04-22,Online
14027,***,***,43,Web development,2026-04-23,In-person
14028,***,***,26,Web development,2024-05-19,In-person
14029,***,***,22,Software Engineering,2024-12-31,In-person
14030,***,***,35,Data Science,2023-09-03,In-person
14031,***,***,40,Data Engineering,2023-11-09,Online
14032,***,***,35,Data Engineering,2025-07-31,Online
14033,***,***,39,Machine Learning,2024-02-23,In-person
14034,***,***,45,Data Science,2024-05-16,In-person
14035,***,***,42,Software Engineering,2026-12-01,In-person
14036,***,***,25,Data Engineering,2027-05-22,In-person
14037,***,***,43,Software Engineering,2026-08-03,In-person
14038,***,***,24,Data Science,2023-01-22,Online
14039,***,***,32,Machine Learning,2024-04-06,In-person
14040,***,***,42,Software Engineering,2026-07-04,In-person
14041,***,***,37,Web development,2024-11-19,In-person
14042,***,***,30,Data Engineering,2023-10-06,In-person
14043,***,***,33,Data Engineering,2024-03-18,In-person
14044,***,***,34,Data Engineering,2023-07-07,In-person
14045,***,***,37,Web development,2023-07-28,Online
14046,***,***,33,Software Engineering,2026-03-08,In-person
14047,***,***,22,Data Engineering,2027-10-07,Online
14048,***,***,22,Data Science,2024-05-01,In-person
14049,***,***,41,Software Engineering,2027-06-13,Online
14050,***,***,35,Data Science,2022-11-15,In-person
14051,***,***,39,Web development,2024-07-29,In-person
14052,***,***,45,Data Engineering,2025-01-15,In-person
14053,***,***,27,Machine Learning,2025-07-14,Online
14054,***,***,44,Web development,2026-01-11,In-person
14055,***,***,38,Data Science,2026-11-17,Online
14056,***,***,35,Machine Learning,2027-10-17,Online
14057,***,***,23,Software Engineering,2025-10-30,Online
14058,***,***,25,Web development,2024-11-30,Online
14059,***,***,37,Web development,2027-01-23,In-person
14060,***,***,37,Web development,2025-09-14,Online
14061,***,***,38,Data Engineering,2024-10-24,In-person
14062,***,***,26,Web development,2023-08-07,In-person
14063,***,***,30,Data Engineering,2026-10-27,Online
14064,***,***,31,Data Engineering,2025-03-08,In-person
14065,***,***,40,Software Engineering,2023-01-02,Online
14066,***,***,31,Web development,2024-10-29,In-person
14067,***,***,39,Machine Learning,2023-03-02,In-person
14068,***,***,43,Web development,2023-10-30,Online
14069,***,***,32,Data Engineering,2023-09-11,Online
14070,***,***,45,Software Engineering,2023-10-17,Online
14071,***,***,33,Software Engineering,2026-10-14,Online
14072,***,***,34,Web development,2025-07-29,In-person
14073,***,***,28,Software Engineering,2022-11-10,In-person
14074,***,***,26,Machine Learning,2025-11-13,Online
14075,***,***,44,Software Engineering,2024-10-02,Online
14076,***,***,24,Data Engineering,2025-11-13,In-person
14077,***,***,42,Software Engineering,2023-07-29,In-person
14078,***,***,22,Software Engineering,2025-12-10,Online
14079,***,***,28,Software Engineering,2026-01-27,In-person
14080,***,***,36,Data Engineering,2023-05-01,In-person
14081,***,***,38,Machine Learning,2026-07-26,In-person
14082,***,***,27,Software Engineering,2023-09-21,Online
14083,***,***,32,Machine Learning,2027-08-31,In-person
14084,***,***,41,Data Science,2027-04-26,In-person
14085,***,***,38,Web development,2025-10-26,In-person
14086,***,***,27,Data Engineering,2025-06-07,In-person
14087,***,***,41,Machine Learning,2023-02-22,In-person
14088,***,***,37,Data Science,2023-04-02,Online
14089,***,***,37,Web development,2024-08-01,Online
14090,***,***,30,Web development,2025-06-15,Online
14091,***,***,22,Machine Learning,2026-03-31,In-person
14092,***,***,43,Machine Learning,2027-08-23,Online
14093,***,***,31,Data Engineering,2023-12-22,Online
14094,***,***,31,Software Engineering,2024-01-11,In-person
14095,***,***,42,Data Engineering,2023-11-28,In-person
14096,***,***,26,Software Engineering,2024-02-29,In-person
14097,***,***,26,Machine Learning,2026-03-26,Online
14098,***,***,33,Machine Learning,2026-01-17,In-person
14099,***,***,31,Machine Learning,2026-05-23,Online
14100,***,***,37,Web development,2025-04-14,Online
14101,***,***,33,Software Engineering,2024-07-04,In-person
14102,***,***,34,Data Engineering,2025-05-02,In-person
14103,***,***,22,Data Engineering,2027-06-21,In-person
14104,***,***,44,Web development,2024-09-30,Online
14105,***,***,38,Data Science,2023-11-16,Online
14106,***,***,27,Software Engineering,2024-01-17,In-person
14107,***,***,29,Web development,2022-12-04,In-person
14108,***,***,27,Web development,2026-03-22,In-person
14109,***,***,42,Web development,2023-01-16,In-person
14110,***,***,28,Machine Learning,2024-04-08,In-person
14111,***,***,31,Data Science,2023-07-08,Online
14112,***,***,38,Data Engineering,2023-10-18,Online
14113,***,***,36,Machine Learning,2022-11-17,Online
14114,***,***,36,Web development,2026-09-20,Online
14115,***,***,25,Machine Learning,2025-04-14,Online
14116,***,***,39,Software Engineering,2024-04-28,In-person
14117,***,***,29,Data Science,2023-01-02,Online
14118,***,***,44,Machine Learning,2023-09-28,Online
14119,***,***,33,Web development,2026-04-07,Online
14120,***,***,35,Data Engineering,2025-03-14,In-person
14121,***,***,38,Data Engineering,2023-02-09,Online
14122,***,***,34,Data Engineering,2026-09-28,In-person
14123,***,***,29,Data Engineering,2025-07-30,In-person
14124,***,***,33,Software Engineering,2025-01-31,Online
14125,***,***,30,Web development,2023-10-29,In-person
14126,***,***,39,Data Engineering,2024-03-27,In-person
14127,***,***,26,Data Science,2024-11-19,Online
14128,***,***,31,Software Engineering,2026-04-12,In-person
14129,***,***,43,Data Engineering,2024-11-22,In-person
14130,***,***,45,Software Engineering,2027-05-21,Online
14131,***,***,22,Data Science,2023-05-21,Online
14132,***,***,34,Machine Learning,2023-07-24,In-person
14133,***,***,30,Web development,2027-10-06,In-person
14134,***,***,38,Software Engineering,2023-07-11,Online
14135,***,***,28,Data Science,2025-09-28,In-person
14136,***,***,23,Data Science,2023-08-28,Online
14137,***,***,42,Web development,2023-12-10,Online
14138,***,***,39,Web development,2027-07-26,Online
14139,***,***,34,Web development,2026-11-15,Online
14140,***,***,41,Software Engineering,2026-06-28,In-person
14141,***,***,22,Software Engineering,2024-05-21,Online
14142,***,***,41,Software Engineering,2023-07-04,In-person
14143,***,***,37,Data Science,2023-09-26,In-person
14144,***,***,45,Web development,2024-05-05,Online
14145,***,***,43,Software Engineering,2026-08-23,In-person
14146,***,***,32,Data Science,2027-03-24,In-person
14147,***,***,44,Software Engineering,2027-06-23,Online
14148,***,***,29,Web development,2023-07-29,In-person
14149,***,***,41,Software Engineering,2023-10-27,In-person
14150,***,***,42,Web development,2024-02-19,Online
14151,***,***,25,Web development,2025-09-19,In-person
14152,***,***,23,Machine Learning,2025-08-08,Online
14153,***,***,24,Web development,2025-04-24,In-person
14154,***,***,35,Software Engineering,2022-11-06,In-person
14155,***,***,40,Data Science,2023-11-28,In-person
14156,***,***,36,Machine Learning,2026-05-05,In-person
14157,***,***,44,Data Science,2023-03-17,In-person
14158,***,***,43,Software Engineering,2024-06-09,In-person
14159,***,***,40,Machine Learning,2023-11-18,Online
14160,***,***,38,Software Engineering,2025-07-27,In-person
14161,***,***,39,Web development,2024-01-25,In-person
14162,***,***,36,Data Science,2025-11-09,In-person
14163,***,***,26,Data Engineering,2025-08-07,In-person
14164,***,***,23,Web development,2023-01-02,In-person
14165,***,***,39,Software Engineering,2026-03-17,Online
14166,***,***,37,Data Science,2027-03-26,In-person
14167,***,***,33,Web development,2026-09-29,In-person
14168,***,***,37,Data Engineering,2026-08-08,Online
14169,***,***,22,Data Science,2025-01-08,In-person
14170,***,***,32,Data Engineering,2023-11-24,In-person
14171,***,***,23,Data Engineering,2025-09-14,In-person
14172,***,***,33,Machine Learning,2026-05-12,Online
14173,***,***,38,Data Engineering,2027-03-01,In-person
14174,***,***,39,Web development,2026-02-09,In-person
14175,***,***,42,Data Science,2025-10-20,Online
14176,***,***,25,Data Engineering,2024-11-13,In-person
14177,***,***,33,Data Engineering,2026-01-03,Online
14178,***,***,24,Software Engineering,2024-12-30,In-person
14179,***,***,36,Data Engineering,2023-03-08,Online
14180,***,***,37,Machine Learning,2022-12-17,In-person
14181,***,***,28,Web development,2027-03-15,In-person
14182,***,***,44,Web development,2023-03-30,Online
14183,***,***,30,Data Engineering,2024-12-02,Online
14184,***,***,28,Data Engineering,2024-06-01,Online
14185,***,***,42,Machine Learning,2024-01-07,Online
14186,***,***,22,Data Science,2025-09-02,In-person
14187,***,***,31,Data Science,2026-11-07,Online
14188,***,***,24,Software Engineering,2023-08-22,In-person
14189,***,***,23,Web development,2023-09-01,Online
14190,***,***,36,Data Engineering,2026-01-31,In-person
14191,***,***,44,Web development,2027-06-04,Online
14192,***,***,44,Web development,2023-09-22,In-person
14193,***,***,31,Web development,2024-08-08,Online
14194,***,***,40,Data Science,2023-06-05,Online
14195,***,***,23,Data Engineering,2023-07-10,In-person
14196,***,***,34,Software Engineering,2027-01-12,Online
14197,***,***,43,Software Engineering,2025-01-27,In-person
14198,***,***,31,Software Engineering,2024-08-27,In-person
14199,***,***,31,Machine Learning,2025-05-01,In-person
14200,***,***,37,Software Engineering,2026-04-27,In-person
14201,***,***,30,Data Science,2024-11-15,In-person
14202,***,***,39,Data Science,2022-11-25,In-person
14203,***,***,42,Data Science,2025-01-12,Online
14204,***,***,35,Web development,2022-10-27,Online
14205,***,***,44,Machine Learning,2026-05-17,In-person
14206,***,***,27,Data Science,2027-03-04,Online
14207,***,***,39,Software Engineering,2023-03-07,In-person
14208,***,***,28,Machine Learning,2025-02-11,In-person
14209,***,***,44,Software Engineering,2025-11-23,Online
14210,***,***,29,Software Engineering,2023-02-04,Online
14211,***,***,37,Web development,2027-10-02,In-person
14212,***,***,42,Software Engineering,2023-10-21,In-person
14213,***,***,23,Machine Learning,2027-05-12,In-person
14214,***,***,43,Web development,2026-01-30,In-person
14215,***,***,42,Data Engineering,2027-02-06,Online
14216,***,***,36,Data Engineering,2024-04-08,Online
14217,***,***,36,Data Science,2026-04-16,In-person
14218,***,***,23,Machine Learning,2022-12-17,Online
14219,***,***,35,Software Engineering,2022-12-26,Online
14220,***,***,44,Web development,2027-01-15,Online
14221,***,***,26,Data Engineering,2022-12-13,Online
14222,***,***,31,Web development,2023-08-19,Online
14223,***,***,45,Machine Learning,2026-05-07,In-person
14224,***,***,35,Data Science,2026-04-30,Online
14225,***,***,39,Software Engineering,2027-02-17,In-person
14226,***,***,39,Data Engineering,2025-11-25,In-person
14227,***,***,42,Web development,2025-07-14,Online
14228,***,***,35,Web development,2027-07-16,In-person
14229,***,***,35,Data Science,2026-02-12,In-person
14230,***,***,26,Web development,2024-08-08,In-person
14231,***,***,22,Machine Learning,2027-07-18,In-person
14232,***,***,42,Data Science,2024-01-11,In-person
14233,***,***,29,Software Engineering,2025-03-07,In-person
14234,***,***,45,Web development,2024-02-23,Online
14235,***,***,40,Software Engineering,2024-01-01,Online
14236,***,***,38,Data Science,2023-03-22,Online
14237,***,***,38,Data Science,2025-06-10,In-person
14238,***,***,28,Machine Learning,2027-06-19,Online
14239,***,***,31,Data Engineering,2023-06-13,Online
14240,***,***,23,Web development,2025-11-09,In-person
14241,***,***,28,Web development,2023-09-08,Online
14242,***,***,39,Web development,2024-08-22,Online
14243,***,***,35,Web development,2026-09-21,Online
14244,***,***,30,Data Engineering,2026-11-16,Online
14245,***,***,25,Software Engineering,2023-09-26,Online
14246,***,***,41,Web development,2025-12-13,Online
14247,***,***,28,Data Science,2025-10-03,Online
14248,***,***,34,Software Engineering,2024-01-12,Online
14249,***,***,32,Data Science,2023-12-18,In-person
14250,***,***,27,Machine Learning,2024-12-25,In-person
14251,***,***,44,Web development,2023-12-30,Online
14252,***,***,23,Web development,2026-01-17,Online
14253,***,***,44,Data Science,2025-02-22,In-person
14254,***,***,26,Data Science,2025-01-11,In-person
14255,***,***,36,Software Engineering,2026-02-14,In-person
14256,***,***,22,Data Engineering,2027-09-17,Online
14257,***,***,23,Machine Learning,2025-01-16,In-person
14258,***,***,36,Software Engineering,2024-10-21,In-person
14259,***,***,37,Web development,2026-09-25,In-person
14260,***,***,38,Web development,2024-11-02,In-person
14261,***,***,37,Machine Learning,2026-05-27,Online
14262,***,***,36,Web development,2024-11-16,In-person
14263,***,***,22,Software Engineering,2025-12-17,Online
14264,***,***,24,Machine Learning,2026-04-20,Online
14265,***,***,41,Data Science,2025-12-23,In-person
14266,***,***,25,Data Engineering,2024-11-04,In-person
14267,***,***,34,Software Engineering,2023-05-20,In-person
14268,***,***,22,Machine Learning,2025-01-19,In-person
14269,***,***,33,Machine Learning,2024-02-22,Online
14270,***,***,31,Software Engineering,2027-08-03,Online
14271,***,***,43,Web development,2023-02-28,In-person
14272,***,***,41,Software Engineering,2027-04-05,Online
14273,***,***,44,Data Science,2024-09-15,Online
14274,***,***,29,Web development,2027-04-02,Online
14275,***,***,34,Data Science,2026-03-16,In-person
14276,***,***,36,Data Science,2027-06-17,In-person
14277,***,***,40,Data Science,2025-03-05,In-person
14278,***,***,24,Data Science,2023-11-13,Online
14279,***,***,32,Web development,2025-07-04,Online
14280,***,***,28,Web development,2023-03-24,In-person
14281,***,***,29,Machine Learning,2025-07-25,In-person
14282,***,***,33,Software Engineering,2025-08-18,In-person
14283,***,***,24,Machine Learning,2026-05-31,In-person
14284,***,***,37,Data Engineering,2026-03-18,In-person
14285,***,***,39,Software Engineering,2024-02-23,Online
14286,***,***,39,Data Science,2025-12-30,In-person
14287,***,***,39,Data Science,2024-01-26,In-person
14288,***,***,26,Software Engineering,2023-08-16,In-person
14289,***,***,24,Software Engineering,2024-02-04,In-person
14290,***,***,40,Machine Learning,2026-01-07,In-person
14291,***,***,34,Machine Learning,2027-05-01,Online
14292,***,***,26,Machine Learning,2027-08-05,In-person
14293,***,***,23,Data Science,2026-06-26,In-person
14294,***,***,28,Data Science,2026-12-30,Online
14295,***,***,33,Machine Learning,2026-12-03,In-person
14296,***,***,43,Software Engineering,2025-09-08,Online
14297,***,***,39,Web development,2026-08-22,Online
14298,***,***,38,Software Engineering,2026-12-24,In-person
14299,***,***,37,Data Science,2024-06-16,In-person
14300,***,***,37,Data Science,2026-05-05,In-person
14301,***,***,42,Web development,2027-10-11,Online
14302,***,***,45,Data Engineering,2023-07-05,Online
14303,***,***,31,Software Engineering,2024-08-05,Online
14304,***,***,32,Software Engineering,2024-01-05,Online
14305,***,***,28,Machine Learning,2025-01-08,In-person
14306,***,***,25,Web development,2025-11-22,In-person
14307,***,***,37,Software Engineering,2026-10-14,Online
14308,***,***,37,Machine Learning,2024-09-05,Online
14309,***,***,44,Web development,2025-09-08,In-person
14310,***,***,32,Data Engineering,2023-08-07,Online
14311,***,***,27,Software Engineering,2025-03-09,Online
14312,***,***,42,Data Science,2025-11-16,In-person
14313,***,***,27,Data Engineering,2025-05-27,Online
14314,***,***,30,Data Science,2023-12-08,Online
14315,***,***,40,Web development,2022-12-19,In-person
14316,***,***,44,Machine Learning,2025-01-08,Online
14317,***,***,37,Machine Learning,2023-03-27,Online
14318,***,***,30,Web development,2027-03-10,Online
14319,***,***,44,Data Engineering,2027-07-22,Online
14320,***,***,37,Data Science,2025-07-18,Online
14321,***,***,36,Machine Learning,2022-11-08,Online
14322,***,***,38,Machine Learning,2026-09-22,Online
14323,***,***,24,Software Engineering,2023-11-16,Online
14324,***,***,31,Web development,2026-07-30,In-person
14325,***,***,40,Software Engineering,2027-07-05,Online
14326,***,***,40,Software Engineering,2025-06-28,In-person
14327,***,***,22,Software Engineering,2023-08-21,In-person
14328,***,***,42,Data Engineering,2024-04-03,Online
14329,***,***,27,Web development,2023-06-07,Online
14330,***,***,38,Machine Learning,2026-07-05,Online
14331,***,***,26,Software Engineering,2026-12-14,Online
14332,***,***,40,Web development,2025-06-10,Online
14333,***,***,44,Machine Learning,2024-04-15,Online
14334,***,***,43,Data Engineering,2024-12-09,Online
14335,***,***,44,Machine Learning,2023-07-02,In-person
14336,***,***,31,Web development,2026-12-20,In-person
14337,***,***,30,Machine Learning,2025-09-19,Online
14338,***,***,36,Machine Learning,2027-10-13,Online
14339,***,***,23,Machine Learning,2023-06-05,Online
14340,***,***,33,Web development,2025-12-09,Online
14341,***,***,42,Data Engineering,2025-08-19,Online
14342,***,***,41,Machine Learning,2024-03-20,In-person
14343,***,***,35,Web development,2027-06-23,In-person
14344,***,***,28,Data Science,2024-05-06,In-person
14345,***,***,40,Machine Learning,2023-02-28,In-person
14346,***,***,37,Data Engineering,2025-08-12,In-person
14347,***,***,36,Machine Learning,2025-12-09,In-person
14348,***,***,24,Data Engineering,2027-06-03,In-person
14349,***,***,30,Software Engineering,2026-09-18,In-person
14350,***,***,40,Web development,2027-09-16,Online
14351,***,***,43,Software Engineering,2026-08-17,Online
14352,***,***,25,Software Engineering,2024-04-25,Online
14353,***,***,45,Software Engineering,2026-01-25,Online
14354,***,***,34,Data Engineering,2026-06-10,In-person
14355,***,***,40,Software Engineering,2023-11-16,Online
14356,***,***,22,Web development,2025-08-26,Online
14357,***,***,33,Data Science,2027-07-09,In-person
14358,***,***,33,Data Science,2027-05-20,In-person
14359,***,***,33,Machine Learning,2027-10-05,In-person
14360,***,***,29,Software Engineering,2027-09-04,Online
14361,***,***,43,Data Engineering,2026-02-09,In-person
14362,***,***,36,Software Engineering,2027-05-13,In-person
14363,***,***,23,Software Engineering,2027-09-23,Online
14364,***,***,45,Machine Learning,2023-03-29,Online
14365,***,***,28,Data Science,2025-05-19,Online
14366,***,***,27,Software Engineering,2024-11-10,Online
14367,***,***,23,Data Engineering,2026-07-31,In-person
14368,***,***,28,Data Engineering,2026-11-14,In-person
14369,***,***,24,Software Engineering,2024-06-23,In-person
14370,***,***,22,Web development,2024-06-21,In-person
14371,***,***,43,Data Engineering,2023-02-18,Online
14372,***,***,43,Software Engineering,2025-03-27,Online
14373,***,***,25,Data Engineering,2026-03-28,In-person
14374,***,***,23,Machine Learning,2026-12-06,In-person
14375,***,***,31,Data Engineering,2026-05-01,In-person
14376,***,***,44,Machine Learning,2025-07-10,In-person
14377,***,***,35,Data Engineering,2027-06-29,Online
14378,***,***,26,Machine Learning,2024-04-11,In-person
14379,***,***,44,Data Engineering,2023-05-29,Online
14380,***,***,26,Software Engineering,2025-01-10,Online
14381,***,***,24,Machine Learning,2025-04-09,Online
14382,***,***,32,Data Science,2023-11-27,In-person
14383,***,***,42,Data Science,2024-12-20,In-person
14384,***,***,25,Machine Learning,2023-03-10,In-person
14385,***,***,37,Web development,2027-02-26,Online
14386,***,***,44,Machine Learning,2022-11-24,Online
14387,***,***,30,Data Engineering,2026-02-02,In-person
14388,***,***,41,Data Engineering,2025-12-17,In-person
14389,***,***,38,Software Engineering,2027-03-26,In-person
14390,***,***,36,Machine Learning,2026-06-21,In-person
14391,***,***,45,Web development,2027-05-13,Online
14392,***,***,27,Data Science,2025-12-28,Online
14393,***,***,33,Machine Learning,2025-11-13,Online
14394,***,***,22,Machine Learning,2026-02-23,Online
14395,***,***,44,Data Engineering,2025-05-04,In-person
14396,***,***,41,Data Science,2023-09-15,Online
14397,***,***,42,Web development,2023-04-14,Online
14398,***,***,38,Web development,2024-03-08,Online
14399,***,***,39,Software Engineering,2026-08-25,In-person
14400,***,***,22,Web development,2025-03-24,In-person
14401,***,***,35,Data Science,2024-01-01,Online
14402,***,***,28,Machine Learning,2025-05-11,Online
14403,***,***,44,Machine Learning,2025-08-09,In-person
14404,***,***,42,Data Science,2027-08-07,In-person
14405,***,***,24,Web development,2023-09-21,Online
14406,***,***,33,Machine Learning,2024-11-16,In-person
14407,***,***,39,Machine Learning,2025-06-01,Online
14408,***,***,39,Machine Learning,2024-01-05,In-person
14409,***,***,23,Machine Learning,2023-03-14,Online
14410,***,***,24,Machine Learning,2024-12-11,In-person
14411,***,***,23,Data Science,2024-06-02,Online
14412,***,***,38,Data Engineering,2023-04-11,Online
14413,***,***,42,Data Science,2026-05-16,In-person
14414,***,***,23,Data Engineering,2027-08-07,In-person
14415,***,***,41,Software Engineering,2025-09-27,In-person
14416,***,***,27,Software Engineering,2022-11-23,In-person
14417,***,***,24,Machine Learning,2023-06-27,In-person
14418,***,***,34,Software Engineering,2026-02-11,Online
14419,***,***,36,Web development,2026-02-28,Online
14420,***,***,43,Machine Learning,2027-10-07,In-person
14421,***,***,44,Data Science,2025-07-18,Online
14422,***,***,26,Software Engineering,2027-05-10,Online
14423,***,***,23,Machine Learning,2026-06-11,Online
14424,***,***,36,Data Engineering,2026-01-09,In-person
14425,***,***,41,Software Engineering,2025-08-18,Online
14426,***,***,30,Web development,2026-11-29,In-person
14427,***,***,36,Web development,2026-09-13,Online
14428,***,***,41,Web development,2024-12-03,Online
14429,***,***,36,Software Engineering,2027-01-06,Online
14430,***,***,44,Software Engineering,2027-06-20,In-person
14431,***,***,28,Software Engineering,2025-03-27,Online
14432,***,***,23,Machine Learning,2024-09-07,Online
14433,***,***,35,Machine Learning,2024-12-13,Online
14434,***,***,28,Data Science,2022-12-19,Online
14435,***,***,25,Data Science,2022-12-26,In-person
14436,***,***,27,Data Science,2024-08-20,In-person
14437,***,***,23,Machine Learning,2026-06-11,In-person
14438,***,***,34,Data Science,2025-04-24,Online
14439,***,***,38,Web development,2026-03-20,In-person
14440,***,***,41,Data Science,2025-07-30,In-person
14441,***,***,34,Data Science,2022-10-19,Online
14442,***,***,29,Machine Learning,2026-11-12,In-person
14443,***,***,27,Software Engineering,2025-11-08,In-person
14444,***,***,43,Machine Learning,2026-11-28,Online
14445,***,***,33,Data Engineering,2025-09-18,In-person
14446,***,***,29,Software Engineering,2025-09-29,In-person
14447,***,***,45,Data Science,2023-05-03,In-person
14448,***,***,27,Machine Learning,2025-02-09,Online
14449,***,***,36,Data Engineering,2027-07-08,Online
14450,***,***,38,Software Engineering,2026-06-18,In-person
14451,***,***,30,Data Engineering,2027-08-30,In-person
14452,***,***,41,Data Science,2027-04-08,Online
14453,***,***,41,Web development,2023-08-24,In-person
14454,***,***,35,Data Engineering,2024-07-10,Online
14455,***,***,23,Data Science,2026-03-01,In-person
14456,***,***,38,Software Engineering,2025-10-16,Online
14457,***,***,22,Machine Learning,2027-07-05,Online
14458,***,***,30,Data Science,2022-12-30,Online
14459,***,***,32,Data Science,2024-07-01,In-person
14460,***,***,22,Machine Learning,2024-12-21,Online
14461,***,***,37,Data Engineering,2027-01-02,Online
14462,***,***,28,Web development,2023-09-24,In-person
14463,***,***,42,Machine Learning,2025-02-04,In-person
14464,***,***,33,Data Science,2026-09-20,In-person
14465,***,***,26,Data Science,2023-09-05,In-person
14466,***,***,29,Software Engineering,2026-11-21,Online
14467,***,***,41,Data Science,2027-07-28,Online
14468,***,***,44,Software Engineering,2022-12-04,Online
14469,***,***,38,Data Engineering,2023-09-06,In-person
14470,***,***,37,Machine Learning,2024-11-12,Online
14471,***,***,41,Software Engineering,2024-03-07,Online
14472,***,***,26,Machine Learning,2024-05-27,Online
14473,***,***,30,Data Engineering,2026-01-26,Online
14474,***,***,40,Machine Learning,2024-11-03,Online
14475,***,***,41,Data Science,2024-03-24,Online
14476,***,***,31,Data Science,2025-04-25,In-person
14477,***,***,37,Machine Learning,2025-01-28,In-person
14478,***,***,26,Data Engineering,2027-05-28,In-person
14479,***,***,22,Data Engineering,2024-08-04,In-person
14480,***,***,25,Software Engineering,2026-09-07,Online
14481,***,***,23,Data Engineering,2024-04-02,In-person
14482,***,***,31,Machine Learning,2025-03-19,In-person
14483,***,***,29,Data Science,2025-03-11,Online
14484,***,***,37,Software Engineering,2026-10-11,In-person
14485,***,***,28,Data Engineering,2025-07-08,Online
14486,***,***,42,Web development,2022-11-15,Online
14487,***,***,36,Software Engineering,2025-07-20,Online
14488,***,***,42,Software Engineering,2025-12-22,In-person
14489,***,***,45,Data Science,2023-05-10,In-person
14490,***,***,29,Machine Learning,2027-01-31,In-person
14491,***,***,37,Machine Learning,2025-10-18,Online
14492,***,***,27,Data Engineering,2027-07-31,In-person
14493,***,***,27,Machine Learning,2023-05-22,In-person
14494,***,***,37,Software Engineering,2025-09-19,Online
14495,***,***,31,Software Engineering,2027-09-19,Online
14496,***,***,24,Data Engineering,2026-11-28,In-person
14497,***,***,27,Web development,2027-04-30,In-person
14498,***,***,37,Data Science,2025-02-12,In-person
14499,***,***,40,Machine Learning,2023-03-20,In-person
14500,***,***,25,Data Engineering,2026-06-14,In-person
14501,***,***,40,Machine Learning,2023-01-19,In-person
14502,***,***,30,Data Engineering,2023-03-04,In-person
14503,***,***,29,Data Science,2025-06-30,In-person
14504,***,***,34,Data Engineering,2026-10-29,In-person
14505,***,***,36,Machine Learning,2022-11-04,In-person
14506,***,***,38,Web development,2023-09-14,Online
14507,***,***,37,Data Engineering,2027-05-03,Online
14508,***,***,45,Software Engineering,2022-12-11,In-person
14509,***,***,30,Machine Learning,2022-12-23,Online
14510,***,***,35,Data Science,2023-12-27,Online
14511,***,***,29,Web development,2027-06-17,In-person
14512,***,***,32,Data Engineering,2026-04-04,In-person
14513,***,***,39,Software Engineering,2027-04-02,Online
14514,***,***,32,Web development,2025-07-24,In-person
14515,***,***,42,Machine Learning,2027-01-06,Online
14516,***,***,31,Data Engineering,2026-02-15,Online
14517,***,***,34,Software Engineering,2025-06-24,Online
14518,***,***,24,Software Engineering,2023-03-26,In-person
14519,***,***,22,Data Engineering,2023-02-27,Online
14520,***,***,30,Data Science,2027-04-01,Online
14521,***,***,33,Web development,2027-01-29,Online
14522,***,***,35,Data Engineering,2027-04-08,In-person
14523,***,***,42,Software Engineering,2023-11-28,In-person
14524,***,***,31,Software Engineering,2026-04-26,In-person
14525,***,***,37,Data Science,2026-11-05,In-person
14526,***,***,24,Data Engineering,2023-08-16,Online
14527,***,***,26,Web development,2025-10-05,Online
14528,***,***,27,Machine Learning,2026-11-21,In-person
14529,***,***,28,Web development,2027-02-19,In-person
14530,***,***,33,Software Engineering,2022-12-20,In-person
14531,***,***,27,Machine Learning,2027-01-21,Online
14532,***,***,26,Web development,2025-01-26,In-person
14533,***,***,25,Web development,2027-02-28,In-person
14534,***,***,45,Software Engineering,2024-12-14,Online
14535,***,***,41,Machine Learning,2026-03-08,Online
14536,***,***,23,Web development,2024-03-26,Online
14537,***,***,25,Web development,2027-10-14,Online
14538,***,***,33,Data Science,2024-10-10,In-person
14539,***,***,42,Web development,2024-06-03,Online
14540,***,***,45,Software Engineering,2026-07-27,Online
14541,***,***,25,Data Science,2026-04-21,Online
14542,***,***,25,Software Engineering,2023-02-10,Online
14543,***,***,29,Data Engineering,2027-01-03,Online
14544,***,***,34,Software Engineering,2024-08-24,In-person
14545,***,***,25,Web development,2024-11-04,Online
14546,***,***,37,Data Engineering,2024-12-24,In-person
14547,***,***,40,Data Science,2027-05-29,In-person
14548,***,***,28,Data Engineering,2024-06-15,In-person
14549,***,***,30,Machine Learning,2024-03-22,In-person
14550,***,***,22,Web development,2027-05-07,Online
14551,***,***,27,Machine Learning,2022-10-21,In-person
14552,***,***,34,Machine Learning,2025-06-04,Online
14553,***,***,24,Web development,2023-12-28,Online
14554,***,***,31,Machine Learning,2023-01-08,Online
14555,***,***,27,Machine Learning,2024-07-13,In-person
14556,***,***,44,Data Engineering,2023-09-12,Online
14557,***,***,23,Software Engineering,2022-11-19,In-person
14558,***,***,33,Data Science,2025-04-22,In-person
14559,***,***,35,Machine Learning,2026-04-08,In-person
14560,***,***,36,Web development,2024-07-30,Online
14561,***,***,42,Software Engineering,2024-03-22,Online
14562,***,***,35,Web development,2024-03-31,Online
14563,***,***,44,Data Science,2024-04-29,Online
14564,***,***,30,Data Engineering,2024-07-22,Online
14565,***,***,23,Data Engineering,2023-07-07,In-person
14566,***,***,42,Data Engineering,2025-09-12,In-person
14567,***,***,36,Data Engineering,2022-10-29,In-person
14568,***,***,26,Web development,2027-09-07,In-person
14569,***,***,34,Machine Learning,2023-01-14,In-person
14570,***,***,25,Data Science,2025-08-06,In-person
14571,***,***,45,Data Engineering,2027-09-17,Online
14572,***,***,38,Software Engineering,2026-05-22,In-person
14573,***,***,40,Data Engineering,2026-08-15,Online
14574,***,***,24,Data Science,2024-11-24,Online
14575,***,***,44,Data Science,2027-05-03,Online
14576,***,***,27,Software Engineering,2023-01-08,In-person
14577,***,***,25,Software Engineering,2027-10-11,Online
14578,***,***,34,Data Science,2023-09-21,Online
14579,***,***,26,Machine Learning,2023-05-09,In-person
14580,***,***,40,Data Science,2026-03-18,In-person
14581,***,***,25,Software Engineering,2025-06-02,Online
14582,***,***,22,Data Engineering,2024-08-30,Online
14583,***,***,22,Data Science,2026-01-31,Online
14584,***,***,44,Machine Learning,2024-09-30,Online
14585,***,***,34,Web development,2026-02-06,In-person
14586,***,***,43,Software Engineering,2027-03-20,In-person
14587,***,***,40,Data Engineering,2026-12-16,Online
14588,***,***,31,Web development,2026-03-17,Online
14589,***,***,22,Web development,2027-03-16,Online
14590,***,***,38,Data Engineering,2026-06-21,Online
14591,***,***,37,Machine Learning,2025-09-27,Online
14592,***,***,22,Web development,2024-02-25,Online
14593,***,***,44,Software Engineering,2027-03-15,Online
14594,***,***,42,Software Engineering,2026-09-13,Online
14595,***,***,31,Software Engineering,2026-08-27,In-person
14596,***,***,27,Data Engineering,2025-08-18,In-person
14597,***,***,22,Data Science,2022-11-03,In-person
14598,***,***,43,Machine Learning,2025-03-29,In-person
14599,***,***,43,Machine Learning,2025-06-22,In-person
14600,***,***,28,Machine Learning,2023-06-23,Online
14601,***,***,24,Software Engineering,2025-07-20,In-person
14602,***,***,24,Machine Learning,2023-10-08,Online
14603,***,***,33,Web development,2025-11-12,Online
14604,***,***,45,Web development,2027-03-18,Online
14605,***,***,33,Software Engineering,2025-08-18,In-person
14606,***,***,24,Data Engineering,2024-06-10,Online
14607,***,***,33,Data Engineering,2025-06-26,In-person
14608,***,***,24,Machine Learning,2025-05-23,In-person
14609,***,***,38,Data Science,2024-11-06,In-person
14610,***,***,36,Machine Learning,2023-01-26,Online
14611,***,***,23,Data Science,2024-12-18,In-person
14612,***,***,32,Machine Learning,2024-12-21,Online
14613,***,***,23,Data Engineering,2024-02-17,Online
14614,***,***,27,Data Science,2024-02-08,Online
14615,***,***,34,Machine Learning,2027-02-21,Online
14616,***,***,45,Web development,2026-02-01,In-person
14617,***,***,24,Machine Learning,2026-07-17,Online
14618,***,***,29,Software Engineering,2026-09-30,In-person
14619,***,***,23,Web development,2023-01-22,Online
14620,***,***,35,Web development,2027-02-24,In-person
14621,***,***,40,Data Science,2026-04-26,Online
14622,***,***,39,Data Engineering,2023-10-29,In-person
14623,***,***,41,Data Engineering,2025-07-15,In-person
14624,***,***,34,Data Engineering,2027-06-04,In-person
14625,***,***,41,Data Engineering,2025-09-19,In-person
14626,***,***,30,Machine Learning,2025-07-30,Online
14627,***,***,28,Software Engineering,2024-10-11,Online
14628,***,***,28,Web development,2025-08-20,Online
14629,***,***,38,Machine Learning,2025-09-19,Online
14630,***,***,31,Machine Learning,2024-07-15,Online
14631,***,***,42,Machine Learning,2023-04-12,In-person
14632,***,***,41,Web development,2025-03-19,In-person
14633,***,***,29,Data Science,2025-11-13,Online
14634,***,***,28,Machine Learning,2027-08-20,Online
14635,***,***,44,Software Engineering,2027-05-17,In-person
14636,***,***,45,Data Engineering,2027-10-13,Online
14637,***,***,43,Data Science,2027-08-29,Online
14638,***,***,36,Data Science,2024-12-28,In-person
14639,***,***,32,Web development,2026-06-17,In-person
14640,***,***,25,Machine Learning,2026-01-31,In-person
14641,***,***,30,Data Science,2026-05-12,Online
14642,***,***,26,Data Engineering,2027-07-06,Online
14643,***,***,25,Data Engineering,2025-02-22,In-person
14644,***,***,43,Data Engineering,2024-07-15,Online
14645,***,***,31,Machine Learning,2025-03-26,In-person
14646,***,***,29,Data Engineering,2022-11-08,Online
14647,***,***,28,Web development,2024-09-03,In-person
14648,***,***,31,Data Science,2025-05-28,Online
14649,***,***,27,Web development,2027-07-30,Online
14650,***,***,36,Data Science,2024-10-14,Online
14651,***,***,41,Machine Learning,2024-04-14,In-person
14652,***,***,36,Data Engineering,2023-07-22,Online
14653,***,***,34,Machine Learning,2027-09-28,In-person
14654,***,***,38,Software Engineering,2026-07-16,In-person
14655,***,***,35,Machine Learning,2023-04-11,Online
14656,***,***,24,Software Engineering,2027-05-25,Online
14657,***,***,23,Web development,2026-04-23,Online
14658,***,***,22,Web development,2025-05-05,Online
14659,***,***,43,Data Science,2024-06-09,In-person
14660,***,***,32,Software Engineering,2024-07-09,In-person
14661,***,***,39,Software Engineering,2025-05-16,Online
14662,***,***,26,Web development,2027-02-21,Online
14663,***,***,27,Software Engineering,2024-01-28,In-person
14664,***,***,33,Data Engineering,2026-06-23,In-person
14665,***,***,44,Machine Learning,2027-10-02,Online
14666,***,***,38,Data Engineering,2024-03-26,In-person
14667,***,***,45,Web development,2022-10-26,Online
14668,***,***,33,Data Science,2023-05-23,In-person
14669,***,***,35,Web development,2024-01-04,Online
14670,***,***,28,Machine Learning,2022-12-08,In-person
14671,***,***,38,Data Science,2023-10-24,In-person
14672,***,***,34,Data Science,2023-04-28,Online
14673,***,***,27,Software Engineering,2025-09-01,In-person
14674,***,***,33,Machine Learning,2026-11-21,In-person
14675,***,***,31,Software Engineering,2026-05-16,Online
14676,***,***,37,Data Engineering,2026-04-13,In-person
14677,***,***,27,Data Engineering,2027-03-03,Online
14678,***,***,31,Web development,2027-02-20,In-person
14679,***,***,40,Software Engineering,2024-11-13,Online
14680,***,***,43,Data Engineering,2025-01-01,Online
14681,***,***,23,Machine Learning,2024-12-13,Online
14682,***,***,41,Software Engineering,2024-02-12,Online
14683,***,***,28,Data Engineering,2024-10-21,Online
14684,***,***,25,Data Science,2025-11-24,Online
14685,***,***,39,Data Engineering,2026-10-25,In-person
14686,***,***,37,Software Engineering,2027-03-29,Online
14687,***,***,36,Data Engineering,2025-11-28,Online
14688,***,***,42,Machine Learning,2025-10-28,Online
14689,***,***,27,Data Science,2023-08-22,In-person
14690,***,***,35,Machine Learning,2023-10-14,In-person
14691,***,***,45,Web development,2026-02-28,In-person
14692,***,***,41,Software Engineering,2023-12-18,Online
14693,***,***,35,Machine Learning,2027-07-16,In-person
14694,***,***,38,Software Engineering,2027-01-24,Online
14695,***,***,43,Data Engineering,2023-11-22,Online
14696,***,***,35,Data Engineering,2023-08-25,Online
14697,***,***,26,Machine Learning,2023-11-14,Online
14698,***,***,44,Data Science,2027-06-10,In-person
14699,***,***,39,Machine Learning,2025-10-25,In-person
14700,***,***,43,Web development,2023-01-13,In-person
14701,***,***,35,Web development,2025-07-14,In-person
14702,***,***,26,Data Engineering,2025-12-10,Online
14703,***,***,23,Machine Learning,2024-04-04,Online
14704,***,***,42,Software Engineering,2023-12-18,Online
14705,***,***,36,Web development,2026-08-18,Online
14706,***,***,22,Machine Learning,2024-03-24,In-person
14707,***,***,23,Machine Learning,2026-03-22,In-person
14708,***,***,37,Web development,2026-03-24,In-person
14709,***,***,33,Web development,2026-07-17,In-person
14710,***,***,30,Software Engineering,2027-06-01,In-person
14711,***,***,41,Web development,2026-08-14,Online
14712,***,***,29,Machine Learning,2023-09-18,Online
14713,***,***,39,Data Science,2027-10-12,In-person
14714,***,***,35,Data Science,2024-01-26,In-person
14715,***,***,45,Web development,2025-11-25,Online
14716,***,***,22,Software Engineering,2026-03-24,In-person
14717,***,***,24,Software Engineering,2024-01-09,In-person
14718,***,***,24,Software Engineering,2027-07-11,In-person
14719,***,***,24,Machine Learning,2027-02-12,In-person
14720,***,***,37,Web development,2023-05-16,Online
14721,***,***,41,Software Engineering,2026-04-28,Online
14722,***,***,33,Data Engineering,2027-10-12,Online
14723,***,***,30,Data Engineering,2022-10-31,Online
14724,***,***,42,Data Engineering,2023-03-25,Online
14725,***,***,44,Data Engineering,2025-06-20,In-person
14726,***,***,35,Data Science,2023-01-05,In-person
14727,***,***,42,Data Engineering,2023-06-24,In-person
14728,***,***,33,Software Engineering,2025-01-20,Online
14729,***,***,35,Data Engineering,2026-05-23,Online
14730,***,***,24,Web development,2026-05-08,In-person
14731,***,***,40,Software Engineering,2026-04-14,In-person
14732,***,***,33,Data Engineering,2024-11-09,In-person
14733,***,***,45,Data Science,2026-05-11,In-person
14734,***,***,40,Software Engineering,2025-08-13,In-person
14735,***,***,35,Web development,2025-02-12,In-person
14736,***,***,33,Software Engineering,2027-09-17,In-person
14737,***,***,31,Data Engineering,2026-12-17,Online
14738,***,***,35,Web development,2026-07-28,In-person
14739,***,***,27,Machine Learning,2025-07-25,Online
14740,***,***,35,Data Science,2025-08-29,In-person
14741,***,***,38,Data Science,2025-07-27,Online
14742,***,***,23,Data Engineering,2024-12-12,In-person
14743,***,***,34,Machine Learning,2023-12-11,Online
14744,***,***,38,Data Science,2024-03-17,In-person
14745,***,***,38,Software Engineering,2027-05-04,In-person
14746,***,***,39,Data Science,2026-04-06,Online
14747,***,***,23,Data Science,2027-03-26,Online
14748,***,***,34,Data Science,2027-03-11,In-person
14749,***,***,25,Software Engineering,2026-07-27,In-person
14750,***,***,45,Software Engineering,2026-04-13,In-person
14751,***,***,23,Data Science,2024-01-30,In-person
14752,***,***,45,Web development,2027-05-23,Online
14753,***,***,26,Data Science,2025-06-11,Online
14754,***,***,24,Data Science,2025-02-24,Online
14755,***,***,25,Machine Learning,2023-12-10,In-person
14756,***,***,25,Data Science,2024-08-15,In-person
14757,***,***,44,Machine Learning,2025-12-10,In-person
14758,***,***,43,Data Science,2023-03-28,Online
14759,***,***,35,Web development,2024-01-04,Online
14760,***,***,42,Web development,2025-12-13,Online
14761,***,***,36,Data Science,2024-03-21,Online
14762,***,***,43,Web development,2026-11-27,Online
14763,***,***,28,Web development,2025-06-04,Online
14764,***,***,34,Machine Learning,2026-11-08,In-person
14765,***,***,43,Data Engineering,2023-06-28,Online
14766,***,***,33,Software Engineering,2022-12-22,In-person
14767,***,***,30,Web development,2026-02-11,Online
14768,***,***,22,Web development,2025-12-18,In-person
14769,***,***,29,Web development,2023-11-17,Online
14770,***,***,42,Data Engineering,2023-06-15,In-person
14771,***,***,22,Web development,2027-07-16,Online
14772,***,***,30,Data Engineering,2025-11-02,In-person
14773,***,***,39,Web development,2027-05-16,Online
14774,***,***,42,Software Engineering,2024-09-09,In-person
14775,***,***,28,Software Engineering,2023-04-02,Online
14776,***,***,44,Data Engineering,2025-07-15,Online
14777,***,***,31,Web development,2022-10-24,In-person
14778,***,***,29,Machine Learning,2024-06-16,In-person
14779,***,***,28,Web development,2024-03-05,Online
14780,***,***,31,Machine Learning,2027-05-14,Online
14781,***,***,34,Data Engineering,2027-04-22,In-person
14782,***,***,22,Web development,2024-02-24,In-person
14783,***,***,44,Web development,2023-05-15,In-person
14784,***,***,24,Machine Learning,2024-08-02,In-person
14785,***,***,27,Data Engineering,2023-06-23,In-person
14786,***,***,23,Machine Learning,2025-03-16,In-person
14787,***,***,39,Data Science,2023-10-01,Online
14788,***,***,42,Software Engineering,2025-04-22,Online
14789,***,***,31,Software Engineering,2023-09-11,In-person
14790,***,***,26,Software Engineering,2024-03-14,In-person
14791,***,***,24,Machine Learning,2025-02-24,In-person
14792,***,***,33,Data Science,2027-06-20,Online
14793,***,***,38,Data Engineering,2027-09-24,Online
14794,***,***,22,Data Engineering,2024-02-06,In-person
14795,***,***,37,Software Engineering,2026-07-05,In-person
14796,***,***,26,Data Engineering,2026-11-12,Online
14797,***,***,32,Machine Learning,2025-04-22,In-person
14798,***,***,32,Data Engineering,2023-05-13,In-person
14799,***,***,43,Data Engineering,2027-06-23,Online
14800,***,***,22,Software Engineering,2024-09-17,In-person
14801,***,***,22,Data Engineering,2026-12-13,Online
14802,***,***,23,Data Science,2024-01-11,Online
14803,***,***,37,Software Engineering,2027-09-13,In-person
14804,***,***,44,Data Science,2026-12-12,In-person
14805,***,***,24,Data Engineering,2024-11-18,In-person
14806,***,***,28,Data Engineering,2025-08-16,Online
14807,***,***,39,Data Engineering,2026-09-21,Online
14808,***,***,37,Machine Learning,2027-02-26,In-person
14809,***,***,23,Data Science,2023-02-24,In-person
14810,***,***,26,Software Engineering,2027-02-27,In-person
14811,***,***,42,Machine Learning,2023-05-30,Online
14812,***,***,40,Web development,2025-10-07,In-person
14813,***,***,22,Software Engineering,2024-09-29,In-person
14814,***,***,30,Data Science,2022-12-03,Online
14815,***,***,38,Machine Learning,2025-12-15,Online
14816,***,***,24,Machine Learning,2024-07-15,In-person
14817,***,***,33,Machine Learning,2023-01-26,In-person
14818,***,***,41,Data Engineering,2024-01-27,In-person
14819,***,***,39,Web development,2025-09-19,In-person
14820,***,***,45,Web development,2024-12-03,In-person
14821,***,***,41,Data Engineering,2026-09-06,Online
14822,***,***,27,Machine Learning,2026-06-17,Online
14823,***,***,32,Machine Learning,2027-10-12,Online
14824,***,***,40,Data Engineering,2027-07-19,Online
14825,***,***,44,Software Engineering,2027-03-12,In-person
14826,***,***,25,Data Science,2023-03-23,In-person
14827,***,***,22,Software Engineering,2023-11-05,In-person
14828,***,***,34,Data Science,2023-11-23,In-person
14829,***,***,29,Software Engineering,2024-11-26,Online
14830,***,***,36,Web development,2027-10-10,Online
14831,***,***,38,Data Engineering,2024-11-23,In-person
14832,***,***,33,Data Engineering,2026-06-28,Online
14833,***,***,43,Software Engineering,2026-04-16,Online
14834,***,***,41,Web development,2026-02-28,Online
14835,***,***,35,Machine Learning,2027-04-16,In-person
14836,***,***,23,Data Engineering,2025-12-07,In-person
14837,***,***,28,Software Engineering,2023-01-17,In-person
14838,***,***,36,Machine Learning,2027-10-02,Online
14839,***,***,35,Web development,2025-08-31,Online
14840,***,***,40,Software Engineering,2024-11-04,In-person
14841,***,***,28,Web development,2026-01-10,Online
14842,***,***,23,Software Engineering,2025-03-05,In-person
14843,***,***,29,Web development,2025-08-13,Online
14844,***,***,25,Data Engineering,2025-10-31,In-person
14845,***,***,25,Data Engineering,2026-07-07,Online
14846,***,***,37,Web development,2023-02-28,In-person
14847,***,***,39,Data Science,2026-10-10,Online
14848,***,***,26,Data Engineering,2023-02-20,Online
14849,***,***,31,Data Engineering,2027-05-26,In-person
14850,***,***,31,Software Engineering,2027-04-08,In-person
14851,***,***,44,Machine Learning,2027-05-13,Online
14852,***,***,41,Machine Learning,2025-06-23,Online
14853,***,***,40,Machine Learning,2024-01-04,Online
14854,***,***,34,Web development,2027-09-24,Online
14855,***,***,26,Data Engineering,2023-12-02,Online
14856,***,***,33,Data Science,2024-05-26,Online
14857,***,***,37,Web development,2024-08-22,In-person
14858,***,***,45,Data Science,2027-06-08,In-person
14859,***,***,41,Web development,2023-08-26,In-person
14860,***,***,26,Machine Learning,2025-05-23,Online
14861,***,***,22,Data Engineering,2025-04-28,Online
14862,***,***,22,Web development,2023-10-04,Online
14863,***,***,28,Data Engineering,2024-10-18,Online
14864,***,***,28,Software Engineering,2023-02-04,Online
14865,***,***,35,Web development,2025-04-19,Online
14866,***,***,36,Web development,2026-04-11,Online
14867,***,***,32,Software Engineering,2023-04-01,Online
14868,***,***,41,Data Science,2027-06-17,Online
14869,***,***,25,Data Engineering,2026-01-12,In-person
14870,***,***,28,Data Science,2024-12-09,Online
14871,***,***,26,Data Engineering,2022-12-25,In-person
14872,***,***,39,Software Engineering,2023-08-15,Online
14873,***,***,34,Software Engineering,2026-08-02,Online
14874,***,***,44,Data Science,2025-04-16,Online
14875,***,***,41,Machine Learning,2026-04-01,In-person
14876,***,***,35,Machine Learning,2025-01-29,In-person
14877,***,***,45,Data Science,2024-10-15,In-person
14878,***,***,33,Web development,2024-01-12,Online
14879,***,***,23,Data Engineering,2026-06-02,In-person
14880,***,***,38,Software Engineering,2024-02-12,In-person
14881,***,***,39,Machine Learning,2025-08-19,Online
14882,***,***,35,Machine Learning,2025-08-05,Online
14883,***,***,31,Web development,2023-09-24,In-person
14884,***,***,44,Data Engineering,2023-11-11,In-person
14885,***,***,36,Software Engineering,2026-02-02,Online
14886,***,***,32,Software Engineering,2024-03-17,Online
14887,***,***,24,Machine Learning,2025-12-12,In-person
14888,***,***,29,Data Science,2026-01-08,Online
14889,***,***,36,Data Science,2024-10-23,In-person
14890,***,***,37,Data Engineering,2025-02-02,In-person
14891,***,***,40,Machine Learning,2024-12-30,Online
14892,***,***,39,Machine Learning,2024-05-06,Online
14893,***,***,42,Machine Learning,2023-02-10,In-person
14894,***,***,38,Web development,2023-05-07,Online
14895,***,***,36,Data Science,2022-11-16,In-person
14896,***,***,30,Software Engineering,2023-05-02,Online
14897,***,***,35,Machine Learning,2025-04-23,In-person
14898,***,***,36,Web development,2023-06-23,Online
14899,***,***,33,Data Engineering,2025-10-01,In-person
14900,***,***,29,Software Engineering,2024-03-12,Online
14901,***,***,36,Data Science,2027-08-10,Online
14902,***,***,39,Data Science,2025-12-09,Online
14903,***,***,45,Machine Learning,2027-07-05,Online
14904,***,***,35,Data Engineering,2027-09-12,Online
14905,***,***,30,Software Engineering,2026-05-15,In-person
14906,***,***,42,Machine Learning,2023-10-11,In-person
14907,***,***,28,Web development,2025-02-07,In-person
14908,***,***,27,Data Engineering,2023-08-23,Online
14909,***,***,33,Data Science,2025-07-11,In-person
14910,***,***,40,Software Engineering,2024-06-04,In-person
14911,***,***,22,Web development,2026-03-13,Online
14912,***,***,25,Machine Learning,2023-02-19,In-person
14913,***,***,34,Web development,2027-01-22,Online
14914,***,***,39,Data Engineering,2025-01-07,In-person
14915,***,***,27,Data Science,2022-12-06,In-person
14916,***,***,31,Software Engineering,2026-06-30,In-person
14917,***,***,37,Data Science,2026-08-19,In-person
14918,***,***,40,Machine Learning,2027-08-09,Online
14919,***,***,44,Web development,2022-11-19,In-person
14920,***,***,37,Software Engineering,2025-06-04,Online
14921,***,***,37,Data Science,2026-07-03,In-person
14922,***,***,43,Software Engineering,2025-01-12,Online
14923,***,***,27,Data Science,2024-07-16,In-person
14924,***,***,45,Machine Learning,2023-01-26,Online
14925,***,***,44,Software Engineering,2025-03-25,Online
14926,***,***,33,Machine Learning,2027-07-03,Online
14927,***,***,41,Data Engineering,2023-06-23,In-person
14928,***,***,22,Web development,2025-05-27,Online
14929,***,***,26,Software Engineering,2026-10-11,Online
14930,***,***,23,Data Science,2023-07-15,In-person
14931,***,***,25,Data Science,2024-09-22,In-person
14932,***,***,35,Data Science,2025-02-18,In-person
14933,***,***,29,Web development,2023-08-14,In-person
14934,***,***,28,Web development,2022-10-27,In-person
14935,***,***,42,Data Engineering,2025-12-14,In-person
14936,***,***,44,Web development,2024-05-13,Online
14937,***,***,27,Machine Learning,2022-12-13,In-person
14938,***,***,36,Software Engineering,2023-08-03,In-person
14939,***,***,37,Data Science,2024-03-03,Online
14940,***,***,40,Web development,2023-05-18,In-person
14941,***,***,32,Software Engineering,2027-01-19,Online
14942,***,***,26,Machine Learning,2026-01-02,In-person
14943,***,***,44,Data Engineering,2024-10-09,Online
14944,***,***,44,Machine Learning,2025-06-04,In-person
14945,***,***,31,Data Science,2024-02-26,Online
14946,***,***,24,Data Engineering,2026-03-05,In-person
14947,***,***,32,Machine Learning,2022-12-20,Online
14948,***,***,26,Software Engineering,2024-09-27,In-person
14949,***,***,31,Data Science,2025-03-20,In-person
14950,***,***,42,Data Science,2027-03-20,In-person
14951,***,***,24,Software Engineering,2027-10-03,Online
14952,***,***,40,Software Engineering,2024-03-14,Online
14953,***,***,38,Data Engineering,2025-12-04,In-person
14954,***,***,41,Machine Learning,2026-07-11,Online
14955,***,***,37,Web development,2024-11-14,Online
14956,***,***,45,Software Engineering,2027-06-08,Online
14957,***,***,26,Data Engineering,2023-03-23,In-person
14958,***,***,45,Data Engineering,2027-05-31,Online
14959,***,***,25,Software Engineering,2027-02-06,In-person
14960,***,***,32,Web development,2025-10-11,Online
14961,***,***,24,Machine Learning,2026-03-12,Online
14962,***,***,29,Data Science,2025-09-23,In-person
14963,***,***,23,Software Engineering,2026-05-06,In-person
14964,***,***,44,Machine Learning,2025-12-28,In-person
14965,***,***,35,Web development,2025-08-14,Online
14966,***,***,24,Web development,2024-04-01,Online
14967,***,***,32,Machine Learning,2024-03-11,Online
14968,***,***,38,Web development,2027-04-30,In-person
14969,***,***,27,Web development,2024-11-21,Online
14970,***,***,27,Machine Learning,2026-10-24,Online
14971,***,***,30,Web development,2023-12-01,Online
14972,***,***,24,Data Science,2027-07-02,Online
14973,***,***,35,Web development,2025-07-16,Online
14974,***,***,37,Machine Learning,2024-06-19,Online
14975,***,***,27,Data Science,2024-07-14,Online
14976,***,***,43,Data Science,2023-03-21,In-person
14977,***,***,45,Software Engineering,2026-10-27,Online
14978,***,***,32,Web development,2024-10-05,Online
14979,***,***,44,Data Engineering,2025-09-01,In-person
14980,***,***,23,Software Engineering,2027-05-28,Online
14981,***,***,25,Data Engineering,2025-11-26,Online
14982,***,***,22,Software Engineering,2024-08-13,In-person
14983,***,***,39,Software Engineering,2025-08-12,In-person
14984,***,***,39,Data Engineering,2025-06-30,Online
14985,***,***,34,Data Science,2023-02-06,In-person
14986,***,***,42,Software Engineering,2027-03-12,Online
14987,***,***,26,Data Engineering,2027-02-11,In-person
14988,***,***,27,Data Engineering,2023-01-06,Online
14989,***,***,42,Web development,2025-03-27,Online
14990,***,***,22,Software Engineering,2027-06-15,In-person
14991,***,***,45,Data Science,2026-06-25,In-person
14992,***,***,35,Data Science,2027-02-25,In-person
14993,***,***,33,Software Engineering,2027-05-09,In-person
14994,***,***,23,Software Engineering,2025-03-16,In-person
14995,***,***,39,Web development,2025-01-15,Online
14996,***,***,42,Data Science,2025-04-27,Online
14997,***,***,36,Data Science,2027-05-23,Online
14998,***,***,29,Web development,2027-03-22,In-person
14999,***,***,37,Web development,2024-05-11,Online
15000,***,***,34,Data Science,2026-08-14,In-person
15001,***,***,39,Software Engineering,2026-12-06,Online
15002,***,***,44,Web development,2025-02-08,In-person
15003,***,***,29,Web development,2027-09-07,Online
15004,***,***,27,Machine Learning,2025-04-22,In-person
15005,***,***,35,Web development,2024-10-30,Online
15006,***,***,22,Data Engineering,2026-09-30,Online
15007,***,***,28,Machine Learning,2024-05-30,Online
15008,***,***,39,Software Engineering,2024-08-25,In-person
15009,***,***,30,Web development,2023-05-04,In-person
15010,***,***,32,Software Engineering,2026-03-22,In-person
15011,***,***,37,Web development,2024-10-12,Online
15012,***,***,26,Data Science,2026-05-19,Online
15013,***,***,30,Software Engineering,2024-11-13,In-person
15014,***,***,32,Data Engineering,2025-08-28,Online
15015,***,***,30,Data Engineering,2027-04-14,Online
15016,***,***,43,Data Science,2027-03-27,Online
15017,***,***,41,Machine Learning,2025-07-29,Online
15018,***,***,27,Web development,2024-08-15,In-person
15019,***,***,29,Data Science,2026-09-29,Online
15020,***,***,22,Data Engineering,2025-11-11,Online
15021,***,***,37,Machine Learning,2023-05-04,Online
15022,***,***,32,Software Engineering,2023-11-13,Online
15023,***,***,26,Data Science,2026-05-18,In-person
15024,***,***,37,Web development,2026-07-15,Online
15025,***,***,42,Data Science,2026-10-08,In-person
15026,***,***,34,Data Science,2024-01-01,In-person
15027,***,***,29,Software Engineering,2026-09-04,In-person
15028,***,***,34,Machine Learning,2025-07-07,Online
15029,***,***,26,Software Engineering,2027-01-22,In-person
15030,***,***,37,Data Engineering,2025-04-13,In-person
15031,***,***,23,Web development,2025-01-10,Online
15032,***,***,38,Machine Learning,2023-07-08,Online
15033,***,***,40,Data Science,2026-10-22,In-person
15034,***,***,31,Data Science,2024-07-11,In-person
15035,***,***,30,Machine Learning,2027-03-30,In-person
15036,***,***,43,Data Engineering,2024-11-21,In-person
15037,***,***,35,Machine Learning,2024-09-29,Online
15038,***,***,25,Software Engineering,2026-11-08,In-person
15039,***,***,37,Software Engineering,2025-03-01,In-person
15040,***,***,39,Software Engineering,2026-08-24,Online
15041,***,***,30,Software Engineering,2024-04-07,Online
15042,***,***,35,Data Science,2023-11-16,Online
15043,***,***,38,Data Science,2023-06-24,In-person
15044,***,***,36,Data Engineering,2025-11-08,In-person
15045,***,***,24,Machine Learning,2023-12-10,Online
15046,***,***,27,Web development,2023-11-14,In-person
15047,***,***,32,Data Engineering,2022-10-21,Online
15048,***,***,30,Data Science,2023-09-06,Online
15049,***,***,31,Data Science,2023-03-22,In-person
15050,***,***,23,Machine Learning,2024-01-30,In-person
15051,***,***,37,Data Engineering,2025-05-28,In-person
15052,***,***,35,Web development,2026-10-09,In-person
15053,***,***,44,Web development,2024-11-09,Online
15054,***,***,41,Data Engineering,2023-11-06,Online
15055,***,***,25,Software Engineering,2024-01-09,In-person
15056,***,***,44,Machine Learning,2027-05-18,In-person
15057,***,***,30,Machine Learning,2023-02-17,In-person
15058,***,***,40,Software Engineering,2026-05-16,In-person
15059,***,***,23,Machine Learning,2027-02-22,Online
15060,***,***,34,Web development,2026-06-05,In-person
15061,***,***,44,Software Engineering,2023-10-28,In-person
15062,***,***,24,Machine Learning,2025-11-20,Online
15063,***,***,23,Web development,2026-12-17,Online
15064,***,***,28,Software Engineering,2027-06-11,In-person
15065,***,***,28,Data Science,2024-07-22,Online
15066,***,***,24,Software Engineering,2025-09-22,Online
15067,***,***,39,Data Science,2024-05-17,Online
15068,***,***,27,Data Engineering,2025-01-04,Online
15069,***,***,23,Web development,2026-12-03,In-person
15070,***,***,30,Software Engineering,2027-03-09,Online
15071,***,***,29,Web development,2025-02-17,Online
15072,***,***,25,Software Engineering,2027-09-23,Online
15073,***,***,29,Data Science,2027-09-27,In-person
15074,***,***,36,Data Science,2025-01-27,Online
15075,***,***,31,Software Engineering,2025-06-08,Online
15076,***,***,43,Data Engineering,2026-11-17,In-person
15077,***,***,42,Web development,2024-01-27,In-person
15078,***,***,32,Machine Learning,2025-03-23,In-person
15079,***,***,27,Web development,2026-08-16,In-person
15080,***,***,22,Machine Learning,2023-01-17,Online
15081,***,***,39,Data Science,2024-01-11,In-person
15082,***,***,45,Software Engineering,2023-01-27,In-person
15083,***,***,32,Software Engineering,2024-12-25,Online
15084,***,***,30,Web development,2024-05-19,Online
15085,***,***,23,Data Engineering,2024-05-06,Online
15086,***,***,33,Machine Learning,2024-09-13,Online
15087,***,***,43,Data Science,2026-03-31,In-person
15088,***,***,24,Software Engineering,2025-04-28,In-person
15089,***,***,24,Data Science,2026-05-17,In-person
15090,***,***,24,Software Engineering,2024-09-22,In-person
15091,***,***,38,Machine Learning,2025-12-28,In-person
15092,***,***,22,Web development,2027-10-13,In-person
15093,***,***,28,Data Engineering,2027-03-25,In-person
15094,***,***,26,Data Science,2025-04-05,In-person
15095,***,***,43,Machine Learning,2024-11-16,In-person
15096,***,***,38,Data Science,2023-03-27,In-person
15097,***,***,43,Data Engineering,2024-10-02,Online
15098,***,***,31,Machine Learning,2023-12-16,In-person
15099,***,***,34,Data Engineering,2023-04-24,Online
15100,***,***,42,Data Engineering,2024-03-01,In-person
15101,***,***,43,Software Engineering,2026-06-12,In-person
15102,***,***,24,Software Engineering,2025-01-24,Online
15103,***,***,34,Data Engineering,2027-07-19,In-person
15104,***,***,30,Data Science,2024-01-25,In-person
15105,***,***,26,Data Science,2024-01-30,In-person
15106,***,***,33,Data Science,2024-03-29,In-person
15107,***,***,35,Data Science,2023-06-02,In-person
15108,***,***,32,Data Engineering,2027-03-12,In-person
15109,***,***,45,Data Science,2027-03-10,Online
15110,***,***,22,Web development,2026-09-25,Online
15111,***,***,25,Data Science,2026-12-23,Online
15112,***,***,29,Software Engineering,2026-05-18,In-person
15113,***,***,37,Machine Learning,2025-10-24,Online
15114,***,***,23,Data Science,2027-02-07,In-person
15115,***,***,31,Web development,2023-03-07,Online
15116,***,***,29,Web development,2027-06-07,Online
15117,***,***,26,Data Science,2024-02-15,In-person
15118,***,***,33,Web development,2026-07-17,Online
15119,***,***,32,Software Engineering,2026-01-15,Online
15120,***,***,34,Machine Learning,2027-06-19,Online
15121,***,***,27,Software Engineering,2022-12-02,Online
15122,***,***,35,Data Engineering,2023-09-06,Online
15123,***,***,37,Data Science,2023-12-12,Online
15124,***,***,27,Machine Learning,2024-09-06,Online
15125,***,***,22,Machine Learning,2024-11-01,In-person
15126,***,***,40,Data Science,2024-11-10,In-person
15127,***,***,26,Data Engineering,2027-01-27,In-person
15128,***,***,27,Web development,2024-08-14,Online
15129,***,***,44,Data Science,2024-03-05,In-person
15130,***,***,31,Web development,2023-02-08,Online
15131,***,***,41,Software Engineering,2027-04-25,In-person
15132,***,***,27,Software Engineering,2026-05-09,Online
15133,***,***,39,Machine Learning,2023-07-09,In-person
15134,***,***,40,Data Science,2026-12-03,In-person
15135,***,***,38,Software Engineering,2023-06-02,In-person
15136,***,***,42,Data Engineering,2024-04-08,In-person
15137,***,***,32,Software Engineering,2027-09-22,Online
15138,***,***,41,Machine Learning,2027-01-28,Online
15139,***,***,43,Web development,2025-12-24,In-person
15140,***,***,40,Machine Learning,2025-03-27,Online
15141,***,***,25,Machine Learning,2024-12-21,Online
15142,***,***,25,Web development,2023-05-11,Online
15143,***,***,39,Web development,2025-08-27,In-person
15144,***,***,31,Web development,2027-10-10,In-person
15145,***,***,40,Web development,2023-06-15,Online
15146,***,***,30,Data Science,2026-08-20,In-person
15147,***,***,28,Software Engineering,2027-03-26,Online
15148,***,***,30,Data Engineering,2027-07-01,In-person
15149,***,***,42,Data Engineering,2026-02-28,Online
15150,***,***,40,Web development,2024-07-07,In-person
15151,***,***,36,Machine Learning,2023-12-18,Online
15152,***,***,36,Software Engineering,2022-10-30,In-person
15153,***,***,23,Software Engineering,2026-07-24,In-person
15154,***,***,37,Machine Learning,2026-06-25,In-person
15155,***,***,42,Data Science,2024-11-12,In-person
15156,***,***,30,Software Engineering,2025-03-19,In-person
15157,***,***,39,Data Science,2023-12-02,In-person
15158,***,***,31,Web development,2024-08-01,Online
15159,***,***,32,Data Engineering,2024-06-20,Online
15160,***,***,30,Data Science,2024-05-13,Online
15161,***,***,34,Machine Learning,2027-08-26,In-person
15162,***,***,38,Data Science,2024-09-25,Online
15163,***,***,23,Web development,2024-02-12,Online
15164,***,***,34,Data Science,2025-06-15,Online
15165,***,***,22,Data Science,2025-11-05,Online
15166,***,***,36,Software Engineering,2023-04-01,Online
15167,***,***,43,Data Engineering,2026-04-25,Online
15168,***,***,29,Machine Learning,2024-08-20,Online
15169,***,***,27,Software Engineering,2023-10-07,Online
15170,***,***,43,Data Engineering,2027-01-14,In-person
15171,***,***,36,Web development,2027-06-04,In-person
15172,***,***,26,Web development,2027-07-27,Online
15173,***,***,41,Machine Learning,2026-11-13,In-person
15174,***,***,38,Data Science,2024-10-23,Online
15175,***,***,32,Machine Learning,2024-02-27,In-person
15176,***,***,37,Machine Learning,2024-03-25,Online
15177,***,***,29,Machine Learning,2026-01-31,Online
15178,***,***,44,Web development,2026-04-20,In-person
15179,***,***,23,Machine Learning,2025-09-10,Online
15180,***,***,39,Data Science,2023-08-03,In-person
15181,***,***,23,Data Science,2027-01-08,Online
15182,***,***,40,Machine Learning,2027-09-22,In-person
15183,***,***,41,Data Engineering,2025-03-01,In-person
15184,***,***,33,Machine Learning,2022-10-21,In-person
15185,***,***,28,Software Engineering,2026-05-19,Online
15186,***,***,34,Software Engineering,2022-12-25,Online
15187,***,***,29,Software Engineering,2027-07-06,Online
15188,***,***,23,Web development,2023-01-02,Online
15189,***,***,31,Data Engineering,2023-02-19,In-person
15190,***,***,45,Software Engineering,2024-11-29,Online
15191,***,***,30,Machine Learning,2026-08-13,Online
15192,***,***,34,Data Engineering,2026-07-27,In-person
15193,***,***,25,Data Science,2025-12-25,Online
15194,***,***,36,Data Science,2025-11-27,Online
15195,***,***,28,Data Science,2024-04-13,In-person
15196,***,***,38,Data Engineering,2025-11-30,In-person
15197,***,***,36,Software Engineering,2023-02-27,Online
15198,***,***,27,Machine Learning,2023-05-28,Online
15199,***,***,26,Data Engineering,2023-12-07,In-person
15200,***,***,24,Data Engineering,2024-08-08,In-person
15201,***,***,25,Data Engineering,2027-10-12,Online
15202,***,***,30,Data Engineering,2023-05-19,In-person
15203,***,***,26,Data Engineering,2026-10-17,In-person
15204,***,***,44,Data Science,2027-04-04,In-person
15205,***,***,38,Data Engineering,2026-10-21,In-person
15206,***,***,25,Software Engineering,2026-02-14,Online
15207,***,***,34,Data Engineering,2026-06-19,Online
15208,***,***,43,Machine Learning,2027-08-08,Online
15209,***,***,45,Machine Learning,2027-06-01,In-person
15210,***,***,43,Web development,2023-06-05,In-person
15211,***,***,43,Web development,2024-05-22,In-person
15212,***,***,35,Data Engineering,2026-08-26,Online
15213,***,***,30,Software Engineering,2027-07-21,Online
15214,***,***,42,Data Engineering,2024-08-01,Online
15215,***,***,34,Data Engineering,2025-07-19,In-person
15216,***,***,33,Data Engineering,2025-03-25,In-person
15217,***,***,32,Machine Learning,2023-11-26,Online
15218,***,***,24,Data Science,2027-10-10,Online
15219,***,***,24,Web development,2027-08-25,In-person
15220,***,***,28,Web development,2025-01-09,Online
15221,***,***,25,Data Engineering,2024-03-09,In-person
15222,***,***,29,Web development,2022-12-21,Online
15223,***,***,45,Data Engineering,2026-06-29,In-person
15224,***,***,37,Software Engineering,2026-12-29,Online
15225,***,***,29,Software Engineering,2024-04-04,In-person
15226,***,***,26,Web development,2023-02-18,In-person
15227,***,***,45,Data Science,2023-12-14,Online
15228,***,***,40,Software Engineering,2027-03-07,In-person
15229,***,***,29,Data Science,2024-06-30,Online
15230,***,***,39,Software Engineering,2025-12-30,Online
15231,***,***,42,Machine Learning,2027-06-19,In-person
15232,***,***,33,Data Engineering,2025-08-25,In-person
15233,***,***,37,Machine Learning,2026-12-29,Online
15234,***,***,41,Data Engineering,2023-02-02,Online
15235,***,***,22,Software Engineering,2025-03-30,In-person
15236,***,***,32,Software Engineering,2026-02-02,Online
15237,***,***,40,Software Engineering,2023-04-25,In-person
15238,***,***,30,Data Science,2026-01-22,Online
15239,***,***,37,Software Engineering,2025-12-24,Online
15240,***,***,42,Data Engineering,2027-07-01,In-person
15241,***,***,25,Machine Learning,2023-09-28,Online
15242,***,***,24,Software Engineering,2027-05-15,In-person
15243,***,***,44,Web development,2026-08-11,Online
15244,***,***,34,Data Engineering,2026-05-13,Online
15245,***,***,45,Software Engineering,2024-10-12,In-person
15246,***,***,22,Software Engineering,2026-04-04,Online
15247,***,***,30,Data Science,2023-05-27,Online
15248,***,***,27,Web development,2025-12-01,In-person
15249,***,***,33,Machine Learning,2026-09-28,In-person
15250,***,***,45,Machine Learning,2024-07-25,In-person
15251,***,***,39,Data Engineering,2023-09-24,Online
15252,***,***,43,Data Engineering,2025-05-14,Online
15253,***,***,23,Software Engineering,2024-10-08,Online
15254,***,***,32,Web development,2026-03-15,Online
15255,***,***,34,Data Science,2025-07-17,Online
15256,***,***,29,Data Science,2027-07-01,Online
15257,***,***,29,Web development,2025-03-29,Online
15258,***,***,45,Web development,2026-02-23,In-person
15259,***,***,29,Software Engineering,2023-07-22,Online
15260,***,***,36,Web development,2027-08-20,Online
15261,***,***,25,Web development,2024-02-24,In-person
15262,***,***,42,Data Engineering,2024-02-15,In-person
15263,***,***,38,Data Engineering,2023-08-16,In-person
15264,***,***,43,Machine Learning,2027-10-01,In-person
15265,***,***,44,Data Science,2023-04-07,Online
15266,***,***,38,Data Engineering,2026-07-09,In-person
15267,***,***,27,Data Science,2023-03-13,In-person
15268,***,***,37,Machine Learning,2027-07-02,In-person
15269,***,***,37,Data Engineering,2026-04-13,Online
15270,***,***,38,Software Engineering,2027-03-27,Online
15271,***,***,30,Machine Learning,2024-04-13,Online
15272,***,***,36,Software Engineering,2024-02-09,In-person
15273,***,***,26,Web development,2027-03-28,Online
15274,***,***,30,Software Engineering,2025-04-18,In-person
15275,***,***,33,Machine Learning,2024-06-11,In-person
15276,***,***,34,Software Engineering,2024-06-15,In-person
15277,***,***,25,Software Engineering,2025-12-18,Online
15278,***,***,31,Data Engineering,2025-05-01,In-person
15279,***,***,34,Data Engineering,2024-05-26,In-person
15280,***,***,33,Data Science,2027-07-06,Online
15281,***,***,28,Machine Learning,2023-01-01,Online
15282,***,***,35,Software Engineering,2025-03-08,In-person
15283,***,***,45,Software Engineering,2024-02-20,Online
15284,***,***,43,Web development,2023-07-16,In-person
15285,***,***,39,Data Science,2025-07-04,In-person
15286,***,***,30,Software Engineering,2023-12-09,In-person
15287,***,***,28,Web development,2026-05-17,Online
15288,***,***,26,Data Engineering,2023-05-18,In-person
15289,***,***,29,Data Engineering,2023-04-07,In-person
15290,***,***,32,Software Engineering,2026-02-15,In-person
15291,***,***,23,Data Engineering,2024-08-24,In-person
15292,***,***,43,Machine Learning,2024-10-19,Online
15293,***,***,39,Machine Learning,2025-10-14,In-person
15294,***,***,32,Software Engineering,2023-06-23,Online
15295,***,***,38,Data Engineering,2023-02-27,In-person
15296,***,***,30,Data Science,2026-12-07,Online
15297,***,***,31,Software Engineering,2024-12-05,Online
15298,***,***,43,Machine Learning,2025-01-06,In-person
15299,***,***,32,Machine Learning,2025-02-01,Online
15300,***,***,30,Machine Learning,2023-05-28,In-person
15301,***,***,37,Software Engineering,2027-07-05,Online
15302,***,***,44,Data Science,2025-01-25,Online
15303,***,***,22,Web development,2025-01-22,Online
15304,***,***,37,Data Science,2024-05-27,In-person
15305,***,***,32,Data Science,2024-03-04,Online
15306,***,***,22,Data Engineering,2027-10-09,Online
15307,***,***,24,Machine Learning,2023-11-11,Online
15308,***,***,34,Software Engineering,2027-01-17,In-person
15309,***,***,24,Data Science,2027-10-04,Online
15310,***,***,42,Data Science,2023-11-02,In-person
15311,***,***,26,Machine Learning,2025-03-10,In-person
15312,***,***,29,Machine Learning,2024-04-22,In-person
15313,***,***,45,Software Engineering,2024-02-13,Online
15314,***,***,36,Machine Learning,2025-07-07,In-person
15315,***,***,43,Web development,2024-10-20,Online
15316,***,***,41,Data Science,2026-08-04,Online
15317,***,***,40,Data Engineering,2023-11-09,In-person
15318,***,***,36,Data Science,2027-09-11,Online
15319,***,***,36,Data Science,2024-06-23,In-person
15320,***,***,39,Web development,2024-04-07,Online
15321,***,***,40,Machine Learning,2027-06-06,In-person
15322,***,***,41,Software Engineering,2026-02-02,Online
15323,***,***,41,Web development,2025-11-28,In-person
15324,***,***,35,Machine Learning,2026-05-02,In-person
15325,***,***,33,Software Engineering,2023-08-26,In-person
15326,***,***,43,Web development,2026-07-22,Online
15327,***,***,30,Machine Learning,2024-02-13,In-person
15328,***,***,25,Machine Learning,2024-07-30,In-person
15329,***,***,31,Machine Learning,2023-11-19,In-person
15330,***,***,29,Machine Learning,2023-03-22,In-person
15331,***,***,31,Data Engineering,2023-01-16,Online
15332,***,***,25,Data Engineering,2025-11-10,In-person
15333,***,***,43,Machine Learning,2024-10-13,In-person
15334,***,***,35,Data Engineering,2022-12-18,Online
15335,***,***,27,Machine Learning,2027-07-05,In-person
15336,***,***,23,Data Engineering,2024-02-14,Online
15337,***,***,35,Web development,2024-08-25,Online
15338,***,***,42,Machine Learning,2022-11-09,In-person
15339,***,***,30,Machine Learning,2027-06-06,In-person
15340,***,***,37,Data Engineering,2024-09-20,In-person
15341,***,***,29,Machine Learning,2026-08-30,In-person
15342,***,***,44,Software Engineering,2023-08-07,In-person
15343,***,***,31,Data Science,2025-09-17,Online
15344,***,***,36,Data Engineering,2027-01-25,In-person
15345,***,***,26,Data Science,2026-11-13,In-person
15346,***,***,31,Web development,2025-01-12,Online
15347,***,***,26,Machine Learning,2024-02-21,Online
15348,***,***,42,Software Engineering,2027-07-31,Online
15349,***,***,32,Machine Learning,2025-05-10,Online
15350,***,***,42,Web development,2026-10-09,Online
15351,***,***,44,Data Engineering,2025-08-24,In-person
15352,***,***,23,Machine Learning,2026-03-27,Online
15353,***,***,31,Machine Learning,2027-04-28,In-person
15354,***,***,33,Machine Learning,2023-07-20,In-person
15355,***,***,29,Software Engineering,2024-07-30,Online
15356,***,***,36,Data Engineering,2023-09-09,In-person
15357,***,***,45,Web development,2024-12-14,Online
15358,***,***,39,Web development,2024-02-06,Online
15359,***,***,40,Web development,2027-09-06,In-person
15360,***,***,33,Software Engineering,2024-02-21,Online
15361,***,***,27,Machine Learning,2024-03-14,In-person
15362,***,***,31,Software Engineering,2025-05-31,Online
15363,***,***,27,Machine Learning,2023-12-04,In-person
15364,***,***,44,Data Science,2023-02-18,In-person
15365,***,***,39,Data Engineering,2022-11-18,Online
15366,***,***,25,Web development,2025-12-11,Online
15367,***,***,45,Data Engineering,2025-03-28,Online
15368,***,***,34,Web development,2026-05-09,In-person
15369,***,***,45,Machine Learning,2025-12-21,Online
15370,***,***,33,Software Engineering,2027-10-06,In-person
15371,***,***,38,Data Science,2025-01-11,In-person
15372,***,***,28,Web development,2023-04-25,Online
15373,***,***,33,Data Engineering,2026-09-09,Online
15374,***,***,27,Data Engineering,2025-05-24,Online
15375,***,***,40,Machine Learning,2024-05-21,In-person
15376,***,***,23,Software Engineering,2027-05-10,In-person
15377,***,***,38,Data Engineering,2026-06-15,Online
15378,***,***,32,Software Engineering,2024-01-08,In-person
15379,***,***,38,Web development,2025-09-19,In-person
15380,***,***,28,Data Engineering,2026-04-02,In-person
15381,***,***,27,Web development,2025-10-20,In-person
15382,***,***,39,Data Science,2026-07-18,Online
15383,***,***,26,Data Science,2027-06-22,In-person
15384,***,***,30,Web development,2023-04-27,In-person
15385,***,***,39,Data Science,2024-06-14,Online
15386,***,***,43,Machine Learning,2024-11-08,Online
15387,***,***,26,Web development,2023-04-23,Online
15388,***,***,32,Machine Learning,2027-05-01,In-person
15389,***,***,41,Data Engineering,2027-09-14,Online
15390,***,***,44,Machine Learning,2024-05-31,Online
15391,***,***,34,Software Engineering,2025-07-24,Online
15392,***,***,28,Data Engineering,2026-10-10,In-person
15393,***,***,24,Software Engineering,2023-02-25,Online
15394,***,***,22,Data Engineering,2027-08-01,In-person
15395,***,***,42,Data Engineering,2022-12-01,In-person
15396,***,***,30,Software Engineering,2022-12-24,Online
15397,***,***,37,Web development,2026-05-26,Online
15398,***,***,30,Data Engineering,2022-11-14,Online
15399,***,***,38,Web development,2026-05-28,Online
15400,***,***,35,Web development,2023-05-18,Online
15401,***,***,22,Machine Learning,2024-05-22,Online
15402,***,***,44,Machine Learning,2023-11-11,In-person
15403,***,***,36,Machine Learning,2027-07-18,In-person
15404,***,***,31,Data Engineering,2024-03-11,In-person
15405,***,***,41,Data Engineering,2024-05-24,In-person
15406,***,***,37,Web development,2026-02-19,In-person
15407,***,***,30,Data Science,2024-10-10,In-person
15408,***,***,37,Data Engineering,2024-04-20,Online
15409,***,***,33,Web development,2024-10-08,Online
15410,***,***,33,Machine Learning,2025-01-03,Online
15411,***,***,43,Software Engineering,2027-08-04,Online
15412,***,***,33,Software Engineering,2024-11-20,Online
15413,***,***,38,Software Engineering,2023-01-20,In-person
15414,***,***,45,Data Engineering,2023-04-25,Online
15415,***,***,35,Data Science,2023-06-22,In-person
15416,***,***,31,Data Engineering,2024-12-28,In-person
15417,***,***,30,Data Engineering,2026-10-10,Online
15418,***,***,37,Data Engineering,2024-09-01,Online
15419,***,***,35,Machine Learning,2023-02-18,Online
15420,***,***,36,Data Engineering,2025-10-07,In-person
15421,***,***,36,Data Engineering,2024-04-03,In-person
15422,***,***,37,Web development,2023-11-14,Online
15423,***,***,22,Web development,2027-03-08,Online
15424,***,***,36,Web development,2026-09-28,Online
15425,***,***,44,Software Engineering,2023-03-02,Online
15426,***,***,30,Data Engineering,2025-11-21,Online
15427,***,***,44,Software Engineering,2027-01-10,Online
15428,***,***,38,Machine Learning,2023-11-11,In-person
15429,***,***,24,Machine Learning,2027-05-11,Online
15430,***,***,25,Software Engineering,2023-10-28,Online
15431,***,***,38,Data Engineering,2024-02-19,Online
15432,***,***,37,Data Science,2025-12-07,In-person
15433,***,***,29,Data Science,2023-10-07,In-person
15434,***,***,39,Web development,2027-06-13,Online
15435,***,***,31,Web development,2026-01-13,In-person
15436,***,***,43,Machine Learning,2025-04-16,In-person
15437,***,***,26,Software Engineering,2025-02-02,In-person
15438,***,***,40,Data Engineering,2023-10-26,In-person
15439,***,***,39,Data Engineering,2025-07-06,In-person
15440,***,***,31,Machine Learning,2026-09-15,In-person
15441,***,***,37,Data Science,2026-08-04,Online
15442,***,***,30,Software Engineering,2026-03-18,In-person
15443,***,***,26,Data Science,2025-10-14,In-person
15444,***,***,42,Web development,2024-01-23,In-person
15445,***,***,28,Machine Learning,2026-08-27,In-person
15446,***,***,33,Web development,2027-06-10,Online
15447,***,***,43,Data Engineering,2024-07-21,In-person
15448,***,***,27,Web development,2025-03-29,In-person
15449,***,***,30,Data Engineering,2026-04-17,Online
15450,***,***,27,Web development,2027-03-11,In-person
15451,***,***,42,Web development,2025-09-04,In-person
15452,***,***,32,Data Engineering,2025-06-16,Online
15453,***,***,39,Software Engineering,2026-01-25,In-person
15454,***,***,34,Data Science,2023-11-20,In-person
15455,***,***,45,Software Engineering,2026-04-21,Online
15456,***,***,28,Machine Learning,2024-05-08,Online
15457,***,***,27,Software Engineering,2025-04-25,Online
15458,***,***,28,Software Engineering,2025-01-09,In-person
15459,***,***,28,Software Engineering,2023-03-06,In-person
15460,***,***,31,Software Engineering,2024-08-27,Online
15461,***,***,38,Data Science,2027-10-04,In-person
15462,***,***,36,Web development,2025-01-20,Online
15463,***,***,34,Machine Learning,2024-04-01,In-person
15464,***,***,29,Machine Learning,2025-08-04,Online
15465,***,***,35,Web development,2024-08-10,Online
15466,***,***,45,Web development,2024-02-21,Online
15467,***,***,22,Data Science,2025-09-28,In-person
15468,***,***,38,Data Science,2026-05-26,In-person
15469,***,***,31,Data Science,2027-07-08,Online
15470,***,***,24,Machine Learning,2025-02-19,Online
15471,***,***,29,Web development,2026-08-07,In-person
15472,***,***,24,Machine Learning,2025-01-02,Online
15473,***,***,34,Machine Learning,2024-03-05,In-person
15474,***,***,30,Web development,2024-11-08,In-person
15475,***,***,33,Data Engineering,2027-07-22,In-person
15476,***,***,31,Web development,2026-05-06,In-person
15477,***,***,41,Data Engineering,2025-12-24,Online
15478,***,***,25,Machine Learning,2025-03-24,Online
15479,***,***,26,Data Science,2023-12-15,In-person
15480,***,***,23,Web development,2026-01-11,In-person
15481,***,***,45,Web development,2025-05-13,Online
15482,***,***,34,Machine Learning,2027-02-03,In-person
15483,***,***,43,Data Science,2024-09-13,In-person
15484,***,***,43,Machine Learning,2024-06-20,Online
15485,***,***,45,Data Science,2023-01-14,In-person
15486,***,***,25,Web development,2023-02-11,In-person
15487,***,***,38,Web development,2023-09-09,Online
15488,***,***,23,Software Engineering,2027-04-19,Online
15489,***,***,36,Web development,2024-09-01,In-person
15490,***,***,29,Data Science,2026-04-07,In-person
15491,***,***,36,Machine Learning,2025-07-19,In-person
15492,***,***,44,Data Engineering,2026-06-25,In-person
15493,***,***,44,Data Engineering,2023-09-06,In-person
15494,***,***,33,Software Engineering,2025-10-27,In-person
15495,***,***,35,Web development,2027-06-08,In-person
15496,***,***,34,Web development,2025-05-30,In-person
15497,***,***,45,Data Engineering,2027-02-17,Online
15498,***,***,38,Machine Learning,2025-02-26,In-person
15499,***,***,43,Software Engineering,2025-05-29,Online
15500,***,***,40,Machine Learning,2027-02-24,In-person
15501,***,***,43,Web development,2024-09-20,Online
15502,***,***,36,Web development,2027-01-24,Online
15503,***,***,22,Data Engineering,2025-08-09,In-person
15504,***,***,39,Data Engineering,2023-12-18,In-person
15505,***,***,31,Data Science,2027-02-19,In-person
15506,***,***,42,Software Engineering,2025-03-10,In-person
15507,***,***,38,Data Science,2025-01-16,Online
15508,***,***,44,Software Engineering,2026-08-24,In-person
15509,***,***,41,Data Engineering,2023-03-17,Online
15510,***,***,34,Web development,2024-12-30,In-person
15511,***,***,31,Data Science,2027-10-10,In-person
15512,***,***,33,Software Engineering,2027-06-17,Online
15513,***,***,27,Machine Learning,2026-06-19,Online
15514,***,***,28,Machine Learning,2022-11-06,In-person
15515,***,***,42,Software Engineering,2024-05-21,In-person
15516,***,***,26,Software Engineering,2024-07-20,In-person
15517,***,***,27,Data Science,2024-01-12,In-person
15518,***,***,39,Web development,2026-08-06,Online
15519,***,***,28,Web development,2025-04-02,In-person
15520,***,***,43,Machine Learning,2027-03-26,Online
15521,***,***,29,Machine Learning,2027-04-26,In-person
15522,***,***,36,Data Engineering,2025-01-16,Online
15523,***,***,41,Data Engineering,2025-01-24,Online
15524,***,***,23,Data Engineering,2023-05-06,In-person
15525,***,***,31,Data Engineering,2024-10-18,In-person
15526,***,***,29,Data Engineering,2027-08-28,Online
15527,***,***,29,Data Engineering,2024-10-19,Online
15528,***,***,43,Data Science,2026-02-06,In-person
15529,***,***,45,Machine Learning,2023-01-14,In-person
15530,***,***,43,Machine Learning,2025-05-06,Online
15531,***,***,38,Machine Learning,2022-12-25,In-person
15532,***,***,38,Software Engineering,2023-04-28,Online
15533,***,***,35,Software Engineering,2024-11-15,Online
15534,***,***,27,Data Engineering,2027-03-01,Online
15535,***,***,45,Machine Learning,2025-10-06,In-person
15536,***,***,24,Software Engineering,2027-09-15,Online
15537,***,***,35,Software Engineering,2024-08-05,In-person
15538,***,***,36,Data Engineering,2025-06-26,Online
15539,***,***,24,Data Science,2022-11-03,In-person
15540,***,***,24,Web development,2022-12-04,In-person
15541,***,***,29,Machine Learning,2024-04-23,Online
15542,***,***,37,Data Science,2026-11-17,In-person
15543,***,***,32,Software Engineering,2024-03-22,In-person
15544,***,***,30,Software Engineering,2023-03-25,In-person
15545,***,***,30,Web development,2022-12-19,Online
15546,***,***,32,Web development,2023-06-20,Online
15547,***,***,32,Data Science,2023-04-14,In-person
15548,***,***,23,Data Science,2025-09-18,Online
15549,***,***,25,Data Science,2027-08-15,Online
15550,***,***,24,Data Engineering,2024-05-21,In-person
15551,***,***,41,Data Engineering,2023-01-04,Online
15552,***,***,43,Software Engineering,2027-09-07,In-person
15553,***,***,26,Web development,2025-02-24,Online
15554,***,***,43,Data Science,2024-04-17,In-person
15555,***,***,45,Web development,2026-03-10,In-person
15556,***,***,39,Data Engineering,2023-08-13,In-person
15557,***,***,36,Web development,2024-01-25,Online
15558,***,***,38,Data Engineering,2027-09-25,In-person
15559,***,***,39,Web development,2027-08-08,Online
15560,***,***,28,Machine Learning,2023-02-27,In-person
15561,***,***,34,Machine Learning,2026-12-23,Online
15562,***,***,31,Data Engineering,2023-12-10,In-person
15563,***,***,41,Software Engineering,2023-09-29,In-person
15564,***,***,35,Web development,2025-10-22,Online
15565,***,***,39,Data Engineering,2023-07-25,Online
15566,***,***,45,Data Engineering,2023-11-25,Online
15567,***,***,41,Software Engineering,2026-06-24,In-person
15568,***,***,35,Data Engineering,2025-10-24,In-person
15569,***,***,30,Data Science,2026-03-03,In-person
15570,***,***,29,Software Engineering,2025-07-25,In-person
15571,***,***,26,Data Engineering,2027-10-16,In-person
15572,***,***,23,Data Engineering,2025-04-20,Online
15573,***,***,33,Machine Learning,2023-07-22,Online
15574,***,***,35,Data Engineering,2024-02-13,Online
15575,***,***,45,Software Engineering,2023-12-02,In-person
15576,***,***,42,Web development,2026-12-12,In-person
15577,***,***,25,Data Engineering,2026-04-15,In-person
15578,***,***,26,Data Engineering,2024-08-09,In-person
15579,***,***,32,Data Engineering,2026-05-16,Online
15580,***,***,41,Machine Learning,2024-09-07,Online
15581,***,***,45,Web development,2023-07-11,Online
15582,***,***,31,Machine Learning,2025-07-22,In-person
15583,***,***,45,Web development,2024-04-02,Online
15584,***,***,31,Data Engineering,2023-10-23,In-person
15585,***,***,31,Data Science,2026-05-31,In-person
15586,***,***,30,Data Science,2024-12-19,Online
15587,***,***,24,Web development,2026-09-02,Online
15588,***,***,22,Data Science,2024-02-23,Online
15589,***,***,34,Data Engineering,2024-06-18,Online
15590,***,***,34,Web development,2026-07-05,In-person
15591,***,***,40,Data Science,2026-10-26,In-person
15592,***,***,25,Data Science,2026-12-07,Online
15593,***,***,27,Machine Learning,2027-08-01,In-person
15594,***,***,22,Software Engineering,2026-07-17,Online
15595,***,***,38,Data Science,2027-03-15,Online
15596,***,***,42,Machine Learning,2023-01-21,In-person
15597,***,***,23,Software Engineering,2026-04-23,In-person
15598,***,***,44,Data Science,2025-06-24,In-person
15599,***,***,44,Machine Learning,2027-04-20,In-person
15600,***,***,42,Web development,2025-10-05,Online
15601,***,***,39,Machine Learning,2024-11-25,In-person
15602,***,***,30,Software Engineering,2027-10-13,In-person
15603,***,***,34,Machine Learning,2026-11-03,Online
15604,***,***,38,Data Science,2024-11-15,In-person
15605,***,***,44,Data Science,2027-07-20,Online
15606,***,***,35,Data Engineering,2024-12-26,In-person
15607,***,***,40,Machine Learning,2025-11-13,In-person
15608,***,***,43,Software Engineering,2026-05-27,Online
15609,***,***,38,Data Science,2026-09-29,Online
15610,***,***,45,Software Engineering,2024-02-26,In-person
15611,***,***,27,Software Engineering,2025-01-28,Online
15612,***,***,29,Data Engineering,2026-07-16,Online
15613,***,***,24,Data Engineering,2024-11-29,Online
15614,***,***,41,Data Engineering,2027-10-15,Online
15615,***,***,32,Data Engineering,2024-10-19,In-person
15616,***,***,22,Data Science,2026-10-03,In-person
15617,***,***,40,Data Engineering,2024-03-17,In-person
15618,***,***,32,Web development,2025-04-22,Online
15619,***,***,23,Data Science,2025-07-16,In-person
15620,***,***,28,Data Science,2025-02-06,In-person
15621,***,***,42,Software Engineering,2023-09-30,In-person
15622,***,***,39,Software Engineering,2025-11-20,Online
15623,***,***,31,Data Science,2026-05-14,In-person
15624,***,***,37,Web development,2026-09-15,Online
15625,***,***,39,Data Engineering,2022-11-15,Online
15626,***,***,42,Data Science,2023-05-09,In-person
15627,***,***,28,Machine Learning,2024-02-01,In-person
15628,***,***,39,Data Engineering,2025-03-29,Online
15629,***,***,36,Data Engineering,2024-01-04,Online
15630,***,***,34,Web development,2024-12-11,Online
15631,***,***,39,Web development,2023-11-14,In-person
15632,***,***,33,Machine Learning,2027-02-25,In-person
15633,***,***,45,Web development,2022-10-29,Online
15634,***,***,36,Data Engineering,2023-11-20,Online
15635,***,***,23,Web development,2025-11-06,In-person
15636,***,***,33,Data Science,2023-06-18,In-person
15637,***,***,30,Data Engineering,2025-02-14,In-person
15638,***,***,31,Machine Learning,2025-10-20,In-person
15639,***,***,35,Machine Learning,2026-07-20,In-person
15640,***,***,44,Software Engineering,2026-08-03,In-person
15641,***,***,23,Data Science,2027-07-02,In-person
15642,***,***,40,Web development,2022-10-31,Online
15643,***,***,31,Machine Learning,2025-03-18,In-person
15644,***,***,39,Web development,2024-06-09,In-person
15645,***,***,26,Machine Learning,2025-05-29,In-person
15646,***,***,27,Web development,2023-10-25,In-person
15647,***,***,38,Data Science,2023-08-30,Online
15648,***,***,35,Machine Learning,2025-09-04,Online
15649,***,***,40,Data Engineering,2025-06-30,In-person
15650,***,***,23,Data Engineering,2022-11-05,In-person
15651,***,***,25,Data Science,2022-11-22,In-person
15652,***,***,35,Software Engineering,2026-02-02,In-person
15653,***,***,37,Machine Learning,2026-04-05,In-person
15654,***,***,39,Web development,2025-04-08,In-person
15655,***,***,45,Data Science,2024-03-09,Online
15656,***,***,22,Data Engineering,2024-03-30,Online
15657,***,***,23,Data Engineering,2027-09-06,In-person
15658,***,***,25,Data Engineering,2023-10-05,Online
15659,***,***,33,Web development,2022-12-17,Online
15660,***,***,25,Machine Learning,2026-09-24,Online
15661,***,***,40,Machine Learning,2023-03-11,In-person
15662,***,***,39,Data Science,2024-02-10,Online
15663,***,***,38,Software Engineering,2024-10-01,Online
15664,***,***,30,Web development,2026-08-09,In-person
15665,***,***,23,Data Engineering,2025-08-02,Online
15666,***,***,34,Data Science,2025-10-12,Online
15667,***,***,29,Data Engineering,2027-03-01,In-person
15668,***,***,28,Data Engineering,2024-08-09,In-person
15669,***,***,32,Machine Learning,2027-09-11,Online
15670,***,***,31,Data Science,2023-04-03,In-person
15671,***,***,23,Data Engineering,2023-02-10,In-person
15672,***,***,35,Software Engineering,2024-05-05,Online
15673,***,***,39,Web development,2026-05-09,Online
15674,***,***,35,Web development,2022-11-23,In-person
15675,***,***,36,Machine Learning,2026-07-21,Online
15676,***,***,41,Data Engineering,2027-06-08,Online
15677,***,***,25,Data Science,2025-12-26,In-person
15678,***,***,38,Software Engineering,2023-04-25,Online
15679,***,***,27,Software Engineering,2024-04-29,Online
15680,***,***,44,Data Engineering,2025-01-27,Online
15681,***,***,29,Data Science,2026-10-26,In-person
15682,***,***,38,Machine Learning,2024-04-18,Online
15683,***,***,22,Data Science,2023-07-02,In-person
15684,***,***,35,Web development,2026-09-21,Online
15685,***,***,30,Software Engineering,2024-04-10,Online
15686,***,***,33,Data Engineering,2023-08-29,Online
15687,***,***,37,Machine Learning,2024-04-18,In-person
15688,***,***,33,Data Science,2024-03-06,Online
15689,***,***,31,Web development,2024-07-24,In-person
15690,***,***,39,Data Engineering,2027-03-01,In-person
15691,***,***,41,Data Science,2025-04-27,In-person
15692,***,***,27,Data Science,2027-10-15,In-person
15693,***,***,33,Software Engineering,2023-01-27,In-person
15694,***,***,33,Software Engineering,2025-01-16,Online
15695,***,***,24,Machine Learning,2023-10-16,Online
15696,***,***,34,Machine Learning,2024-11-05,In-person
15697,***,***,28,Machine Learning,2027-04-21,In-person
15698,***,***,29,Software Engineering,2023-01-31,In-person
15699,***,***,29,Web development,2023-06-20,In-person
15700,***,***,23,Web development,2023-05-03,In-person
15701,***,***,35,Web development,2024-09-29,In-person
15702,***,***,43,Web development,2025-07-29,In-person
15703,***,***,33,Machine Learning,2026-02-28,Online
15704,***,***,23,Machine Learning,2024-10-19,Online
15705,***,***,44,Software Engineering,2026-07-23,Online
15706,***,***,26,Data Science,2026-05-05,In-person
15707,***,***,40,Data Engineering,2025-11-09,In-person
15708,***,***,44,Data Science,2023-12-20,In-person
15709,***,***,40,Software Engineering,2026-04-20,Online
15710,***,***,23,Data Engineering,2024-09-21,In-person
15711,***,***,28,Data Engineering,2024-04-20,Online
15712,***,***,42,Web development,2027-07-20,In-person
15713,***,***,32,Data Engineering,2026-10-26,Online
15714,***,***,30,Data Engineering,2024-04-20,In-person
15715,***,***,45,Data Science,2023-02-11,In-person
15716,***,***,36,Data Engineering,2023-06-25,Online
15717,***,***,41,Data Science,2026-07-20,Online
15718,***,***,43,Data Engineering,2025-07-19,Online
15719,***,***,45,Machine Learning,2023-07-06,In-person
15720,***,***,40,Software Engineering,2023-06-03,Online
15721,***,***,43,Machine Learning,2024-02-25,Online
15722,***,***,42,Data Science,2026-12-09,Online
15723,***,***,42,Web development,2027-02-23,Online
15724,***,***,33,Web development,2023-08-19,Online
15725,***,***,33,Machine Learning,2025-05-22,Online
15726,***,***,41,Data Engineering,2024-06-12,Online
15727,***,***,36,Software Engineering,2023-06-14,In-person
15728,***,***,32,Web development,2023-02-23,Online
15729,***,***,36,Machine Learning,2026-10-01,Online
15730,***,***,30,Machine Learning,2022-12-31,Online
15731,***,***,36,Data Engineering,2026-08-29,In-person
15732,***,***,42,Machine Learning,2024-09-01,Online
15733,***,***,41,Data Science,2024-07-17,In-person
15734,***,***,43,Web development,2026-09-24,Online
15735,***,***,42,Software Engineering,2026-07-15,Online
15736,***,***,32,Web development,2025-01-17,Online
15737,***,***,34,Software Engineering,2023-05-27,In-person
15738,***,***,23,Data Engineering,2027-05-28,In-person
15739,***,***,43,Data Engineering,2023-11-12,In-person
15740,***,***,32,Software Engineering,2025-12-24,Online
15741,***,***,30,Web development,2023-12-23,Online
15742,***,***,33,Web development,2023-02-13,In-person
15743,***,***,40,Software Engineering,2027-03-22,Online
15744,***,***,32,Machine Learning,2022-12-15,In-person
15745,***,***,38,Machine Learning,2025-03-02,Online
15746,***,***,30,Web development,2027-09-06,Online
15747,***,***,22,Software Engineering,2024-08-29,In-person
15748,***,***,39,Data Engineering,2023-07-11,In-person
15749,***,***,36,Software Engineering,2024-07-18,Online
15750,***,***,36,Web development,2025-04-03,In-person
15751,***,***,39,Machine Learning,2026-11-10,In-person
15752,***,***,25,Web development,2025-12-28,In-person
15753,***,***,29,Data Science,2025-03-01,In-person
15754,***,***,27,Data Engineering,2022-12-31,In-person
15755,***,***,25,Data Science,2025-04-15,In-person
15756,***,***,34,Data Science,2025-07-31,Online
15757,***,***,32,Data Engineering,2023-09-25,Online
15758,***,***,27,Web development,2026-05-17,Online
15759,***,***,31,Data Science,2023-01-02,In-person
15760,***,***,40,Data Engineering,2026-05-11,In-person
15761,***,***,34,Data Science,2023-03-31,Online
15762,***,***,33,Data Science,2024-04-23,In-person
15763,***,***,27,Machine Learning,2026-04-30,In-person
15764,***,***,33,Machine Learning,2024-03-02,Online
15765,***,***,34,Web development,2027-08-07,Online
15766,***,***,35,Data Science,2027-07-11,Online
15767,***,***,24,Web development,2026-10-03,Online
15768,***,***,33,Software Engineering,2027-07-14,In-person
15769,***,***,31,Web development,2025-12-09,Online
15770,***,***,29,Data Engineering,2027-06-03,Online
15771,***,***,32,Software Engineering,2026-11-20,Online
15772,***,***,27,Data Engineering,2026-03-10,In-person
15773,***,***,30,Software Engineering,2027-01-15,Online
15774,***,***,34,Data Engineering,2026-07-29,Online
15775,***,***,33,Machine Learning,2023-02-05,Online
15776,***,***,27,Web development,2025-11-21,Online
15777,***,***,41,Machine Learning,2023-10-19,In-person
15778,***,***,35,Data Science,2026-11-24,In-person
15779,***,***,42,Data Science,2025-04-28,Online
15780,***,***,44,Data Science,2026-07-21,In-person
15781,***,***,42,Software Engineering,2027-05-12,In-person
15782,***,***,36,Data Engineering,2023-09-22,Online
15783,***,***,31,Data Science,2024-04-18,Online
15784,***,***,24,Data Science,2027-07-13,In-person
15785,***,***,38,Machine Learning,2025-07-30,In-person
15786,***,***,36,Data Science,2026-11-13,Online
15787,***,***,43,Data Engineering,2025-12-31,In-person
15788,***,***,44,Machine Learning,2023-08-29,In-person
15789,***,***,37,Web development,2025-10-01,Online
15790,***,***,43,Software Engineering,2024-05-25,Online
15791,***,***,29,Machine Learning,2023-11-24,Online
15792,***,***,23,Software Engineering,2026-03-30,Online
15793,***,***,31,Data Science,2023-10-04,In-person
15794,***,***,33,Software Engineering,2023-05-25,In-person
15795,***,***,28,Data Science,2027-02-12,Online
15796,***,***,24,Software Engineering,2024-09-06,In-person
15797,***,***,39,Data Science,2024-12-09,Online
15798,***,***,31,Data Engineering,2027-04-14,Online
15799,***,***,27,Software Engineering,2023-10-02,In-person
15800,***,***,43,Web development,2023-03-28,Online
15801,***,***,33,Data Engineering,2025-09-05,Online
15802,***,***,39,Web development,2023-11-30,In-person
15803,***,***,33,Data Science,2025-04-01,In-person
15804,***,***,42,Web development,2025-03-06,In-person
15805,***,***,25,Data Science,2027-03-25,In-person
15806,***,***,43,Software Engineering,2025-08-02,In-person
15807,***,***,28,Software Engineering,2025-07-08,Online
15808,***,***,29,Data Science,2025-11-10,In-person
15809,***,***,28,Data Science,2026-01-02,In-person
15810,***,***,33,Web development,2026-04-17,Online
15811,***,***,24,Web development,2026-08-23,Online
15812,***,***,41,Web development,2025-06-03,In-person
15813,***,***,28,Data Engineering,2023-05-03,In-person
15814,***,***,31,Web development,2024-03-30,In-person
15815,***,***,23,Machine Learning,2027-07-25,In-person
15816,***,***,38,Machine Learning,2025-05-30,In-person
15817,***,***,44,Data Engineering,2026-02-12,Online
15818,***,***,28,Data Science,2027-06-21,Online
15819,***,***,32,Data Science,2024-07-13,In-person
15820,***,***,32,Software Engineering,2025-10-07,Online
15821,***,***,24,Data Engineering,2024-06-02,In-person
15822,***,***,31,Data Engineering,2025-08-02,Online
15823,***,***,22,Data Engineering,2026-02-06,In-person
15824,***,***,32,Software Engineering,2027-06-07,In-person
15825,***,***,43,Software Engineering,2024-07-15,In-person
15826,***,***,31,Data Engineering,2025-10-09,Online
15827,***,***,31,Machine Learning,2024-04-03,In-person
15828,***,***,28,Data Science,2027-02-25,Online
15829,***,***,25,Web development,2025-10-30,Online
15830,***,***,29,Web development,2024-09-15,In-person
15831,***,***,24,Software Engineering,2025-02-06,In-person
15832,***,***,28,Data Engineering,2025-09-12,In-person
15833,***,***,44,Machine Learning,2023-01-28,In-person
15834,***,***,30,Data Engineering,2022-11-26,Online
15835,***,***,35,Data Engineering,2025-01-29,Online
15836,***,***,41,Web development,2027-01-10,In-person
15837,***,***,23,Data Engineering,2025-10-06,In-person
15838,***,***,39,Data Engineering,2023-04-02,Online
15839,***,***,41,Data Science,2027-06-23,Online
15840,***,***,30,Web development,2023-06-30,Online
15841,***,***,23,Data Science,2023-06-02,Online
15842,***,***,40,Web development,2023-11-17,In-person
15843,***,***,37,Data Science,2025-05-12,Online
15844,***,***,36,Data Science,2025-12-31,Online
15845,***,***,38,Software Engineering,2027-08-07,In-person
15846,***,***,45,Software Engineering,2023-01-20,In-person
15847,***,***,28,Machine Learning,2027-03-24,In-person
15848,***,***,40,Data Engineering,2026-11-24,In-person
15849,***,***,40,Web development,2023-04-24,In-person
15850,***,***,36,Machine Learning,2027-07-23,Online
15851,***,***,24,Software Engineering,2025-05-01,In-person
15852,***,***,42,Data Engineering,2026-12-11,Online
15853,***,***,29,Data Science,2026-03-03,Online
15854,***,***,35,Web development,2025-04-05,Online
15855,***,***,33,Data Engineering,2026-10-07,Online
15856,***,***,28,Software Engineering,2027-07-27,Online
15857,***,***,43,Data Science,2026-12-30,In-person
15858,***,***,36,Software Engineering,2025-02-10,In-person
15859,***,***,24,Software Engineering,2024-04-13,In-person
15860,***,***,34,Machine Learning,2023-06-11,In-person
15861,***,***,42,Data Engineering,2025-01-10,In-person
15862,***,***,33,Web development,2025-07-09,Online
15863,***,***,24,Web development,2023-11-28,In-person
15864,***,***,30,Software Engineering,2027-03-12,Online
15865,***,***,35,Machine Learning,2023-04-23,Online
15866,***,***,28,Machine Learning,2025-07-03,In-person
15867,***,***,43,Software Engineering,2025-10-17,Online
15868,***,***,44,Software Engineering,2023-11-10,In-person
15869,***,***,36,Machine Learning,2026-08-16,Online
15870,***,***,43,Data Engineering,2026-10-30,Online
15871,***,***,41,Data Engineering,2027-03-22,In-person
15872,***,***,26,Data Engineering,2024-05-31,In-person
15873,***,***,30,Software Engineering,2023-05-21,In-person
15874,***,***,25,Web development,2023-12-13,Online
15875,***,***,45,Software Engineering,2024-11-27,Online
15876,***,***,26,Machine Learning,2026-10-18,In-person
15877,***,***,24,Data Science,2027-04-21,In-person
15878,***,***,45,Data Science,2027-02-19,Online
15879,***,***,27,Machine Learning,2024-02-27,In-person
15880,***,***,23,Data Science,2023-03-04,In-person
15881,***,***,35,Data Science,2027-01-17,In-person
15882,***,***,31,Software Engineering,2024-04-03,In-person
15883,***,***,35,Web development,2026-08-06,Online
15884,***,***,41,Machine Learning,2027-04-03,In-person
15885,***,***,26,Machine Learning,2023-02-05,Online
15886,***,***,45,Data Engineering,2023-10-30,In-person
15887,***,***,42,Web development,2024-03-09,Online
15888,***,***,28,Web development,2023-02-20,In-person
15889,***,***,27,Software Engineering,2023-04-24,Online
15890,***,***,34,Web development,2026-05-07,In-person
15891,***,***,25,Web development,2025-08-08,Online
15892,***,***,40,Web development,2024-10-31,In-person
15893,***,***,44,Machine Learning,2022-11-20,In-person
15894,***,***,33,Data Science,2027-03-25,In-person
15895,***,***,39,Data Engineering,2024-08-06,In-person
15896,***,***,30,Data Science,2026-01-15,In-person
15897,***,***,24,Machine Learning,2024-10-01,Online
15898,***,***,38,Web development,2024-04-07,In-person
15899,***,***,31,Software Engineering,2026-09-15,In-person
15900,***,***,45,Data Engineering,2024-04-04,In-person
15901,***,***,28,Web development,2023-04-26,Online
15902,***,***,37,Machine Learning,2026-04-27,Online
15903,***,***,22,Machine Learning,2027-02-07,Online
15904,***,***,30,Web development,2024-05-24,In-person
15905,***,***,43,Software Engineering,2027-06-05,Online
15906,***,***,40,Web development,2022-12-01,In-person
15907,***,***,24,Software Engineering,2022-10-21,Online
15908,***,***,26,Data Science,2023-09-16,Online
15909,***,***,29,Machine Learning,2023-11-30,In-person
15910,***,***,26,Data Science,2023-03-05,Online
15911,***,***,28,Data Engineering,2026-03-23,In-person
15912,***,***,32,Data Engineering,2024-12-05,In-person
15913,***,***,42,Data Engineering,2023-08-24,Online
15914,***,***,37,Data Science,2025-03-19,Online
15915,***,***,25,Software Engineering,2023-01-03,Online
15916,***,***,37,Software Engineering,2027-02-05,In-person
15917,***,***,23,Machine Learning,2025-05-11,In-person
15918,***,***,30,Data Engineering,2027-02-17,In-person
15919,***,***,35,Machine Learning,2025-12-04,In-person
15920,***,***,29,Software Engineering,2024-03-05,In-person
15921,***,***,45,Machine Learning,2024-10-06,Online
15922,***,***,23,Machine Learning,2023-01-24,In-person
15923,***,***,25,Web development,2025-10-27,Online
15924,***,***,43,Data Engineering,2027-02-01,In-person
15925,***,***,37,Software Engineering,2026-07-17,In-person
15926,***,***,32,Web development,2026-11-13,In-person
15927,***,***,37,Data Science,2023-05-04,Online
15928,***,***,23,Data Engineering,2024-05-03,Online
15929,***,***,38,Data Engineering,2022-10-27,Online
15930,***,***,24,Software Engineering,2026-08-20,In-person
15931,***,***,31,Software Engineering,2025-02-06,Online
15932,***,***,36,Data Science,2025-02-20,In-person
15933,***,***,38,Software Engineering,2023-11-18,In-person
15934,***,***,45,Machine Learning,2024-04-07,Online
15935,***,***,45,Machine Learning,2026-11-16,Online
15936,***,***,40,Software Engineering,2024-02-27,In-person
15937,***,***,24,Software Engineering,2026-06-01,In-person
15938,***,***,37,Software Engineering,2025-06-04,Online
15939,***,***,32,Software Engineering,2025-05-15,Online
15940,***,***,36,Web development,2023-02-21,Online
15941,***,***,24,Data Science,2025-08-09,Online
15942,***,***,35,Data Engineering,2026-01-12,Online
15943,***,***,28,Machine Learning,2024-11-08,In-person
15944,***,***,36,Data Science,2024-12-04,Online
15945,***,***,44,Data Engineering,2025-09-30,Online
15946,***,***,31,Data Engineering,2026-03-19,In-person
15947,***,***,26,Web development,2024-10-11,Online
15948,***,***,39,Machine Learning,2027-07-29,In-person
15949,***,***,42,Web development,2025-06-03,Online
15950,***,***,29,Data Science,2027-05-08,In-person
15951,***,***,23,Machine Learning,2026-04-17,Online
15952,***,***,37,Data Science,2026-09-06,Online
15953,***,***,37,Data Science,2024-07-22,Online
15954,***,***,28,Software Engineering,2027-09-15,In-person
15955,***,***,39,Data Science,2026-07-15,Online
15956,***,***,41,Data Engineering,2027-09-10,In-person
15957,***,***,22,Machine Learning,2026-04-20,In-person
15958,***,***,25,Data Science,2025-10-12,In-person
15959,***,***,45,Software Engineering,2023-10-23,In-person
15960,***,***,42,Machine Learning,2024-02-19,Online
15961,***,***,26,Data Engineering,2024-03-02,In-person
15962,***,***,43,Software Engineering,2022-11-07,Online
15963,***,***,32,Data Science,2027-05-05,Online
15964,***,***,38,Web development,2023-06-26,Online
15965,***,***,37,Data Engineering,2027-05-04,Online
15966,***,***,38,Data Science,2025-12-20,Online
15967,***,***,43,Data Science,2025-03-11,Online
15968,***,***,25,Software Engineering,2024-10-19,Online
15969,***,***,37,Web development,2025-01-02,Online
15970,***,***,23,Software Engineering,2023-05-17,In-person
15971,***,***,32,Web development,2023-03-18,Online
15972,***,***,30,Software Engineering,2024-03-01,In-person
15973,***,***,36,Software Engineering,2025-03-17,Online
15974,***,***,27,Data Science,2023-04-15,In-person
15975,***,***,29,Data Science,2026-01-25,In-person
15976,***,***,27,Data Science,2023-11-06,In-person
15977,***,***,23,Data Engineering,2027-04-15,In-person
15978,***,***,45,Machine Learning,2024-07-07,Online
15979,***,***,43,Data Science,2024-04-01,In-person
15980,***,***,23,Machine Learning,2024-01-23,Online
15981,***,***,22,Data Engineering,2025-05-02,Online
15982,***,***,43,Software Engineering,2025-11-14,In-person
15983,***,***,22,Data Engineering,2023-12-03,Online
15984,***,***,29,Data Engineering,2026-11-07,In-person
15985,***,***,34,Data Science,2026-12-03,Online
15986,***,***,26,Data Science,2027-03-30,Online
15987,***,***,36,Data Engineering,2025-06-09,In-person
15988,***,***,23,Web development,2023-01-26,In-person
15989,***,***,32,Web development,2023-05-06,In-person
15990,***,***,29,Machine Learning,2026-03-02,Online
15991,***,***,44,Data Science,2024-10-22,Online
15992,***,***,43,Machine Learning,2023-11-30,Online
15993,***,***,37,Web development,2023-03-19,Online
15994,***,***,33,Software Engineering,2023-10-31,Online
15995,***,***,40,Web development,2024-03-10,In-person
15996,***,***,44,Data Science,2026-02-28,Online
15997,***,***,36,Machine Learning,2025-06-27,Online
15998,***,***,27,Machine Learning,2022-12-27,Online
15999,***,***,40,Web development,2026-07-19,Online
16000,***,***,27,Data Science,2027-01-24,Online
16001,***,***,45,Data Science,2027-04-26,In-person
16002,***,***,23,Web development,2027-02-22,Online
16003,***,***,36,Data Science,2023-12-06,In-person
